MCITY,MSTATE,MZIP,data_quality_issue
,,,Bad City
LAKEWOOD,NJ,08701-4894,Bad State
NEW YORK,NY,10011-1031,Bad State
NEW YORK,NY,10012-4279,Bad State
HIGHLAND FALLS,NY,10928-4008,Bad State
NEWTOWN SQ,PA,19073-4428,Bad State
WASHINGTON,DC,20007-2368,Bad State
MIDLOTHIAN,VA,23112-4287,Bad State
NORFOLK,VA,23505-4826,Bad State
COLUMBIA,SC,29223-3292,Bad State
CHESTERFIELD,SC,29709-6255,Bad State
DAWSONVILLE,GA,30534-5775,Bad State
SAVANNAH,GA,31404-3006,Bad State
VALPARAISO,IN,46383-7088,Bad State
MCKINNEY,TX,75070-8182,Bad State
SCOTTSDALE,AZ,85261-4090,Bad State
TEMPE,AZ,85288-1233,Bad State
TEMPE,AZ,85288-7095,Bad State
CALABASAS,CA,91302-4015,Bad State
TEHACHAPI,CA,93561-7012,Bad State
CONCORD,CA,94520-2609,Bad State
SAN JOSE,CA,95131-3050,Bad State
STOCKTON,CA,95209-4212,Bad State
ANNAPOLIS,MD,21403-3384,Bad State
MYRTLE BEACH,SC,29577-3239,Bad State
JACKSONVILLE,FL,32256-3742,Bad State
KELLER,TX,76248-5227,Bad State
DUBLIN,CA,94568-7646,Bad State
SOUTH GRAFTON,MA,01560-1261,Bad State
FRAMINGHAM,MA,01701-3694,Bad State
HOPKINTON,MA,01748-1329,Bad State
TYNGSBORO,MA,01879-2735,Bad State
SHARON,MA,02067-3135,Bad State
CAMBRIDGE,MA,02138-4833,Bad State
SOMERVILLE,MA,02145-2921,Bad State
EAST WEYMOUTH,MA,02189-2948,Bad State
BOSTON,MA,02210-2041,Bad State
WESTON,MA,02493-1039,Bad State
PROVINCETOWN,MA,02657-1606,Bad State
BARRINGTON,RI,02806-4856,Bad State
CUMBERLAND,RI,02864-4359,Bad State
NASHUA,NH,03062-3084,Bad State
WHITING,ME,04691-3224,Bad State
VERNON,CT,06066-5256,Bad State
MADISON,CT,06443-8016,Bad State
CARTERET,NJ,07008-2174,Bad State
HOBOKEN,NJ,07030-3079,Bad State
HOBOKEN,NJ,07030-6382,Bad State
HOBOKEN,NJ,07030-7704,Bad State
SCOTCH PLAINS,NJ,07076-4662,Bad State
WESTFIELD,NJ,07090-3439,Bad State
MOUNTAINSIDE,NJ,07092-1514,Bad State
SECAUCUS,NJ,07094-4426,Bad State
FAIR LAWN,NJ,07410-2941,Bad State
GLEN ROCK,NJ,07452-1538,Bad State
TETERBORO,NJ,07608-1216,Bad State
MONTVALE,NJ,07645-1765,Bad State
NORWOOD,NJ,07648-1612,Bad State
RIDGEFIELD,NJ,07657-1200,Bad State
NEPTUNE,NJ,07753-4319,Bad State
GILLETTE,NJ,07933-1807,Bad State
BELLE MEAD,NJ,08502-5852,Bad State
PLAINSBORO,NJ,08536-3137,Bad State
EAST BRUNSWICK,NJ,08816-2450,Bad State
MONROE TOWNSHIP,NJ,08831-2379,Bad State
MONROE,NJ,08831-5144,Bad State
KEASBEY,NJ,08832-1049,Bad State
HILLSBOROUGH,NJ,08844-4983,Bad State
HILLSBOROUGH,NJ,08844-8117,Bad State
MONMOUTH JUNCTION,NJ,08852-2752,Bad State
SOMERSET,NJ,08873-7484,Bad State
NEW YORK,NY,10001-4917,Bad State
NEW YORK,NY,10003-6409,Bad State
NEW YORK,NY,10012-4733,Bad State
NEW YORK,NY,10014-1634,Bad State
NEW YORK,NY,10017-2422,Bad State
NEW YORK,NY,10019-3054,Bad State
NEW YORK,NY,10033-1911,Bad State
NEW YORK,NY,10113-1951,Bad State
BRONX,NY,10463-1723,Bad State
NANUET,NY,10954-3852,Bad State
PEARL RIVER,NY,10965-1319,Bad State
MANHASSET,NY,11030-3814,Bad State
BROOKLYN,NY,11228-1007,Bad State
BROOKLYN,NY,11249-1597,Bad State
FLUSHING,NY,11354-2653,Bad State
FLUSHING,NY,11354-3303,Bad State
FLUSHING,NY,11355-2879,Bad State
FLUSHING,NY,11355-3207,Bad State
FLUSHING,NY,11357-3124,Bad State
EAST ELMHURST,NY,11369-1416,Bad State
SAINT ALBANS,NY,11412-3001,Bad State
LAWRENCE,NY,11559-1605,Bad State
OCEANSIDE,NY,11572-2936,Bad State
WESTBURY,NY,11590-1417,Bad State
WESTBURY,NY,11590-1918,Bad State
CENTRAL ISLIP,NY,11722-2019,Bad State
EAST NORWICH,NY,11732-1416,Bad State
JERICHO,NY,11753-1018,Bad State
MOUNT SINAI,NY,11766-2330,Bad State
HICKSVILLE,NY,11801-3422,Bad State
ALBANY,NY,12203-5125,Bad State
TONAWANDA,NY,14150-6704,Bad State
CHAUTAUQUA,NY,14722-0014,Bad State
CHESWICK,PA,15024-2356,Bad State
PITTSBURGH,PA,15241-2226,Bad State
EVANS CITY,PA,16033-7959,Bad State
BENSALEM,PA,19020-1640,Bad State
FORT WASHINGTON,PA,19034-3420,Bad State
PHILADELPHIA,PA,19103-2128,Bad State
PHILADELPHIA,PA,19118-8311,Bad State
PHILADELPHIA,PA,19146-2826,Bad State
PHILADELPHIA,PA,19197-0001,Bad State
BERWYN,PA,19312-1368,Bad State
COCHRANVILLE,PA,19330-9449,Bad State
NEWARK,DE,19711-2494,Bad State
WASHINGTON,DC,20015-2138,Bad State
ALDIE,VA,20105-4013,Bad State
STONE RIDGE,VA,20105-4016,Bad State
ALDIE,VA,20105-4016,Bad State
ALDIE,VA,20105-4101,Bad State
CLIFTON,VA,20124-1538,Bad State
BRAMBLETON,VA,20148-5701,Bad State
ASHBURN,VA,20148-6741,Bad State
BRAMBLETON,VA,20148-8089,Bad State
HERNDON,VA,20171-2493,Bad State
LEESBURG,VA,20176-8252,Bad State
WARRENTON,VA,20186-2655,Bad State
BELTSVILLE,MD,20705,Bad State
LAUREL,MD,20723-5988,Bad State
FORT WASHINGTON,MD,20744-6922,Bad State
DERWOOD,MD,20855-2546,Bad State
GERMANTOWN,MD,20874-2246,Bad State
ELLICOTT CITY,MD,21042-2108,Bad State
OWINGS MILLS,MD,21117-6116,Bad State
BALTIMORE,MD,21224-4906,Bad State
ANNAPOLIS,MD,21401-1427,Bad State
STEVENSVILLE,MD,21666-2598,Bad State
FAIRFAX,VA,22031-4471,Bad State
FALLS CHURCH,VA,22041-2506,Bad State
FALLS CHURCH,VA,22043-1411,Bad State
MC LEAN,VA,22102-1014,Bad State
SPRINGFIELD,VA,22150-2452,Bad State
WOODBRIDGE,VA,22191-4937,Bad State
ALEXANDRIA,VA,22301-2511,Bad State
STAFFORD,VA,22554-2047,Bad State
STAFFORD,VA,22556-6325,Bad State
LAKE FREDERICK,VA,22630-2369,Bad State
GLEN ALLEN,VA,23059-5951,Bad State
HENRICO,VA,23229-6071,Bad State
CHESAPEAKE,VA,23321-1388,Bad State
SUFFOLK,VA,23434-3766,Bad State
VIRGINIA BEACH,VA,23452-5765,Bad State
VIRGINIA BEACH,VA,23452-7488,Bad State
VIRGINIA BEACH,VA,23454-5756,Bad State
YORKTOWN,VA,23693-2050,Bad State
BRACEY,VA,23919-2903,Bad State
BLACKSBURG,VA,24060-8774,Bad State
LYNCHBURG,VA,24502-4907,Bad State
FOREST,VA,24551-3188,Bad State
ALUM CREEK,WV,25003-0009,Bad State
DAVIS,WV,26260-9737,Bad State
COLUMBIA,SC,29212-8020,Bad State
COLUMBIA,SC,29229-6841,Bad State
MT PLEASANT,SC,29464-4814,Bad State
FORT MILL,SC,29708-0137,Bad State
NORTH AUGUSTA,SC,29860-8042,Bad State
BEAUFORT,SC,29902-6606,Bad State
FAYETTEVILLE,GA,30214-7335,Bad State
ATLANTA,GA,30305-1717,Bad State
ATLANTA,GA,30325-0197,Bad State
ATLANTA,GA,30341-4620,Bad State
ATLANTA,GA,30363-1246,Bad State
NEW SMYRNA BEACH,FL,32168-2495,Bad State
JACKSONVILLE,FL,32225-7121,Bad State
JACKSONVILLE,FL,32226-5069,Bad State
GAINESVILLE,FL,32608-9177,Bad State
ALTAMONTE SPRINGS,FL,32714-3164,Bad State
WINTER PARK,FL,32789-4226,Bad State
ORLANDO,FL,32803-7102,Bad State
ORLANDO,FL,32817-2322,Bad State
WEST MELBOURNE,FL,32904-2105,Bad State
SEBASTIAN,FL,32958-4976,Bad State
MIAMI LAKES,FL,33016-1502,Bad State
MIAMI BEACH,FL,33119-0204,Bad State
MIAMI BEACH,FL,33139-2168,Bad State
MIAMI,FL,33196-5653,Bad State
FORT LAUDERDALE,FL,33304-3440,Bad State
OAKLAND PARK,FL,33334-2806,Bad State
WELLINGTON,FL,33414-4407,Bad State
BOCA RATON,FL,33431-8147,Bad State
JUPITER,FL,33458-7412,Bad State
DELRAY BEACH,FL,33483-6808,Bad State
BOCA RATON,FL,33487-3206,Bad State
BOCA RATON,FL,33496-1229,Bad State
WESLEY CHAPEL,FL,33545-4531,Bad State
TEMPLE TERRACE,FL,33617-3163,Bad State
ST PETERSBURG,FL,33709-4512,Bad State
LAKELAND,FL,33803-2242,Bad State
FORT MYERS,FL,33905-5378,Bad State
PUNTA GORDA,FL,33950-6610,Bad State
NAPLES,FL,34104-5408,Bad State
NAPLES,FL,34113-3148,Bad State
POINCIANA,FL,34759-3124,Bad State
PORT ST LUCIE,FL,34984-2314,Bad State
VESTAVIA,AL,35243-3168,Bad State
BIRMINGHAM,AL,35253-0710,Bad State
FORT NOVOSEL,AL,36362-2325,Bad State
AUBURN,AL,36830-4128,Bad State
FRANKLIN,TN,37064-4622,Bad State
NASHVILLE,TN,37203-1097,Bad State
ATHENS,TN,37303-2853,Bad State
CHATTANOOGA,TN,37421-2869,Bad State
LEXINGTON,KY,40555-4788,Bad State
FORT THOMAS,KY,41075-1257,Bad State
UNION,KY,41091-9075,Bad State
POWELL,OH,43065-9065,Bad State
LAGRANGE,OH,44050-9001,Bad State
CLEVELAND,OH,44124-5783,Bad State
CINCINNATI,OH,45208-1113,Bad State
BEAVERCREEK,OH,45434-0805,Bad State
CARMEL,IN,46033-7787,Bad State
SAINT CLAIR,MI,48079-5335,Bad State
ROCHESTER HILLS,MI,48307-3583,Bad State
EAST LANSING,MI,48823-6193,Bad State
HOLLAND,MI,49424-2241,Bad State
ANKENY,IA,50023-9570,Bad State
IOWA CITY,IA,52240-8593,Bad State
MEQUON,WI,53097-2719,Bad State
BURLINGTON,WI,53105-9191,Bad State
MENASHA,WI,54952-8820,Bad State
PLAINFIELD,WI,54966-7833,Bad State
WOODBURY,MN,55129-8379,Bad State
HOPKINS,MN,55343-7456,Bad State
PLYMOUTH,MN,55446-1689,Bad State
SIOUX FALLS,SD,57186-0001,Bad State
LOMBARD,IL,60148-4259,Bad State
AURORA,IL,60503-8577,Bad State
CHICAGO,IL,60607-3494,Bad State
CHICAGO,IL,60637-2725,Bad State
CHICAGO,IL,60654,Bad State
CHICAGO,IL,60661-1349,Bad State
DECATUR,IL,62522-2753,Bad State
SPRINGFIELD,IL,62704-7215,Bad State
RAYMORE,MO,64083-0200,Bad State
SPRINGFIELD,MO,65802-2210,Bad State
OMAHA,NE,68116-2342,Bad State
LAFAYETTE,LA,70503-5484,Bad State
FAYETTEVILLE,AR,72704-5478,Bad State
FRISCO,TX,75033-3311,Bad State
FRISCO,TX,75036-1211,Bad State
PLANO,TX,75093-7542,Bad State
CEDAR HILL,TX,75106-0398,Bad State
DALLAS,TX,75231-6413,Bad State
DALLAS,TX,75248,Bad State
DALLAS,TX,75252-5663,Bad State
LANTANA,TX,76226-1427,Bad State
KELLER,TX,76248-2175,Bad State
HOUSTON,TX,77005-4023,Bad State
HOUSTON,TX,77014-1345,Bad State
HOUSTON,TX,77043-4718,Bad State
HUMBLE,TX,77346-4140,Bad State
LEANDER,TX,78641-4259,Bad State
AUSTIN,TX,78704-0213,Bad State
AUSTIN,TX,78734-1825,Bad State
DEL RIO,TX,78840-2543,Bad State
AURORA,CO,80011-8953,Bad State
DENVER,CO,80202-1268,Bad State
DENVER,CO,80202-6213,Bad State
DENVER,CO,80206-1402,Bad State
DENVER,CO,80211-5057,Bad State
GEORGETOWN,CO,80444-5061,Bad State
OAK CREEK,CO,80467-8541,Bad State
BOISE,ID,83714-1776,Bad State
SALT LAKE CITY,UT,84102-2007,Bad State
SALT LAKE CITY,UT,84171-6001,Bad State
PHOENIX,AZ,85004-1120,Bad State
PHOENIX,AZ,85012-2072,Bad State
PHOENIX,AZ,85038-9046,Bad State
GILBERT,AZ,85233-6223,Bad State
GILBERT,AZ,85234-7676,Bad State
SCOTTSDALE,AZ,85255-5686,Bad State
HENDERSON,NV,89014-2069,Bad State
LAS VEGAS,NV,89107-2623,Bad State
LAS VEGAS,NV,89121-2257,Bad State
LAS VEGAS,NV,89138-4752,Bad State
LOS ANGELES,CA,90004-1610,Bad State
LOS ANGELES,CA,90071-3151,Bad State
BEVERLY HILLS,CA,90209-5613,Bad State
HAWTHORNE,CA,90251-2274,Bad State
REDONDO BEACH,CA,90278-1414,Bad State
PLAYA DEL REY,CA,90293-8455,Bad State
CYPRESS,CA,90630-3016,Bad State
ARCADIA,CA,91006-1653,Bad State
GLENDALE,CA,91201-2349,Bad State
WESTLAKE VILLAGE,CA,91362-5223,Bad State
SHERMAN OAKS,CA,91423-3422,Bad State
BURBANK,CA,91502-2541,Bad State
COVINA,CA,91723-1722,Bad State
ONTARIO,CA,91761-4846,Bad State
DIAMOND BAR,CA,91765-1486,Bad State
WEST COVINA,CA,91790-2004,Bad State
CARLSBAD,CA,92008-4209,Bad State
CARLSBAD,CA,92013-0339,Bad State
EL CAJON,CA,92020-7873,Bad State
ENCINITAS,CA,92024-5241,Bad State
SAN MARCOS,CA,92078-1052,Bad State
SAN DIEGO,CA,92109-3190,Bad State
SAN DIEGO,CA,92126-1900,Bad State
SAN DIEGO,CA,92127-4422,Bad State
SAN DIEGO,CA,92128-6511,Bad State
SAN DIEGO,CA,92129-4606,Bad State
SAN DIEGO,CA,92130-1305,Bad State
SAN DIEGO,CA,92130-2740,Bad State
RIVERSIDE,CA,92501-1787,Bad State
IRVINE,CA,92620-2230,Bad State
LAGUNA HILLS,CA,92653-5894,Bad State
SAN JUAN CAPISTRANO,CA,92675-4915,Bad State
LAGUNA NIGUEL,CA,92677-7541,Bad State
SIMI VALLEY,CA,93063-3980,Bad State
SHAFTER,CA,93263-2265,Bad State
BURLINGAME,CA,94010-5244,Bad State
HILLSBOROUGH,CA,94010-6706,Bad State
HILLSBOROUGH,CA,94010-7141,Bad State
MENLO PARK,CA,94025-3558,Bad State
REDWOOD CITY,CA,94063-3525,Bad State
SUNNYVALE,CA,94086-5114,Bad State
SUNNYVALE,CA,94087-5801,Bad State
SAN FRANCISCO,CA,94109-0003,Bad State
SAN FRANCISCO,CA,94111-2584,Bad State
SAN FRANCISCO,CA,94114-2129,Bad State
SAN MATEO,CA,94403-4318,Bad State
FOSTER CITY,CA,94404-1720,Bad State
FOSTER CITY,CA,94404-3803,Bad State
DANVILLE,CA,94526-1624,Bad State
FREMONT,CA,94536-4761,Bad State
FREMONT,CA,94536-6508,Bad State
FREMONT,CA,94539-4615,Bad State
FREMONT,CA,94539-5025,Bad State
LIVERMORE,CA,94550-6160,Bad State
CASTRO VALLEY,CA,94552-5460,Bad State
FREMONT,CA,94555-3506,Bad State
NEWARK,CA,94560-5555,Bad State
PLEASANTON,CA,94566-6976,Bad State
SAN RAMON,CA,94582-3079,Bad State
SAN RAMON,CA,94582-5140,Bad State
SAN RAMON,CA,94583-2164,Bad State
PLEASANTON,CA,94588-8370,Bad State
OAKLAND,CA,94609-2369,Bad State
RICHMOND,CA,94807-0191,Bad State
SAN RAFAEL,CA,94901-5255,Bad State
MILL VALLEY,CA,94941-2020,Bad State
PETALUMA,CA,94954-7482,Bad State
CUPERTINO,CA,95014-0449,Bad State
CUPERTINO,CA,95014-3945,Bad State
CUPERTINO,CA,95014-4516,Bad State
CUPERTINO,CA,95014-5235,Bad State
LOS GATOS,CA,95030-3101,Bad State
LOS GATOS,CA,95032-4039,Bad State
MILPITAS,CA,95035-3831,Bad State
MILPITAS,CA,95035-5718,Bad State
SANTA CLARA,CA,95051-6813,Bad State
SARATOGA,CA,95070,Bad State
SARATOGA,CA,95070-3827,Bad State
SARATOGA,CA,95070-5677,Bad State
SAN JOSE,CA,95120-1739,Bad State
SAN JOSE,CA,95122-4405,Bad State
SAN JOSE,CA,95125-4568,Bad State
SAN JOSE,CA,95127-5201,Bad State
SAN JOSE,CA,95133-1794,Bad State
SAN JOSE,CA,95136-3781,Bad State
STOCKTON,CA,95206-5210,Bad State
STOCKTON,CA,95219-2032,Bad State
TRACY,CA,95376-8308,Bad State
FOLSOM,CA,95630-7322,Bad State
LOOMIS,CA,95650-8042,Bad State
ROSEVILLE,CA,95661-6055,Bad State
KANEOHE,HI,96744-2036,Bad State
KANEOHE,HI,96744-2750,Bad State
PORTLAND,OR,97219-1643,Bad State
PORTLAND,OR,97229-4662,Bad State
BEND,OR,97703-7752,Bad State
COVE,OR,97824-0327,Bad State
BELLEVUE,WA,98006-4384,Bad State
REDMOND,WA,98052-1265,Bad State
SNOQUALMIE,WA,98065-8907,Bad State
SAMMAMISH,WA,98074-5107,Bad State
ANCHORAGE,AK,99507-1276,Bad State
STERLING,AK,99672-9402,Bad State
HAINES,AK,99827-0473,Bad State
BOXBOROUGH,MA,01719-1242,Bad State
CANTON,MA,02021-2072,Bad State
FRANKLIN,MA,02038-2831,Bad State
SHARON,MA,02067-3133,Bad State
BOSTON,MA,02109-1812,Bad State
NASHUA,NH,03062-3080,Bad State
FITZWILLIAM,NH,03447-3155,Bad State
STAMFORD,CT,06902-8928,Bad State
WATCHUNG,NJ,07069-6150,Bad State
CEDAR KNOLLS,NJ,07927-2053,Bad State
MOUNT LAUREL,NJ,08054-4611,Bad State
PRINCETON,NJ,08540-7337,Bad State
EDISON,NJ,08820-2908,Bad State
EDISON,NJ,08820-3488,Bad State
NEW YORK,NY,10013-5347,Bad State
NEW YORK,NY,10166-0025,Bad State
BRONX,NY,10465-1720,Bad State
RYE BROOK,NY,10573-2828,Bad State
SOUTH SALEM,NY,10590-1509,Bad State
MONROE,NY,10950-3000,Bad State
GREAT NECK,NY,11021-5320,Bad State
BROOKLYN,NY,11218-3750,Bad State
BROOKLYN,NY,11222-2432,Bad State
FOREST HILLS,NY,11375-4526,Bad State
EAST MEADOW,NY,11554-4013,Bad State
BABYLON,NY,11702-4211,Bad State
DEER PARK,NY,11729-2031,Bad State
JERICHO,NY,11753-2122,Bad State
EAST SYRACUSE,NY,13057-3078,Bad State
UTICA,NY,13502-6706,Bad State
BALA CYNWYD,PA,19004-2122,Bad State
PHILADELPHIA,PA,19125-3216,Bad State
CHANTILLY,VA,20151-4203,Bad State
HAYMARKET,VA,20169-3228,Bad State
HAYMARKET,VA,20169-3275,Bad State
ARNOLD,MD,21012-3024,Bad State
CLARKSVILLE,MD,21029-1473,Bad State
ELLICOTT CITY,MD,21043-7459,Bad State
MC LEAN,VA,22102-3588,Bad State
CHESAPEAKE,VA,23321-1311,Bad State
ROANOKE,VA,24015-5412,Bad State
SOUTH BOSTON,VA,24592-5051,Bad State
CHARLES TOWN,WV,25414-5986,Bad State
MAULDIN,SC,29662-2597,Bad State
BLUFFTON,SC,29910-4724,Bad State
DECATUR,GA,30030-3542,Bad State
ROSWELL,GA,30076-4375,Bad State
NORCROSS,GA,30092-2946,Bad State
SANDY SPRINGS,GA,30328-8144,Bad State
ATLANTA,GA,30338-5534,Bad State
ATLANTA,GA,30339-5062,Bad State
BUFORD,GA,30518-3272,Bad State
ORLANDO,FL,32801-3339,Bad State
HOLLYWOOD,FL,33020-5018,Bad State
PEMBROKE PINES,FL,33025-4700,Bad State
MIAMI,FL,33133-3793,Bad State
AVENTURA,FL,33180-3053,Bad State
RIVIERA BEACH,FL,33404-2710,Bad State
PALM BEACH GARDENS,FL,33418-3776,Bad State
TAMPA,FL,33634-6334,Bad State
PUNTA GORDA,FL,33950-2007,Bad State
MARCO ISLAND,FL,34146-1268,Bad State
SARASOTA,FL,34240-9539,Bad State
VESTAVIA,AL,35242-2225,Bad State
NASHVILLE,TN,37205-2216,Bad State
LAWRENCEBURG,TN,38464-7387,Bad State
LOUISVILLE,KY,40241-5153,Bad State
DUBLIN,OH,43017-5452,Bad State
INDIANAPOLIS,IN,46240-2050,Bad State
BLOOMFIELD HILLS,MI,48304-5093,Bad State
HOWELL,MI,48843-5816,Bad State
OKEMOS,MI,48864-5921,Bad State
GRAND RAPIDS,MI,49525-9733,Bad State
GALLATIN GATEWAY,MT,59730-0032,Bad State
NORTHBROOK,IL,60062-7913,Bad State
AURORA,IL,60502-1319,Bad State
CHICAGO,IL,60601-2026,Bad State
CHICAGO,IL,60603-1887,Bad State
CREVE COEUR,MO,63141-9000,Bad State
OVERLAND PARK,KS,66223-2989,Bad State
BAXTER SPRINGS,KS,66713-1544,Bad State
PLANO,TX,75024-6616,Bad State
DALLAS,TX,75219-3936,Bad State
FT WORTH,TX,76123-2145,Bad State
MAGNOLIA,TX,77354-6866,Bad State
AUSTIN,TX,78746-7085,Bad State
DENVER,CO,80224-2355,Bad State
MURRAY,UT,84107-8121,Bad State
SALT LAKE CITY,UT,84171-0870,Bad State
SCOTTSDALE,AZ,85259,Bad State
SURPRISE,AZ,85387-8248,Bad State
PLAYA VISTA,CA,90094-3152,Bad State
GLENDALE,CA,91221-5025,Bad State
WEST HILLS,CA,91304-2341,Bad State
CARLSBAD,CA,92018-0847,Bad State
SAN DIEGO,CA,92109-3008,Bad State
IRVINE,CA,92603-3714,Bad State
LAGUNA HILLS,CA,92653-7564,Bad State
MONTEREY,CA,93940-2005,Bad State
BELMONT,CA,94002-0364,Bad State
BURLINGAME,CA,94010-7212,Bad State
SUNNYVALE,CA,94087-4138,Bad State
DANVILLE,CA,94506-1363,Bad State
FREMONT,CA,94536-1581,Bad State
FREMONT,CA,94539-5370,Bad State
FREMONT,CA,94539-7552,Bad State
FREMONT,CA,94555-2916,Bad State
PLEASANTON,CA,94566-6323,Bad State
DUBLIN,CA,94568-1436,Bad State
MILL VALLEY,CA,94941-6006,Bad State
CUPERTINO,CA,95014-3104,Bad State
CUPERTINO,CA,95014-4357,Bad State
SARATOGA,CA,95070-3228,Bad State
SARATOGA,CA,95070-5208,Bad State
SAN JOSE,CA,95116-3631,Bad State
SAN JOSE,CA,95120-1813,Bad State
SAN JOSE,CA,95120-2151,Bad State
SAN JOSE,CA,95124-5337,Bad State
SAN JOSE,CA,95124-6411,Bad State
SAN JOSE,CA,95129-4452,Bad State
SAN JOSE,CA,95134-3550,Bad State
PORTLAND,OR,97229-7105,Bad State
BELLEVUE,WA,98006-5039,Bad State
SPOKANE,WA,99204-3651,Bad State
ANDOVER,MA,01810-6050,Bad State
NEW YORK,NY,10024-6140,Bad State
NEW YORK,NY,10038-3641,Bad State
ELMHURST,NY,11373-5517,Bad State
CORNING,NY,14830-2303,Bad State
PHILADELPHIA,PA,19139-4480,Bad State
MIDDLETOWN,DE,19709-5200,Bad State
ALDIE,VA,20105-2678,Bad State
BROADLANDS,VA,20148-4547,Bad State
ASHBURN,VA,20148-6759,Bad State
CHANTILLY,VA,20152-5953,Bad State
CHANTILLY,VA,20152-6421,Bad State
GLEN ALLEN,VA,23059-5953,Bad State
CUMMING,GA,30040-5920,Bad State
PLANO,TX,75093-5029,Bad State
HOUSTON,TX,77079-5013,Bad State
LEANDER,TX,78641-5308,Bad State
AUSTIN,TX,78717-5040,Bad State
CANOGA PARK,CA,91304-6033,Bad State
IRVINE,CA,92618-5956,Bad State
MENLO PARK,CA,94025-6205,Bad State
PALO ALTO,CA,94306-3203,Bad State
FREMONT,CA,94538-6274,Bad State
LIVERMORE,CA,94550-4714,Bad State
FREMONT,CA,94555-3031,Bad State
SAN JOSE,CA,95127-1133,Bad State
FOLSOM,CA,95630-6014,Bad State
SNOHOMISH,WA,98296-3964,Bad State
WASHOUGAL,WA,98671-8587,Bad State
CHRISTIANSTED,VI,00823-8606,Bad State
EASTHAMPTON,MA,01027-2515,Bad State
SOUTHBOROUGH,MA,01772-1774,Bad State
ANDOVER,MA,01810-2973,Bad State
WESTFORD,MA,01886-2229,Bad State
CANTON,MA,02021-3005,Bad State
SHARON,MA,02067-2447,Bad State
CAMBRIDGE,MA,02141-1436,Bad State
EVERETT,MA,02149-2604,Bad State
MELROSE,MA,02176-1304,Bad State
CENTERVILLE,MA,02632-2603,Bad State
CHARLESTOWN,RI,02813-6104,Bad State
NASHUA,NH,03062-3087,Bad State
NASHUA,NH,03062-4538,Bad State
JEFFERSON,ME,04348-4063,Bad State
BOTSFORD,CT,06404-0210,Bad State
FAIRFIELD,CT,06824-1707,Bad State
LIVINGSTON,NJ,07039-3111,Bad State
RUTHERFORD,NJ,07070-2726,Bad State
WALDWICK,NJ,07463-1757,Bad State
SHREWSBURY,NJ,07702-4135,Bad State
NEPTUNE,NJ,07753-3187,Bad State
SUMMIT,NJ,07901-4903,Bad State
LAWRENCEVILLE,NJ,08648-2679,Bad State
EDISON,NJ,08820-3549,Bad State
ISELIN,NJ,08830-1516,Bad State
PISCATAWAY,NJ,08854-1477,Bad State
SOMERSET,NJ,08873-2760,Bad State
N BRUNSWICK,NJ,08902-5598,Bad State
DPO,AE,09827,Bad State
NEW YORK,NY,10002-2347,Bad State
NEW YORK,NY,10069-0120,Bad State
NEW YORK,NY,10282-1029,Bad State
CROTON ON HUDSON,NY,10521-0455,Bad State
PURCHASE,NY,10577-1935,Bad State
MIDDLETOWN,NY,10941-8801,Bad State
WEST POINT,NY,10996-1216,Bad State
FRANKLIN SQUARE,NY,11010-1918,Bad State
ASTORIA,NY,11102-4587,Bad State
FLUSHING,NY,11355-1812,Bad State
COLLEGE POINT,NY,11356-1024,Bad State
CAMBRIA HEIGHTS,NY,11411-1129,Bad State
JAMAICA,NY,11433-3936,Bad State
ROOSEVELT,NY,11575-2423,Bad State
NORTH BELLMORE,NY,11710-5554,Bad State
EAST ISLIP,NY,11730-3205,Bad State
WOODBURY,NY,11797-1507,Bad State
MANORVILLE,NY,11949-3106,Bad State
MECHANICVILLE,NY,12118-3405,Bad State
FISHKILL,NY,12524-4902,Bad State
POUGHKEEPSIE,NY,12603-1721,Bad State
POUGHKEEPSIE,NY,12603-6244,Bad State
BOVINA CENTER,NY,13740-0059,Bad State
ROCHESTER,NY,14616-2741,Bad State
WATKINS GLEN,NY,14891-1354,Bad State
PITTSBURGH,PA,15201-1509,Bad State
STATE COLLEGE,PA,16801-3061,Bad State
MACUNGIE,PA,18062-8869,Bad State
EAST STROUDSBURG,PA,18301-9364,Bad State
COLMAR,PA,18915-3104,Bad State
YARDLEY,PA,19067-4377,Bad State
PHILADELPHIA,PA,19146-3959,Bad State
BERWYN,PA,19312-1433,Bad State
BERWYN,PA,19312-1978,Bad State
COATESVILLE,PA,19320-1224,Bad State
DOWNINGTOWN,PA,19335-1098,Bad State
WEST CHESTER,PA,19382-7314,Bad State
WILMINGTON,DE,19808-2947,Bad State
WASHINGTON,DC,20001-9080,Bad State
ASHBURN,VA,20147-2704,Bad State
ASHBURN,VA,20147-3192,Bad State
BRAMBLETON,VA,20148-4924,Bad State
STERLING,VA,20165-6482,Bad State
STERLING,VA,20166-2744,Bad State
ACCOKEEK,MD,20607-3463,Bad State
LAUREL,MD,20708-2451,Bad State
SAVAGE,MD,20763-0357,Bad State
BETHESDA,MD,20817-6613,Bad State
ROCKVILLE,MD,20850-1106,Bad State
ROCKVILLE,MD,20850-7751,Bad State
ROCKVILLE,MD,20853-2813,Bad State
POTOMAC,MD,20854-1118,Bad State
POTOMAC,MD,20854-1458,Bad State
BEL AIR,MD,21014-5461,Bad State
HANOVER,MD,21076-2047,Bad State
SEVERN,MD,21144-6812,Bad State
STEVENSVILLE,MD,21666-2614,Bad State
WOODBINE,MD,21797-8309,Bad State
BURKE,VA,22015-2042,Bad State
ARLINGTON,VA,22201-4502,Bad State
ALEXANDRIA,VA,22314-1054,Bad State
ALEXANDRIA,VA,22314-2413,Bad State
PALMYRA,VA,22963-1001,Bad State
GLEN ALLEN,VA,23059-7121,Bad State
ROCKVILLE,VA,23146-1526,Bad State
WILLIAMSBURG,VA,23188-7457,Bad State
NORTH CHESTERFIELD,VA,23234-4797,Bad State
VIRGINIA BEACH,VA,23453-5510,Bad State
VIRGINIA BEACH,VA,23455-5555,Bad State
NORFOLK,VA,23503-2313,Bad State
PARKERSBURG,WV,26101-6140,Bad State
LEXINGTON,SC,29073-7157,Bad State
MT PLEASANT,SC,29464-5140,Bad State
DILLON,SC,29536-2120,Bad State
LITTLE RIVER,SC,29566-7582,Bad State
PAWLEYS ISLAND,SC,29585-6006,Bad State
ANDERSON,SC,29625-6240,Bad State
GREER,SC,29651-7660,Bad State
INDIAN LAND,SC,29707-5898,Bad State
INDIAN LAND,SC,29707-9629,Bad State
ROCK HILL,SC,29732-8272,Bad State
SUWANEE,GA,30024-8622,Bad State
MARIETTA,GA,30064-4714,Bad State
STONE MOUNTAIN,GA,30088-1828,Bad State
BROOKS,GA,30205-2401,Bad State
BROOKHAVEN,GA,30319-4816,Bad State
ATLANTA,GA,30326-1118,Bad State
ATLANTA,GA,30326-1927,Bad State
ATLANTA,GA,30339-8146,Bad State
BUFORD,GA,30519-7676,Bad State
GREENSBORO,GA,30642-4898,Bad State
SAVANNAH,GA,31411-1722,Bad State
PONTE VEDRA BEACH,FL,32082-3013,Bad State
JACKSONVILLE,FL,32216-4346,Bad State
ORLANDO,FL,32829-8235,Bad State
PEMBROKE PINES,FL,33028-2601,Bad State
KEY WEST,FL,33040-3763,Bad State
PALMETTO BAY,FL,33157-5699,Bad State
SUNNY ISLES BEACH,FL,33160-3410,Bad State
MIAMI,FL,33196-3056,Bad State
FT LAUDERDALE,FL,33304-3525,Bad State
SUNRISE,FL,33322-1028,Bad State
BOCA RATON,FL,33481-0850,Bad State
RIVERVIEW,FL,33578-8411,Bad State
TAMPA,FL,33604-6146,Bad State
TAMPA,FL,33625-3712,Bad State
TAMPA,FL,33626-3330,Bad State
SAINT PETERSBURG,FL,33703-4846,Bad State
SAINT PETERSBURG,FL,33710-3427,Bad State
ST PETERSBURG,FL,33742-3559,Bad State
NAPLES,FL,34119-9776,Bad State
BRADENTON,FL,34203-4029,Bad State
FRANKLIN,TN,37067-8556,Bad State
NASHVILLE,TN,37219-1238,Bad State
KNOXVILLE,TN,37919-4905,Bad State
FARRAGUT,TN,37934-5319,Bad State
LEXINGTON,KY,40513-1478,Bad State
MOUNT VERNON,OH,43050-8219,Bad State
ZANESVILLE,OH,43701-6982,Bad State
SOLON,OH,44139-4056,Bad State
CINCINNATI,OH,45202-6042,Bad State
CINCINNATI,OH,45249-1229,Bad State
MIAMISBURG,OH,45342-4956,Bad State
ARGOS,IN,46501-9330,Bad State
TROY,MI,48098-4390,Bad State
ANN ARBOR,MI,48103-9377,Bad State
BLOOMFIELD HILLS,MI,48301-4014,Bad State
WEST BLOOMFIELD,MI,48322-3615,Bad State
SHELL ROCK,IA,50670-1053,Bad State
BROOKFIELD,WI,53005-1337,Bad State
WAUNAKEE,WI,53597-9748,Bad State
SHAKOPEE,MN,55379-5906,Bad State
SIOUX FALLS,SD,57103-7088,Bad State
WHITEFISH,MT,59937-2312,Bad State
PALATINE,IL,60074-2988,Bad State
BLOOMINGDALE,IL,60108-8815,Bad State
OAK PARK,IL,60302-1015,Bad State
BOLINGBROOK,IL,60440-6164,Bad State
CHICAGO,IL,60606-2866,Bad State
INDEPENDENCE,KS,67301-8663,Bad State
NEW ORLEANS,LA,70131-3330,Bad State
BATON ROUGE,LA,70802-8540,Bad State
BENTONVILLE,AR,72713-3245,Bad State
ALLEN,TX,75013-5318,Bad State
FRISCO,TX,75035-1286,Bad State
MCKINNEY,TX,75069-2555,Bad State
DALLAS,TX,75201-2633,Bad State
DALLAS,TX,75201-2966,Bad State
DALLAS,TX,75265-0043,Bad State
BELTON,TX,76513-7679,Bad State
RICHMOND,TX,77407-1789,Bad State
LEAGUE CITY,TX,77573-4796,Bad State
GEORGETOWN,TX,78628-1126,Bad State
PFLUGERVILLE,TX,78660-5975,Bad State
AUSTIN,TX,78704-8707,Bad State
AUSTIN,TX,78714-0160,Bad State
AUSTIN,TX,78739-4338,Bad State
AUSTIN,TX,78748-3087,Bad State
SUPERIOR,CO,80027-8260,Bad State
DENVER,CO,80237-3190,Bad State
FORT COLLINS,CO,80528-9103,Bad State
COLORADO SPGS,CO,80962-3225,Bad State
CHANDLER,AZ,85249-2891,Bad State
SCOTTSDALE,AZ,85255-0461,Bad State
TUCSON,AZ,85718-3414,Bad State
HENDERSON,NV,89012-4472,Bad State
GENOA,NV,89411-1385,Bad State
RENO,NV,89521-8026,Bad State
LOS ANGELES,CA,90024-3708,Bad State
LOS ANGELES,CA,90025-1849,Bad State
HERMOSA BEACH,CA,90254-4803,Bad State
MANHATTAN BEACH,CA,90266-3052,Bad State
SANTA MONICA,CA,90401-1496,Bad State
SIERRA MADRE,CA,91024-2456,Bad State
PASADENA,CA,91104-2636,Bad State
PASADENA,CA,91106-1475,Bad State
WOODLAND HILLS,CA,91364-4661,Bad State
OAK PARK,CA,91377-5844,Bad State
VALENCIA,CA,91381-0761,Bad State
CASTAIC,CA,91384-4224,Bad State
TOLUCA LAKE,CA,91602-3902,Bad State
UPLAND,CA,91786-2129,Bad State
ESCONDIDO,CA,92025-5930,Bad State
SAN DIEGO,CA,92130-7613,Bad State
RANCHO MIRAGE,CA,92270-2588,Bad State
WILDOMAR,CA,92595-7761,Bad State
IRVINE,CA,92602-2343,Bad State
COSTA MESA,CA,92626-7175,Bad State
LAGUNA HILLS,CA,92653-4934,Bad State
YORBA LINDA,CA,92886-4585,Bad State
LANCASTER,CA,93536-5988,Bad State
MOUNTAIN VIEW,CA,94040-2757,Bad State
REDWOOD CITY,CA,94065-1765,Bad State
SAN FRANCISCO,CA,94114-1612,Bad State
PALO ALTO,CA,94304-1326,Bad State
SAN MATERO,CA,94401,Bad State
FOSTER CITY,CA,94404-2912,Bad State
DANVILLE,CA,94526-4834,Bad State
FAIRVIEW,CA,94541-6923,Bad State
LAFAYETTE,CA,94549-5325,Bad State
LAFAYETTE,CA,94549-5423,Bad State
NEWARK,CA,94560-1303,Bad State
PITTSBURG,CA,94565-3281,Bad State
SAN RAMON,CA,94582-2896,Bad State
SAN RAMON,CA,94582-3001,Bad State
SAN RAMON,CA,94582-5878,Bad State
SAN RAMON,CA,94583-6006,Bad State
UNION CITY,CA,94587-5170,Bad State
WALNUT CREEK,CA,94598-3926,Bad State
SAN RAFAEL,CA,94903-1707,Bad State
CUPERTINO,CA,95014-5119,Bad State
LOS GATOS,CA,95030-6850,Bad State
SANTA CLARA,CA,95050-7016,Bad State
SARATOGA,CA,95070-4129,Bad State
SARATOGA,CA,95070-4449,Bad State
SAN JOSE,CA,95111-2161,Bad State
SAN JOSE,CA,95119-1511,Bad State
SAN JOSE,CA,95120-3130,Bad State
SAN JOSE,CA,95120-4750,Bad State
SAN JOSE,CA,95123-3666,Bad State
SAN JOSE,CA,95129-3712,Bad State
SAN JOSE,CA,95129-4322,Bad State
SAN JOSE,CA,95130-1324,Bad State
SAN JOSE,CA,95135-2376,Bad State
SAN JOSE,CA,95148-4315,Bad State
SHINGLE SPRINGS,CA,95682-9553,Bad State
MILILANI,HI,96789-1936,Bad State
PORTLAND,OR,97203-5309,Bad State
PORTLAND,OR,97219-5289,Bad State
BELLEVUE,WA,98006-4238,Bad State
BOTHELL,WA,98011-3023,Bad State
KIRKLAND,WA,98033-8576,Bad State
MAPLE VALLEY,WA,98038-3281,Bad State
REDMOND,WA,98052-4621,Bad State
REDMOND,WA,98052-9424,Bad State
SAMMAMISH,WA,98074-6357,Bad State
BLAINE,WA,98231-0394,Bad State
MUKILTEO,WA,98275-4892,Bad State
TACOMA,WA,98465-1033,Bad State
SEWARD,AK,99664-0541,Bad State
NEWPORT BEACH,CA,92660-7928,Bad State
BURLINGAME,CA,94011-7321,Bad State
CUPERTINO,CA,95014-4553,Bad State
SAN MARTIN,CA,95046-9677,Bad State
SANTA CLARA,CA,95051-5353,Bad State
HONOLULU,HI,96744,Bad State
WESTBOROUGH,MA,01581-3655,Bad State
N BILLERICA,MA,01862-1408,Bad State
TRUMBULL,CT,06611-5014,Bad State
JERSEY CITY,NJ,07302-5557,Bad State
EAST BRUNSWICK,NJ,08816-5500,Bad State
SAYREVILLE,NJ,08872-2148,Bad State
SCARSDALE,NY,10583-1077,Bad State
ELMHURST,NY,11373-4253,Bad State
PLAINVIEW,NY,11803-5241,Bad State
PITTSFORD,NY,14534-1888,Bad State
WAYNE,PA,19087-1537,Bad State
COLLEGEVILLE,PA,19426-3361,Bad State
COLLEGEVILLE,PA,19426-3969,Bad State
ASHBURN,VA,20148-1792,Bad State
STERLING,VA,20166-2239,Bad State
MC LEAN,VA,22102-3992,Bad State
YORKTOWN,VA,23693-2451,Bad State
ROCK HILL,SC,29730-0182,Bad State
ALPHARETTA,GA,30005-6449,Bad State
SHARPSBURG,GA,30277-2110,Bad State
STUART,FL,34996,Bad State
RICHMOND,IN,47374-5840,Bad State
TEMECULA,CA,92592-8339,Bad State
SAN FRANCISCO,CA,94121-2654,Bad State
DANVILLE,CA,94506-6019,Bad State
LOS GATOS,CA,95032-1619,Bad State
SANTA CLARA,CA,95054-2218,Bad State
SAN JOSE,CA,95132-1027,Bad State
ROSEVILLE,CA,95661-5144,Bad State
SAN JUAN,PR,00907-1486,Bad State
FITCHBURG,MA,01420-3099,Bad State
NORTHBOROUGH,MA,01532-2282,Bad State
SHREWSBURY,MA,01545-4829,Bad State
FRAMINGHAM,MA,01701-4538,Bad State
ACTON,MA,01718-1005,Bad State
MILFORD,MA,01757-2831,Bad State
SOUTHBOROUGH,MA,01772-2157,Bad State
WOBURN,MA,01801-1317,Bad State
GEORGETOWN,MA,01833-1917,Bad State
SALISBURY,MA,01952-2034,Bad State
SALISBURY,MA,01952-2296,Bad State
MANSFIELD,MA,02048-3294,Bad State
MARSHFIELD,MA,02050-6742,Bad State
BOSTON,MA,02116-2313,Bad State
BOSTON,MA,02128-5095,Bad State
JAMAICA PLAIN,MA,02130-4336,Bad State
BOSTON,MA,02130-5265,Bad State
WEST ROXBURY,MA,02132-1307,Bad State
CAMBRIDGE,MA,02139-0046,Bad State
CAMBRIDGE,MA,02140-2567,Bad State
CHELSEA,MA,02150-1688,Bad State
CHELSEA,MA,02150-4041,Bad State
STONEHAM,MA,02180-1249,Bad State
LEXINGTON,MA,02420-3930,Bad State
BROOKLINE,MA,02445-6852,Bad State
WATERTOWN,MA,02472-1155,Bad State
WESTON,MA,02493-2406,Bad State
DENNIS PORT,MA,02639-0565,Bad State
ORLEANS,MA,02653-4001,Bad State
BERKLEY,MA,02779-2332,Bad State
PORTSMOUTH,RI,02871-2238,Bad State
WARWICK,RI,02889-8610,Bad State
AUBURN,NH,03032-3310,Bad State
NASHUA,NH,03062-2905,Bad State
SALEM,NH,03079-2631,Bad State
CAMPTON,NH,03223-4686,Bad State
KENSINGTON,NH,03833-6807,Bad State
SACO,ME,04072-5122,Bad State
HARPSWELL,ME,04079-4314,Bad State
PORTLAND,ME,04103-1213,Bad State
BELGRADE,ME,04917-3253,Bad State
WILLISTON,VT,05495-0951,Bad State
AVON,CT,06001-2879,Bad State
GLASTONBURY,CT,06033-1300,Bad State
SOMERS,CT,06071-0222,Bad State
SOUTH GLASTONBURY,CT,06073-2911,Bad State
SOUTH WINDSOR,CT,06074-1470,Bad State
UNIONVILLE,CT,06085-1178,Bad State
WINDSOR LOCKS,CT,06096-1265,Bad State
WINSTED,CT,06098-1951,Bad State
NEWINGTON,CT,06111-3803,Bad State
ORANGE,CT,06477-2422,Bad State
TRUMBULL,CT,06611-3744,Bad State
EASTON,CT,06612-1538,Bad State
BROOKFIELD,CT,06804-3218,Bad State
FAIRFIELD,CT,06824-2155,Bad State
RIDGEFIELD,CT,06877-0513,Bad State
BLOOMFIELD,NJ,07003-4301,Bad State
BOONTON,NJ,07005-2333,Bad State
CLIFTON,NJ,07013-2941,Bad State
CRANFORD,NJ,07016-3312,Bad State
LIVINGSTON,NJ,07039-2208,Bad State
LIVINGSTON,NJ,07039-2821,Bad State
MONTVILLE,NJ,07045-9603,Bad State
PARSIPPANY,NJ,07054-3434,Bad State
SOUTH PLAINFIELD,NJ,07080-2360,Bad State
JERSEY CITY,NJ,07302-3478,Bad State
JERSEY CITY,NJ,07302-4634,Bad State
JERSEY CITY,NJ,07302-7015,Bad State
ELMWOOD PARK,NJ,07407-2502,Bad State
HO HO KUS,NJ,07423-1122,Bad State
GLEN ROCK,NJ,07452-1311,Bad State
UPPER SADDLE RIVER,NJ,07458-1730,Bad State
HACKENSACK,NJ,07601-1061,Bad State
HACKENSACK,NJ,07601-6210,Bad State
MAYWOOD,NJ,07607-1843,Bad State
CLOSTER,NJ,07624-3117,Bad State
ROCKLEIGH,NJ,07647-2716,Bad State
PALISADES PARK,NJ,07650,Bad State
PALISADES PARK,NJ,07650-4063,Bad State
TENAFLY,NJ,07670-1506,Bad State
MANALAPAN,NJ,07726-4121,Bad State
FARMINGDALE,NJ,07727-3997,Bad State
SPRING LAKE,NJ,07762-1427,Bad State
WEST LONG BRANCH,NJ,07764-1076,Bad State
SUMMIT,NJ,07901-3020,Bad State
BASKING RIDGE,NJ,07920-3708,Bad State
FLORHAM PARK,NJ,07932-1524,Bad State
MENDHAM,NJ,07945-3058,Bad State
MORRIS PLAINS,NJ,07950-2038,Bad State
MORRISTOWN,NJ,07960-2611,Bad State
EDGEWATER PARK,NJ,08010-2105,Bad State
BURLINGTON,NJ,08016-4300,Bad State
VOORHEES,NJ,08043-3711,Bad State
MAYS LANDING,NJ,08330-1480,Bad State
JACKSON,NJ,08527-1448,Bad State
PLAINSBORO,NJ,08536-1951,Bad State
PRINCETON,NJ,08540-6126,Bad State
PRINCETON,NJ,08540-7611,Bad State
PRINCETON,NJ,08540-7733,Bad State
PRINCETON,NJ,08540-9005,Bad State
PRINCETON JUNCTION,NJ,08550-3516,Bad State
TRENTON,NJ,08618-5655,Bad State
BRIDGEWATER,NJ,08807-3189,Bad State
BRIDGEWATER,NJ,08807-3555,Bad State
DAYTON,NJ,08810-1542,Bad State
EAST BRUNSWICK,NJ,08816-2824,Bad State
EDISON,NJ,08820-1963,Bad State
EDISON,NJ,08820-3220,Bad State
FLEMINGTON,NJ,08822-3004,Bad State
ISELIN,NJ,08830-1827,Bad State
MONROE TWP,NJ,08831-3281,Bad State
LEBANON,NJ,08833-4315,Bad State
HILLSBOROUGH,NJ,08844-2317,Bad State
MONMOUTH JUNCTION,NJ,08852-2323,Bad State
N BRUNSWICK,NJ,08902-5514,Bad State
APO,AE,09630-1016,Bad State
NEW YORK,NY,10001-3967,Bad State
NEW YORK,NY,10007-2154,Bad State
NEW YORK,NY,10019-4262,Bad State
NEW YORK,NY,10019-6360,Bad State
NEW YORK,NY,10022-5285,Bad State
NEW YORK,NY,10023-4805,Bad State
NEW YORK,NY,10028-9645,Bad State
NEW YORK,NY,10032-4231,Bad State
STATEN ISLAND,NY,10308-3100,Bad State
BRONX,NY,10462-6926,Bad State
BRONX,NY,10463-4969,Bad State
BRONX,NY,10469-1417,Bad State
BRONX,NY,10469-1938,Bad State
ARMONK,NY,10504-1515,Bad State
RYE,NY,10580-1334,Bad State
SCARSDALE,NY,10583-2409,Bad State
YONKERS,NY,10701-5974,Bad State
GREENWOOD LAKE,NY,10925-4232,Bad State
MONROE,NY,10950-2324,Bad State
MONROE,NY,10950-5243,Bad State
SPRING VALLEY,NY,10977-1309,Bad State
WARWICK,NY,10990-1228,Bad State
WARWICK,NY,10990-2332,Bad State
FLORAL PARK,NY,11001-3513,Bad State
GREAT NECK,NY,11020-1821,Bad State
GREAT NECK,NY,11021-2728,Bad State
NEW HYDE PARK,NY,11040-3920,Bad State
GARDEN CITY PARK,NY,11040-4710,Bad State
PORT WASHINGTON,NY,11050-2559,Bad State
LONG ISLAND CITY,NY,11101-4945,Bad State
LONG ISLAND CITY,NY,11101-5861,Bad State
BROOKLYN,NY,11201-1813,Bad State
BROOKLYN,NY,11201-4212,Bad State
BROOKLYN,NY,11204-2507,Bad State
BROOKLYN,NY,11209-1906,Bad State
BROOKLYN,NY,11209-7703,Bad State
BROOKLYN,NY,11211-1700,Bad State
BROOKLYN,NY,11214-6008,Bad State
BROOKLYN,NY,11215-3619,Bad State
BROOKLYN,NY,11216-1709,Bad State
BROOKLYN,NY,11221-2208,Bad State
BROOKLYN,NY,11222-7275,Bad State
BROOKLYN,NY,11223-4902,Bad State
BROOKLYN,NY,11224-4027,Bad State
BROOKLYN,NY,11228-2302,Bad State
BROOKLYN,NY,11234-3902,Bad State
BROOKLYN,NY,11235-1452,Bad State
FLUSHING,NY,11358-2309,Bad State
FLUSHING,NY,11358-3917,Bad State
FRESH MEADOWS,NY,11366-1328,Bad State
JACKSON HEIGHTS,NY,11372-5463,Bad State
FOREST HILLS,NY,11375-5839,Bad State
JAMAICA,NY,11432,Bad State
GARDEN CITY,NY,11530-1131,Bad State
GLEN HEAD,NY,11545-2910,Bad State
HEMPSTEAD,NY,11551-0233,Bad State
WEST HEMPSTEAD,NY,11552-1702,Bad State
ROOSEVELT,NY,11575-1428,Bad State
ROSLYN,NY,11576-2721,Bad State
ROSLYN HEIGHTS,NY,11577-1213,Bad State
WESTBURY,NY,11590-6639,Bad State
SOUTH SETAUKET,NY,11720-4611,Bad State
HOLTSVILLE,NY,11742-2515,Bad State
DIX HILLS,NY,11746-4802,Bad State
DIX HILLS,NY,11746-4804,Bad State
DIX HILLS,NY,11746-8108,Bad State
JERICHO,NY,11753,Bad State
KINGS PARK,NY,11754-3017,Bad State
LINDENHURST,NY,11757-4255,Bad State
MASSAPEQUA PARK,NY,11762-1822,Bad State
NESCONSET,NY,11767-2036,Bad State
NORTHPORT,NY,11768-1120,Bad State
OLD BETHPAGE,NY,11804-1450,Bad State
MANORVILLE,NY,11949-2550,Bad State
WYNANTSKILL,NY,12198-2752,Bad State
ALBANY,NY,12207-2217,Bad State
TILLSON,NY,12486-1020,Bad State
HOPEWELL JUNCTION,NY,12533-6506,Bad State
MILLBROOK,NY,12545-5977,Bad State
POUGHKEEPSIE,NY,12603-5438,Bad State
BALDWINSVILLE,NY,13027-8228,Bad State
MARCELLUS,NY,13108-8705,Bad State
LITTLE FALLS,NY,13365-6428,Bad State
LAKE VIEW,NY,14085-9511,Bad State
CANANDAIGUA,NY,14424-2395,Bad State
CANANDAIGUA,NY,14424-2731,Bad State
ROCHESTER,NY,14620-4520,Bad State
ROCHESTER,NY,14625-2115,Bad State
JAMESTOWN,NY,14701-4318,Bad State
PAINTED POST,NY,14870-9346,Bad State
GIBSONIA,PA,15044-9471,Bad State
NATRONA HEIGHTS,PA,15065-9724,Bad State
PITTSBURGH,PA,15241-1743,Bad State
SAINT MARYS,PA,15857-3623,Bad State
CRANBERRY TOWNSHIP,PA,16066-3523,Bad State
MEADVILLE,PA,16335-3766,Bad State
STATE COLLEGE,PA,16801-2569,Bad State
HOWARD,PA,16841-4024,Bad State
MORRISDALE,PA,16858-8831,Bad State
PALMYRA,PA,17078-2439,Bad State
HARRISBURG,PA,17111-7030,Bad State
LANCASTER,PA,17603-3180,Bad State
MONTOURSVILLE,PA,17754-9100,Bad State
LEWISBURG,PA,17837-1505,Bad State
BETHLEHEM,PA,18017-4775,Bad State
TOBYHANNA,PA,18466-3011,Bad State
TUNKHANNOCK,PA,18657-1203,Bad State
NEWTOWN,PA,18940-1752,Bad State
NEWTOWN,PA,18940-3204,Bad State
SOUTHAMPTON,PA,18966-2204,Bad State
SOUTHAMPTON,PA,18966-2214,Bad State
ABINGTON,PA,19001-4509,Bad State
LANGHORNE,PA,19047-5746,Bad State
WAYNE,PA,19087-1049,Bad State
PHILADELPHIA,PA,19103-4310,Bad State
PHILADELPHIA,PA,19107-1019,Bad State
PHILADELPHIA,PA,19118-2711,Bad State
PHILADELPHIA,PA,19130-1420,Bad State
PHILADELPHIA,PA,19137-1411,Bad State
PHILADELPHIA,PA,19147-1222,Bad State
DEVON,PA,19333,Bad State
DOWNINGTOWN,PA,19335-1299,Bad State
GLEN MILLS,PA,19342-8123,Bad State
WEST CHESTER,PA,19382-3517,Bad State
WEST CHESTER,PA,19382-8739,Bad State
CHESTER SPRINGS,PA,19425-3854,Bad State
COLLEGEVILLE,PA,19426-2825,Bad State
KULPSVILLE,PA,19443-0458,Bad State
ROYERSFORD,PA,19468-3803,Bad State
BARTO,PA,19504-9256,Bad State
CLAYMONT,DE,19703-3329,Bad State
MIDDLETOWN,DE,19709-7506,Bad State
WILMINGTON,DE,19803-3742,Bad State
WILMINGTON,DE,19808-1674,Bad State
WILMINGTON,DE,19808-2025,Bad State
WILMINGTON,DE,19809-3709,Bad State
DOVER,DE,19901-5872,Bad State
BRIDGEVILLE,DE,19933-3264,Bad State
WASHINGTON,DC,20018-1772,Bad State
WASHINGTON,DC,20037-1125,Bad State
ALDIE,VA,20105-3066,Bad State
MANASSAS,VA,20111-7077,Bad State
MANASSAS,VA,20112-3815,Bad State
MANASSAS,VA,20112-7857,Bad State
CENTREVILLE,VA,20120-6428,Bad State
CENTREVILLE,VA,20120-6438,Bad State
CENTREVILLE,VA,20120-6440,Bad State
ROUND HILL,VA,20141-2255,Bad State
ASHBURN,VA,20147-7369,Bad State
ASHBURN,VA,20148-1775,Bad State
BRAMBLETON,VA,20148-6433,Bad State
ASHBURN,VA,20148-6757,Bad State
BRAMBLETON,VA,20148-7222,Bad State
BRAMBLETON,VA,20148-7651,Bad State
GAINESVILLE,VA,20155-5848,Bad State
DULLES,VA,20166-2167,Bad State
HERNDON,VA,20171-6407,Bad State
LEESBURG,VA,20176-3863,Bad State
LEESBURG,VA,20176-4113,Bad State
LEESBURG,VA,20176-8226,Bad State
NOKESVILLE,VA,20181-3652,Bad State
RESTON,VA,20191-1697,Bad State
RESTON,VA,20191-2265,Bad State
RESTON,VA,20191-3230,Bad State
RESTON,VA,20191-5425,Bad State
WALDORF,MD,20603-4201,Bad State
LA PLATA,MD,20646-3573,Bad State
BOWIE,MD,20720-3381,Bad State
BOWIE,MD,20720-3470,Bad State
LAUREL,MD,20724-6116,Bad State
RIVERDALE,MD,20737-3003,Bad State
CAPITOL HEIGHTS,MD,20743-1742,Bad State
FORT WASHINGTON,MD,20744-5516,Bad State
TEMPLE HILLS,MD,20748-6923,Bad State
FULTON,MD,20759-2661,Bad State
UPPER MARLBORO,MD,20774-1223,Bad State
UPPER MARLBORO,MD,20774-2289,Bad State
UPPER MARLBORO,MD,20774-2464,Bad State
UPPER MARLBORO,MD,20774-2696,Bad State
UPPER MARLBORO,MD,20774-6091,Bad State
HARWOOD,MD,20776-0041,Bad State
HYATTSVILLE,MD,20781-1507,Bad State
HYATTSVILLE,MD,20785-1711,Bad State
BETHESDA,MD,20816-1560,Bad State
BETHESDA,MD,20817-1242,Bad State
ROCKVILLE,MD,20852-3106,Bad State
ROCKVILLE,MD,20853-1631,Bad State
POTOMAC,MD,20854-1239,Bad State
ROCKVILLE,MD,20855-2119,Bad State
GERMANTOWN,MD,20874-2828,Bad State
GERMANTOWN,MD,20876,Bad State
GAITHERSBURG,MD,20878,Bad State
NORTH POTOMAC,MD,20878-4257,Bad State
DARNESTOWN,MD,20878-6105,Bad State
SILVER SPRING,MD,20901-5013,Bad State
ELLICOTT CITY,MD,21042-1659,Bad State
ELLICOTT CITY,MD,21042-6012,Bad State
ELLICOTT CITY,MD,21042-6124,Bad State
ELLICOTT CITY,MD,21043-1931,Bad State
ELLICOTT CITY,MD,21043-4893,Bad State
ELLICOTT CITY,MD,21043-5449,Bad State
ELLICOTT CITY,MD,21043-5531,Bad State
ELLICOTT CITY,MD,21043-8014,Bad State
COLUMBIA,MD,21044-1637,Bad State
COLUMBIA,MD,21044-4205,Bad State
LUTHERVILLE,MD,21093-2827,Bad State
LUTHERVILLE TIMONIUM,MD,21093-7782,Bad State
PASADENA,MD,21122-5615,Bad State
SEVERN,MD,21144,Bad State
GRASONVILLE,MD,21638-9676,Bad State
TRAPPE,MD,21673-1621,Bad State
FREDERICK,MD,21702-1670,Bad State
FREDERICK,MD,21702-3530,Bad State
BRUNSWICK,MD,21716-9722,Bad State
GLENELG,MD,21737-9627,Bad State
BURKE,VA,22015-1504,Bad State
DUMFRIES,VA,22026-2748,Bad State
FAIRFAX,VA,22030-8276,Bad State
FAIRFAX,VA,22031-1479,Bad State
FAIRFAX,VA,22031-2751,Bad State
FAIRFAX,VA,22032-1417,Bad State
FAIRFAX,VA,22032-2608,Bad State
FALLS CHURCH,VA,22042-3937,Bad State
FALLS CHURCH,VA,22043-2316,Bad State
FALLS CHURCH,VA,22043-2329,Bad State
FALLS CHURCH,VA,22046-3842,Bad State
MC LEAN,VA,22101-3512,Bad State
MC LEAN,VA,22101-5107,Bad State
MC LEAN,VA,22102-1109,Bad State
OAKTON,VA,22124-1436,Bad State
VIENNA,VA,22180-5970,Bad State
VIENNA,VA,22181-2963,Bad State
VIENNA,VA,22182-1617,Bad State
WOODBRIDGE,VA,22191-2717,Bad State
WOODBRIDGE,VA,22192-5530,Bad State
WOODBRIDGE,VA,22193-1632,Bad State
ARLINGTON,VA,22201-2937,Bad State
ARLINGTON,VA,22201-5711,Bad State
ARLINGTON,VA,22201-6633,Bad State
ARLINGTON,VA,22207-2205,Bad State
ALEXANDRIA,VA,22302-2107,Bad State
ALEXANDRIA,VA,22304-7303,Bad State
ALEXANDRIA,VA,22310-1746,Bad State
ALEXANDRIA,VA,22314-2421,Bad State
ALEXANDRIA,VA,22315-3489,Bad State
FREDERICKSBURG,VA,22405-2124,Bad State
FREDERICKSBURG,VA,22408-8094,Bad State
IRVINGTON,VA,22480-0087,Bad State
STAFFORD,VA,22554-8423,Bad State
BRANDY STATION,VA,22714-1878,Bad State
GLEN ALLEN,VA,23060-5970,Bad State
GLEN ALLEN,VA,23060-6522,Bad State
GLEN ALLEN,VA,23060-9233,Bad State
MOSELEY,VA,23120-1800,Bad State
PROVIDENCE FORGE,VA,23140-3476,Bad State
RICHMOND,VA,23233-6806,Bad State
NORTH CHESTERFIELD,VA,23234-4770,Bad State
SUFFOLK,VA,23434-6765,Bad State
VIRGINIA BEACH,VA,23451-3991,Bad State
VIRGINIA BEACH,VA,23453-4731,Bad State
VIRGINIA BEACH,VA,23453-5557,Bad State
VIRGINIA BEACH,VA,23453-6637,Bad State
VIRGINIA BEACH,VA,23454-1003,Bad State
VIRGINIA BEACH,VA,23456-7309,Bad State
VIRGINIA BEACH,VA,23464-8413,Bad State
NORFOLK,VA,23505-2003,Bad State
NEWPORT NEWS,VA,23606-2146,Bad State
YORKTOWN,VA,23693-2561,Bad State
PORTSMOUTH,VA,23704-2465,Bad State
CHESTER,VA,23836-5756,Bad State
EBONY,VA,23845-2061,Bad State
ROANOKE,VA,24018-2042,Bad State
BLACKSBURG,VA,24060-0392,Bad State
BLUE RIDGE,VA,24064-1352,Bad State
RADFORD,VA,24141-3356,Bad State
GALAX,VA,24333-6334,Bad State
STAUNTON,VA,24401-3768,Bad State
HALIFAX,VA,24558-2132,Bad State
MONROE,VA,24574-2604,Bad State
PARKERSBURG,WV,26104-7070,Bad State
COLUMBIA,SC,29229-7347,Bad State
COLUMBIA,SC,29229-7391,Bad State
BOILING SPRINGS,SC,29316-5887,Bad State
NORTH CHARLESTON,SC,29405-4623,Bad State
CHARLESTON,SC,29412-9327,Bad State
CHARLESTON,SC,29414-8092,Bad State
JOHNS ISLAND,SC,29455-8296,Bad State
MT PLEASANT,SC,29464-2579,Bad State
MT PLEASANT,SC,29464-7561,Bad State
MT PLEASANT,SC,29466-6725,Bad State
MT PLEASANT,SC,29466-8046,Bad State
SUMMERVILLE,SC,29483-4220,Bad State
CHARLESTON,SC,29492-8338,Bad State
LAKE VIEW,SC,29563-0365,Bad State
MYRTLE BEACH,SC,29572-5241,Bad State
MYRTLE BEACH,SC,29572-5415,Bad State
MYRTLE BEACH,SC,29577-2242,Bad State
MYRTLE BEACH,SC,29579-6576,Bad State
NORTH MYRTLE BEACH,SC,29582-5367,Bad State
NORTH MYRTLE BEACH,SC,29582-9383,Bad State
PAWLEYS ISLAND,SC,29585-6761,Bad State
SURFSIDE BEACH,SC,29587-6111,Bad State
GREENVILLE,SC,29609-6018,Bad State
GREENVILLE,SC,29615-1061,Bad State
PIEDMONT,SC,29673-7516,Bad State
SIMPSONVILLE,SC,29681-4562,Bad State
CLOVER,SC,29710-7857,Bad State
CLOVER,SC,29710-9174,Bad State
ROCK HILL,SC,29730-7529,Bad State
BEAUFORT,SC,29907-2511,Bad State
BLUFFTON,SC,29910-4976,Bad State
BLUFFTON,SC,29910-8392,Bad State
HILTON HEAD ISLAND,SC,29926-2312,Bad State
HARDEEVILLE,SC,29927-4394,Bad State
HILTON HEAD ISLAND,SC,29928-5150,Bad State
ALPHARETTA,GA,30005-8358,Bad State
SUWANEE,GA,30024-4575,Bad State
SUWANEE,GA,30024-5314,Bad State
DECATUR,GA,30032-4168,Bad State
DECATUR,GA,30034-6784,Bad State
CUMMING,GA,30040-1870,Bad State
CUMMING,GA,30041-8050,Bad State
LAWRENCEVILLE,GA,30045-6768,Bad State
LILBURN,GA,30047-2458,Bad State
LILBURN,GA,30047-4178,Bad State
MARIETTA,GA,30060-5130,Bad State
MARIETTA,GA,30062-3018,Bad State
MARIETTA,GA,30066-6604,Bad State
MARIETTA,GA,30067-5074,Bad State
ROSWELL,GA,30075,Bad State
SNELLVILLE,GA,30078-2445,Bad State
PEACHTREE CORNERS,GA,30092-1376,Bad State
JOHNS CREEK,GA,30097-2463,Bad State
CARROLLTON,GA,30117-6320,Bad State
POWDER SPRINGS,GA,30127-5540,Bad State
FAIRBURN,GA,30213-4640,Bad State
MCDONOUGH,GA,30253-3323,Bad State
ATLANTA,GA,30305-2489,Bad State
ATLANTA,GA,30305-3193,Bad State
ATLANTA,GA,30309-3820,Bad State
BROOKHAVEN,GA,30319-4146,Bad State
ATLANTA,GA,30324-5039,Bad State
ATLANTA,GA,30326-2818,Bad State
SANDY SPRINGS,GA,30328-2983,Bad State
SANDY SPRINGS,GA,30328-6755,Bad State
BUFORD,GA,30518-8759,Bad State
BETHLEHEM,GA,30620-7639,Bad State
BOGART,GA,30622-5366,Bad State
WATKINSVILLE,GA,30677-5851,Bad State
WOODBINE,GA,31569-2840,Bad State
GREEN COVE SPRINGS,FL,32043-7052,Bad State
MIDDLEBURG,FL,32068-9128,Bad State
ORANGE PARK,FL,32073-8531,Bad State
DAYTONA BEACH,FL,32118-5310,Bad State
PONCE INLET,FL,32127-3028,Bad State
LADY LAKE,FL,32159-5669,Bad State
THE VILLAGES,FL,32162-8535,Bad State
PALM COAST,FL,32164-7221,Bad State
NEW SMYRNA BEACH,FL,32169-3839,Bad State
JACKSONVILLE,FL,32202-2725,Bad State
JACKSONVILLE,FL,32202-5121,Bad State
JACKSONVILLE,FL,32205-6822,Bad State
JACKSONVILLE,FL,32224-8421,Bad State
JACKSONVILLE,FL,32225-5430,Bad State
JACKSONVILLE,FL,32244-6981,Bad State
JAX BCH,FL,32250-7270,Bad State
JACKSONVILLE,FL,32256-3529,Bad State
WINTER SPRINGS,FL,32719-6875,Bad State
MAITLAND,FL,32751-8669,Bad State
OVIEDO,FL,32765-7987,Bad State
ORLANDO,FL,32819-4075,Bad State
ORLANDO,FL,32819-5166,Bad State
SATELLITE BCH,FL,32937-0459,Bad State
MELBOURNE,FL,32940-7792,Bad State
MERRITT ISLAND,FL,32953-3082,Bad State
VERO BEACH,FL,32966-2382,Bad State
VERO BEACH,FL,32967-7894,Bad State
HOLLYWOOD,FL,33021-8723,Bad State
PEMBROKE PINES,FL,33028-1697,Bad State
MARATHON,FL,33050-2415,Bad State
MARGATE,FL,33063-4882,Bad State
CORAL SPRINGS,FL,33065-7738,Bad State
POMPANO BEACH,FL,33069-3781,Bad State
MIAMI,FL,33133-3307,Bad State
MIAMI,FL,33143-7919,Bad State
CORAL GABLES,FL,33146-2818,Bad State
BAL HARBOUR,FL,33154-1833,Bad State
MIAMI,FL,33156-3181,Bad State
MIAMI,FL,33176-3190,Bad State
FORT LAUDERDALE,FL,33304-3036,Bad State
FT LAUDERDALE,FL,33308-5350,Bad State
PLANTATION,FL,33317-4235,Bad State
SUNRISE,FL,33323-3163,Bad State
WESTON,FL,33326-1882,Bad State
DAVIE,FL,33328-1308,Bad State
SOUTHWEST RANCHES,FL,33331-1383,Bad State
WESTON,FL,33331-3703,Bad State
WEST PALM BEACH,FL,33401-5769,Bad State
WEST PALM BEACH,FL,33411-8426,Bad State
WEST PALM BEACH,FL,33415-7971,Bad State
WEST PALM BEACH,FL,33418-7331,Bad State
BOCA RATON,FL,33434-2516,Bad State
BOCA RATON,FL,33434-4095,Bad State
BOYNTON BEACH,FL,33435-2800,Bad State
BOYNTON BEACH,FL,33437-6111,Bad State
BOYNTON BEACH,FL,33437-6364,Bad State
TEQUESTA,FL,33469-2975,Bad State
BOYNTON BEACH,FL,33473-5077,Bad State
DELRAY BEACH,FL,33483-5305,Bad State
DELRAY BEACH,FL,33484-6969,Bad State
BOCA RATON,FL,33497-0232,Bad State
BRANDON,FL,33511-4893,Bad State
WESLEY CHAPEL,FL,33543-7081,Bad State
WESLEY CHAPEL,FL,33545-5367,Bad State
SUN CITY,FL,33573,Bad State
TAMPA,FL,33606-3820,Bad State
SAINT PETERSBURG,FL,33703-2265,Bad State
TREASURE ISLAND,FL,33706-3017,Bad State
ST PETERSBURG,FL,33715-1254,Bad State
TIERRA VERDE,FL,33715-2237,Bad State
SEMINOLE,FL,33777-3838,Bad State
FORT MYERS,FL,33919-2225,Bad State
ESTERO,FL,33928-2040,Bad State
PLACIDA,FL,33946-3099,Bad State
PORT CHARLOTTE,FL,33953-2908,Bad State
PUNTA GORDA,FL,33982-5134,Bad State
CAPE CORAL,FL,33993-8735,Bad State
NAPLES,FL,34103,Bad State
NAPLES,FL,34104-4057,Bad State
NAPLES,FL,34108-2615,Bad State
NAPLES,FL,34109-3351,Bad State
NAPLES,FL,34110-2855,Bad State
NAPLES,FL,34110-3394,Bad State
NAPLES,FL,34116-6002,Bad State
NAPLES,FL,34120-2864,Bad State
MARCO ISLAND,FL,34145-5903,Bad State
ENGLEWOOD,FL,34224-8969,Bad State
NOKOMIS,FL,34275-3903,Bad State
NORTH PORT,FL,34286-7450,Bad State
SUMMERFIELD,FL,34491-9328,Bad State
CLERMONT,FL,34714-5408,Bad State
SAINT CLOUD,FL,34772-7015,Bad State
WINDERMERE,FL,34786-8641,Bad State
PORT ST LUCIE,FL,34986-2335,Bad State
PALM CITY,FL,34990-1341,Bad State
STUART,FL,34994-2509,Bad State
DEATSVILLE,AL,36022-2729,Bad State
BRENTWOOD,TN,37027-5080,Bad State
FRANKLIN,TN,37067-8500,Bad State
LASCASSAS,TN,37085-4420,Bad State
NASHVILLE,TN,37205-4705,Bad State
NASHVILLE,TN,37221-3750,Bad State
JOHNSON CITY,TN,37615-4491,Bad State
BLOUNTVILLE,TN,37617-4029,Bad State
BUTLER,TN,37640-7369,Bad State
KINGSPORT,TN,37660-4689,Bad State
FRIENDSVILLE,TN,37737-2301,Bad State
LA FOLLETTE,TN,37766-3804,Bad State
CORDOVA,TN,38018-7700,Bad State
LEXINGTON,KY,40504-1694,Bad State
LEXINGTON,KY,40509-1757,Bad State
COVINGTON,KY,41011-1227,Bad State
MAYSVILLE,KY,41056-9765,Bad State
WILLIAMSTOWN,KY,41097-8031,Bad State
LEWIS CENTER,OH,43035-9535,Bad State
NEW ALBANY,OH,43054-7053,Bad State
COLUMBUS,OH,43213-2480,Bad State
MOUNT GILEAD,OH,43338-9644,Bad State
AVON,OH,44011-1785,Bad State
AVON LAKE,OH,44012-3111,Bad State
SHAKER HEIGHTS,OH,44120-1362,Bad State
HUDSON,OH,44236-4647,Bad State
AKRON,OH,44333-2679,Bad State
NEWTON FALLS,OH,44444-1321,Bad State
MASON,OH,45040-3432,Bad State
CINCINNATI,OH,45227-1406,Bad State
CASSTOWN,OH,45312-9796,Bad State
DAYTON,OH,45414-2680,Bad State
CARMEL,IN,46032-8398,Bad State
ANGOLA,IN,46703-8721,Bad State
MADISON,IN,47250-2930,Bad State
BLOOMINGTON,IN,47401-5844,Bad State
EVANSVILLE,IN,47715-3437,Bad State
ROYAL OAK,MI,48073-0946,Bad State
TROY,MI,48098-2420,Bad State
NORTHVILLE,MI,48168-3478,Bad State
BLOOMFIELD HILLS,MI,48301,Bad State
BLOOMFIELD HILLS,MI,48301-1722,Bad State
BLOOMFIELD HILLS,MI,48301-2449,Bad State
WEST BLOOMFIELD,MI,48322-5023,Bad State
ORCHARD LAKE,MI,48323-1635,Bad State
FARMINGTON HILLS,MI,48331-1210,Bad State
NOVI,MI,48374-3176,Bad State
NOVI,MI,48374-6305,Bad State
DAVISON,MI,48423-8608,Bad State
MIDLAND,MI,48640-8978,Bad State
GRANDVILLE,MI,49418-1342,Bad State
GRAND MARAIS,MI,49839-0157,Bad State
DES MOINES,IA,50309-2347,Bad State
MILWAUKEE,WI,53201-0265,Bad State
APPLETON,WI,54911-5118,Bad State
APPLETON,WI,54913-6328,Bad State
WOODBURY,MN,55125-3039,Bad State
CHANHASSEN,MN,55317-9526,Bad State
EDEN PRAIRIE,MN,55347-2924,Bad State
MINNEAPOLIS,MN,55416-0019,Bad State
BOZEMAN,MT,59715-7827,Bad State
CRYSTAL LAKE,IL,60014-8301,Bad State
PALATINE,IL,60067-6832,Bad State
PARK RIDGE,IL,60068-1430,Bad State
BUFFALO GROVE,IL,60089-4598,Bad State
SOUTH ELGIN,IL,60177-3159,Bad State
SCHAUMBURG,IL,60193-3167,Bad State
NAPERVILLE,IL,60563-1396,Bad State
NAPERVILLE,IL,60565-3343,Bad State
CHICAGO,IL,60603-3014,Bad State
CHICAGO,IL,60606-1336,Bad State
CHICAGO,IL,60606-2180,Bad State
CHICAGO,IL,60607-3798,Bad State
CHICAGO,IL,60654-4704,Bad State
CHICAGO,IL,60657-3331,Bad State
CHAMPAIGN,IL,61821-3123,Bad State
QUINCY,IL,62305-0069,Bad State
SPRINGFIELD,IL,62703-3532,Bad State
SAINT LOUIS,MO,63131-3108,Bad State
LAKE SAINT LOUIS,MO,63367-4355,Bad State
BLUE SPRINGS,MO,64015-5335,Bad State
KEARNEY,MO,64060-8976,Bad State
PLATTE CITY,MO,64079-9370,Bad State
KANSAS CITY,MO,64106-2649,Bad State
COLUMBIA,MO,65203-6060,Bad State
SPRINGFIELD,MO,65807-8766,Bad State
ROELAND PARK,KS,66205-2140,Bad State
GYPSUM,KS,67448-9740,Bad State
BELLEVUE,NE,68123-2717,Bad State
SCOTTSBLUFF,NE,69361-3906,Bad State
NEW ORLEANS,LA,70126-3416,Bad State
EDMOND,OK,73034-5006,Bad State
NORMAN,OK,73072-2866,Bad State
INOLA,OK,74036-3013,Bad State
TULSA,OK,74133-7038,Bad State
TULSA,OK,74137-2810,Bad State
SHAWNEE,OK,74804-3302,Bad State
ALLEN,TX,75002-2829,Bad State
ALLEN,TX,75002-5348,Bad State
ALLEN,TX,75013-1190,Bad State
ALLEN,TX,75013-5548,Bad State
PLANO,TX,75024-0060,Bad State
PLANO,TX,75025-4344,Bad State
FLOWER MOUND,TX,75028-8325,Bad State
FRISCO,TX,75033-2941,Bad State
FRISCO,TX,75033-4759,Bad State
FRISCO,TX,75035-0933,Bad State
FRISCO,TX,75035-5279,Bad State
LEWISVILLE,TX,75056-5550,Bad State
LITTLE ELM,TX,75068-5123,Bad State
MCKINNEY,TX,75071-0023,Bad State
RICHARDSON,TX,75080-3736,Bad State
RICHARDSON,TX,75082-4937,Bad State
DALLAS,TX,75201,Bad State
DALLAS,TX,75205-2236,Bad State
DALLAS,TX,75206-4161,Bad State
DALLAS,TX,75210-1333,Bad State
DALLAS,TX,75225-5851,Bad State
DALLAS,TX,75248-4981,Bad State
DALLAS,TX,75287-7211,Bad State
HIDEAWAY,TX,75771-5151,Bad State
COLLEYVILLE,TX,76034-4154,Bad State
AUBREY,TX,76227-5710,Bad State
SAN ANGELO,TX,76904-8101,Bad State
HOUSTON,TX,77018-4512,Bad State
HOUSTON,TX,77024-3637,Bad State
HOUSTON,TX,77043-4323,Bad State
HOUSTON,TX,77044-2084,Bad State
HOUSTON,TX,77054-1619,Bad State
HOUSTON,TX,77077-4842,Bad State
HOUSTON,TX,77098-2919,Bad State
SPRING,TX,77382-1740,Bad State
SPRING,TX,77389-4049,Bad State
RICHMOND,TX,77406-1787,Bad State
BELLVILLE,TX,77418-3142,Bad State
KATY,TX,77450-5602,Bad State
SUGAR LAND,TX,77479-5672,Bad State
SUGAR LAND,TX,77479-8942,Bad State
TIKI ISLAND,TX,77554-6126,Bad State
SEABROOK,TX,77586-1735,Bad State
NEW BRAUNFELS,TX,78132-3816,Bad State
SAN ANTONIO,TX,78209-3336,Bad State
SAN ANTONIO,TX,78230-5230,Bad State
SAN ANTONIO,TX,78255-4446,Bad State
CEDAR PARK,TX,78613-4838,Bad State
CEDAR PARK,TX,78613-5831,Bad State
PFLUGERVILLE,TX,78660-2828,Bad State
ROUND ROCK,TX,78681-2159,Bad State
AUSTIN,TX,78704-7220,Bad State
AUSTIN,TX,78705-3139,Bad State
AUSTIN,TX,78732-2449,Bad State
AUSTIN,TX,78736-1762,Bad State
THE HILLS,TX,78738-1468,Bad State
AUSTIN,TX,78746,Bad State
AURORA,CO,80012-3661,Bad State
AURORA,CO,80016-7272,Bad State
WESTMINSTER,CO,80021-4409,Bad State
LAFAYETTE,CO,80026-1589,Bad State
GREENWOOD VILLAGE,CO,80111-4130,Bad State
ENGLEWOOD,CO,80113-2841,Bad State
LITTLETON,CO,80122-2986,Bad State
HIGHLANDS RANCH,CO,80129-2631,Bad State
LITTLETON,CO,80129-7027,Bad State
DENVER,CO,80205-2933,Bad State
DENVER,CO,80205-6008,Bad State
DENVER,CO,80206-1017,Bad State
DENVER,CO,80211-4726,Bad State
LAKEWOOD,CO,80214-4595,Bad State
DENVER,CO,80216-4702,Bad State
DENVER,CO,80238-2565,Bad State
DENVER,CO,80246-2146,Bad State
BOULDER,CO,80304-2492,Bad State
GOLDEN,CO,80403-1437,Bad State
GOLDEN,CO,80403-8351,Bad State
LONGMONT,CO,80503-2716,Bad State
BERTHOUD,CO,80513-9660,Bad State
JOHNSTOWN,CO,80534-7469,Bad State
COLORADO SPRINGS,CO,80919-3959,Bad State
COLORADO SPRINGS,CO,80921-1302,Bad State
COLORADO SPRINGS,CO,80970-6252,Bad State
CHEYENNE,WY,82001-4528,Bad State
POCATELLO,ID,83204-4400,Bad State
BOISE,ID,83702-8933,Bad State
BOISE,ID,83716-5896,Bad State
DRAPER,UT,84020-5564,Bad State
SANDY,UT,84092-4074,Bad State
PARK CITY,UT,84098-5229,Bad State
SALT LAKE CITY,UT,84121-7030,Bad State
LA VERKIN,UT,84745-5618,Bad State
PHOENIX,AZ,85008-2338,Bad State
PHOENIX,AZ,85016-7029,Bad State
PHOENIX,AZ,85016-7849,Bad State
PHOENIX,AZ,85048-4310,Bad State
PHOENIX,AZ,85050-8767,Bad State
PHOENIX,AZ,85083-0814,Bad State
PHOENIX,AZ,85083-6377,Bad State
MESA,AZ,85202-5721,Bad State
MESA,AZ,85202-6312,Bad State
MESA,AZ,85213-1925,Bad State
GILBERT,AZ,85233-6906,Bad State
HIGLEY,AZ,85236-1778,Bad State
SCOTTSDALE,AZ,85254-4839,Bad State
SCOTTSDALE,AZ,85255-6657,Bad State
MESA,AZ,85274-0970,Bad State
TEMPE,AZ,85281-2875,Bad State
TEMPE,AZ,85282-3991,Bad State
CHANDLER,AZ,85286-1661,Bad State
GILBERT,AZ,85296-1489,Bad State
GILBERT,AZ,85298-0591,Bad State
TUCSON,AZ,85750-9644,Bad State
PRESCOTT,AZ,86305-8880,Bad State
LAS VEGAS,NV,89117-1944,Bad State
LAS VEGAS,NV,89135-1811,Bad State
LAS VEGAS,NV,89148-7647,Bad State
RENO,NV,89511-8554,Bad State
LOS ANGELES,CA,90025-5119,Bad State
LOS ANGELES,CA,90027-1144,Bad State
LOS ANGELES,CA,90032-1910,Bad State
LOS ANGELES,CA,90034-5570,Bad State
LOS ANGELES,CA,90034-7104,Bad State
LOS ANGELES,CA,90063,Bad State
CULVER CITY,CA,90230-6680,Bad State
EL SEGUNDO,CA,90245,Bad State
REDONDO BEACH,CA,90277,Bad State
REDONDO BEACH,CA,90278-4608,Bad State
REDONDO BEACH,CA,90278-4840,Bad State
VENICE,CA,90291-3443,Bad State
TORRANCE,CA,90501-2905,Bad State
TORRANCE,CA,90503-1602,Bad State
TORRANCE,CA,90504-3102,Bad State
TORRANCE,CA,90504-3444,Bad State
SAN PEDRO,CA,90731-1143,Bad State
SEAL BEACH,CA,90740-6013,Bad State
LONG BEACH,CA,90803-3301,Bad State
LONG BEACH,CA,90805-2221,Bad State
ALTADENA,CA,91001-3343,Bad State
SOUTH PASADENA,CA,91030-3317,Bad State
PASADENA,CA,91105-1896,Bad State
SAN MARINO,CA,91108-1325,Bad State
SAN MARINO,CA,91108-2115,Bad State
SAN MARINO,CA,91108-2423,Bad State
AGOURA HILLS,CA,91301,Bad State
CALABASAS,CA,91302-1952,Bad State
WEST HILLS,CA,91307-1324,Bad State
PORTER RANCH,CA,91326-3889,Bad State
NORTH HILLS,CA,91343,Bad State
CANYON COUNTRY,CA,91351-3445,Bad State
VALENCIA,CA,91354-2148,Bad State
THOUSAND OAKS,CA,91362-2413,Bad State
VAN NUYS,CA,91409-7226,Bad State
SHERMAN OAKS,CA,91423-5844,Bad State
ENCINO,CA,91436-2072,Bad State
ENCINO,CA,91436-2754,Bad State
CHINO HILLS,CA,91709-3949,Bad State
RANCHO CUCAMONGA,CA,91739-8097,Bad State
GLENDORA,CA,91740-4848,Bad State
DIAMOND BAR,CA,91765-2508,Bad State
DIAMOND BAR,CA,91765-3313,Bad State
ROSEMEAD,CA,91770-2714,Bad State
ROSEMEAD,CA,91770-5106,Bad State
ALHAMBRA,CA,91801-3731,Bad State
ALHAMBRA,CA,91801-4809,Bad State
CHULA VISTA,CA,91911-7014,Bad State
SPRING VALLEY,CA,91978-2034,Bad State
CARLSBAD,CA,92009-1730,Bad State
CARLSBAD,CA,92009-3080,Bad State
CARLSBAD,CA,92011-4004,Bad State
EL CAJON,CA,92019-5117,Bad State
ENCINITAS,CA,92024-3868,Bad State
LAKESIDE,CA,92040-5521,Bad State
SAN MARCOS,CA,92069-7327,Bad State
SOLANA BEACH,CA,92075-1627,Bad State
SAN DIEGO,CA,92102-2127,Bad State
SAN DIEGO,CA,92114-3307,Bad State
SAN DIEGO,CA,92126-1253,Bad State
SAN DIEGO,CA,92129-1530,Bad State
SAN DIEGO,CA,92129-3504,Bad State
SAN DIEGO,CA,92130-2539,Bad State
SAN DIEGO,CA,92130-2680,Bad State
BEAUMONT,CA,92223-7473,Bad State
LA QUINTA,CA,92253-3845,Bad State
HESPERIA,CA,92345-5777,Bad State
RIVERSIDE,CA,92504-3294,Bad State
IRVINE,CA,92602-0922,Bad State
IRVINE,CA,92603-5709,Bad State
IRVINE,CA,92606-4504,Bad State
IRVINE,CA,92606-4513,Bad State
IRVINE,CA,92606-8926,Bad State
IRVINE,CA,92618-1366,Bad State
IRVINE,CA,92618-4811,Bad State
IRVINE,CA,92620-2152,Bad State
IRVINE,CA,92620-3343,Bad State
CORONA DEL MAR,CA,92625-2601,Bad State
COSTA MESA,CA,92626-7999,Bad State
COSTA MESA,CA,92628-2007,Bad State
LAKE FOREST,CA,92630-1431,Bad State
LAGUNA WOODS,CA,92637,Bad State
HUNTINGTON BEACH,CA,92648-5815,Bad State
LAGUNA HILLS,CA,92653-5437,Bad State
ALISO VIEJO,CA,92656-5285,Bad State
NEWPORT COAST,CA,92657-1600,Bad State
NEWPORT BEACH,CA,92660-7506,Bad State
NEWPORT BEACH,CA,92663-2547,Bad State
NEWPORT BEACH,CA,92663-2925,Bad State
WESTMINSTER,CA,92683-3447,Bad State
RANCHO SANTA MARGARITA,CA,92688-8719,Bad State
SANTA ANA,CA,92735-0087,Bad State
TUSTIN,CA,92782-1196,Bad State
TUSTIN,CA,92782-8909,Bad State
GARDEN GROVE,CA,92840-2027,Bad State
GARDEN GROVE,CA,92841-3336,Bad State
GARDEN GROVE,CA,92844-2150,Bad State
PLACENTIA,CA,92870-8418,Bad State
YORBA LINDA,CA,92886-1301,Bad State
OJAI,CA,93023-3001,Bad State
SIMI VALLEY,CA,93063-0449,Bad State
GOLETA,CA,93117-5341,Bad State
SANTA YNEZ,CA,93460-9757,Bad State
SEASIDE,CA,93955-6549,Bad State
BELMONT,CA,94002-7246,Bad State
DALY CITY,CA,94014-1931,Bad State
HALF MOON BAY,CA,94019-4240,Bad State
LOS ALTOS,CA,94022,Bad State
LOS ALTOS,CA,94022-6514,Bad State
LOS ALTOS,CA,94024-4832,Bad State
LOS ALTOS,CA,94024-7222,Bad State
MOUNTAIN VIEW,CA,94040-3650,Bad State
MOUNTAIN VIEW,CA,94040-6206,Bad State
MOUNTAIN VIEW,CA,94042-1336,Bad State
REDWOOD CITY,CA,94061-1260,Bad State
REDWOOD CITY,CA,94061-2212,Bad State
REDWOOD CITY,CA,94062-2108,Bad State
WOODSIDE,CA,94062-2633,Bad State
REDWOOD CITY,CA,94065-1129,Bad State
SAN CARLOS,CA,94070-1707,Bad State
SUNNYVALE,CA,94085-1003,Bad State
SUNNYVALE,CA,94086-0135,Bad State
SUNNYVALE,CA,94086-4815,Bad State
SUNNYVALE,CA,94086-5363,Bad State
SUNNYVALE,CA,94086-8373,Bad State
SUNNYVALE,CA,94087-1711,Bad State
SUNNYVALE,CA,94087-1858,Bad State
SUNNYVALE,CA,94087-5420,Bad State
SAN FRANSICO,CA,94102,Bad State
SAN FRANCISCO,CA,94104-5401,Bad State
SAN FRANCISCO,CA,94105-2164,Bad State
SAN FRANCISCO,CA,94112-1255,Bad State
SAN FRANCISCO,CA,94115-4314,Bad State
SAN FRANCISCO,CA,94118-3926,Bad State
SAN FRANCISCO,CA,94158-2345,Bad State
PALO ALTO,CA,94303-4069,Bad State
PALO ALTO,CA,94306-1351,Bad State
SAN MATEO,CA,94403-1596,Bad State
FOSTER CITY,CA,94404-1309,Bad State
FOSTER CITY,CA,94404-2932,Bad State
FOSTER CITY,CA,94404-3967,Bad State
ALAMEDA,CA,94501-3921,Bad State
PLEASANT HILL,CA,94523-1120,Bad State
PLEASANT HILL,CA,94523-4001,Bad State
PLEASANT HILL,CA,94523-4908,Bad State
DANVILLE,CA,94526-3211,Bad State
FREMONT,CA,94536-2665,Bad State
FREMONT,CA,94536-4638,Bad State
FREMONT,CA,94536-6638,Bad State
FREMONT,CA,94536-7074,Bad State
FREMONT,CA,94538-1208,Bad State
FREMONT,CA,94538-3580,Bad State
FREMONT,CA,94538-3981,Bad State
FREMONT,CA,94538-3989,Bad State
FREMONT,CA,94538-4277,Bad State
FREMONT,CA,94539-3670,Bad State
FREMONT,CA,94539-3762,Bad State
FREMONT,CA,94539-5208,Bad State
FREMONT,CA,94539-6251,Bad State
CASTRO VALLEY,CA,94552-5517,Bad State
FREMONT,CA,94555-1472,Bad State
FREMONT,CA,94555-1572,Bad State
FREMONT,CA,94555-1983,Bad State
FREMONT,CA,94555-2280,Bad State
NEWARK,CA,94560-2361,Bad State
PLEASANTON,CA,94566-4703,Bad State
PLEASANTON,CA,94566-5440,Bad State
PLEASANTON,CA,94566-5903,Bad State
DUBLIN,CA,94568-2554,Bad State
DUBLIN,CA,94568-4251,Bad State
DUBLIN,CA,94568-4839,Bad State
DUBLIN,CA,94568-5556,Bad State
DUBLIN,CA,94568-6726,Bad State
DUBLIN,CA,94568-7916,Bad State
SAN RAMON,CA,94582-3071,Bad State
SAN RAMON,CA,94582-4969,Bad State
SAN RAMON,CA,94582-5076,Bad State
SAN RAMON,CA,94583-3186,Bad State
SAN RAMON,CA,94583-3825,Bad State
SAN RAMON,CA,94583-4000,Bad State
SAN RAMON,CA,94583-9116,Bad State
UNION CITY,CA,94587-1546,Bad State
UNION CITY,CA,94587-5400,Bad State
UNION CITY,CA,94587-8203,Bad State
PLEASANTON,CA,94588-3639,Bad State
PLEASANTON,CA,94588-4852,Bad State
PLEASANTON,CA,94588-8228,Bad State
VALLEJO,CA,94590-8159,Bad State
VALLEJO,CA,94591-6448,Bad State
WALNUT CREEK,CA,94596-4014,Bad State
WALNUT CREEK,CA,94597-2462,Bad State
WALNUT CREEK,CA,94597-3130,Bad State
OAKLAND,CA,94607-3637,Bad State
OAKLAND,CA,94609-1726,Bad State
OAKLAND,CA,94610-4720,Bad State
EL SOBRANTE,CA,94803-1449,Bad State
BELVEDERE TIBURON,CA,94920-2024,Bad State
ROHNERT PARK,CA,94928-5045,Bad State
CAMPBELL,CA,95008-3401,Bad State
CAMPBELL,CA,95008-3839,Bad State
CAMPBELL,CA,95008-5810,Bad State
CAMPBELL,CA,95008-5903,Bad State
CAMPBELL,CA,95011-1712,Bad State
CUPERTINO,CA,95014-2008,Bad State
CUPERTINO,CA,95014-3336,Bad State
CUPERTINO,CA,95014-4668,Bad State
CUPERTINO,CA,95015-2867,Bad State
GILROY,CA,95020-5315,Bad State
LOS GATOS,CA,95032-1710,Bad State
LOS GATOS,CA,95033-9285,Bad State
MILPITAS,CA,95035-4429,Bad State
MILPITAS,CA,95035-6540,Bad State
MILPITAS,CA,95035-7985,Bad State
MILPITAS,CA,95035-8048,Bad State
MORGAN HILL,CA,95037-7187,Bad State
SANTA CLARA,CA,95050-3738,Bad State
SANTA CLARA,CA,95051-1855,Bad State
SANTA CLARA,CA,95051-1920,Bad State
SANTA CLARA,CA,95051-2324,Bad State
SANTA CLARA,CA,95051-3513,Bad State
SANTA CLARA,CA,95051-5566,Bad State
SANTA CLARA,CA,95051-5843,Bad State
SARATOGA,CA,95070-3018,Bad State
SARATOGA,CA,95070-3063,Bad State
SARATOGA,CA,95070-3319,Bad State
SARATOGA,CA,95070-3328,Bad State
SARATOGA,CA,95070-3514,Bad State
SARATOGA,CA,95070-3723,Bad State
SARATOGA,CA,95070-4724,Bad State
SAN JOSE,CA,95117-1494,Bad State
SAN JOSE,CA,95117-2978,Bad State
SAN JOSE,CA,95118-1752,Bad State
SAN JOSE,CA,95118-2033,Bad State
SAN JOSE,CA,95118-3466,Bad State
SAN JOSE,CA,95119-1412,Bad State
SAN JOSE,CA,95120-1849,Bad State
SAN JOSE,CA,95120-3026,Bad State
SAN JOSE,CA,95120-5410,Bad State
SAN JOSE,CA,95121-1929,Bad State
SAN JOSE,CA,95121-2603,Bad State
SAN JOSE,CA,95124-2519,Bad State
SAN JOSE,CA,95124-2703,Bad State
SAN JOSE,CA,95124-3609,Bad State
SAN JOSE,CA,95124-5138,Bad State
SAN JOSE,CA,95125-2407,Bad State
SAN JOSE,CA,95125-3307,Bad State
SAN JOSE,CA,95125-6600,Bad State
SAN JOSE,CA,95129-2915,Bad State
SAN JOSE,CA,95129-3033,Bad State
SAN JOSE,CA,95130-1818,Bad State
SAN JOSE,CA,95131-2746,Bad State
SAN JOSE,CA,95131-3020,Bad State
SAN JOSE,CA,95131-3051,Bad State
SAN JOSE,CA,95132-1404,Bad State
SAN JOSE,CA,95133-2059,Bad State
SAN JOSE,CA,95134-1829,Bad State
SAN JOSE,CA,95134-2017,Bad State
SAN JOSE,CA,95136-2644,Bad State
SAN JOSE,CA,95138-2115,Bad State
SAN JOSE,CA,95138-2380,Bad State
SAN JOSE,CA,95173-1356,Bad State
TURLOCK,CA,95382-7418,Bad State
MOUNTAIN HOUSE,CA,95391-1502,Bad State
MOUNTAIN HOUSE,CA,95391-8002,Bad State
MOUNTAIN HOUSE,CA,95391-8296,Bad State
SONOMA,CA,95476-4655,Bad State
AUBURN,CA,95602-8480,Bad State
DAVIS,CA,95618-7649,Bad State
FOLSOM,CA,95630-6084,Bad State
FOLSOM,CA,95630-7338,Bad State
LINCOLN,CA,95648-8947,Bad State
N HIGHLANDS,CA,95660-3749,Bad State
ROSEVILLE,CA,95661-3222,Bad State
ROCKLIN,CA,95677-3541,Bad State
EL DORADO HILLS,CA,95762-0014,Bad State
WOODLAND,CA,95776-5504,Bad State
SACRAMENTO,CA,95835-2333,Bad State
SACRAMENTO,CA,95864-5639,Bad State
PLUMAS LAKE,CA,95961-9216,Bad State
TAHOE CITY,CA,96145-0167,Bad State
KAILUA KONA,HI,96740,Bad State
KAILUA KONA,HI,96740-9752,Bad State
WAHIAWA,HI,96786-5827,Bad State
TUALATIN,OR,97062-6869,Bad State
ROSEBURG,OR,97471-4409,Bad State
ONTARIO,OR,97914-3335,Bad State
AUBURN,WA,98002-6245,Bad State
BELLEVUE,WA,98004-2355,Bad State
BELLEVUE,WA,98004-7042,Bad State
BELLEVUE,WA,98006-1593,Bad State
BELLEVUE,WA,98006-3652,Bad State
BELLEVUE,WA,98008-5971,Bad State
EDMONDS,WA,98026-7270,Bad State
ISSAQUAH,WA,98027-2820,Bad State
KENMORE,WA,98028-4453,Bad State
KENT,WA,98030-5414,Bad State
KIRKLAND,WA,98033,Bad State
KIRKLAND,WA,98033-7621,Bad State
MERCER ISLAND,WA,98040-2223,Bad State
REDMOND,WA,98052-1747,Bad State
RENTON,WA,98056-2765,Bad State
RENTON,WA,98058-9156,Bad State
SAMMAMISH,WA,98074-7089,Bad State
SAMMAMISH,WA,98075-9411,Bad State
SEATTLE,WA,98101-1363,Bad State
SEATTLE,WA,98101-3367,Bad State
SEATTLE,WA,98107-2855,Bad State
SEATTLE,WA,98109-5821,Bad State
SEATTLE,WA,98109-6032,Bad State
SEATTLE,WA,98112-4016,Bad State
SEATTLE,WA,98126-5113,Bad State
BELLINGHAM,WA,98226-7278,Bad State
MUKILTEO,WA,98275-2116,Bad State
LACEY,WA,98516-7169,Bad State
CAMAS,WA,98607-9871,Bad State
VANCOUVER,WA,98660-3476,Bad State
SPOKANE,WA,99207-1903,Bad State
EIELSON AFB,AK,99702-4001,Bad State
JUNEAU,AK,99801-8779,Bad State
BOTHELL,WA,98021-5070,Bad State
TOA BAJA,PR,00950-1526,Bad State
PITTSFIELD,MA,01201-1552,Bad State
PITTSFIELD,MA,01201-8237,Bad State
LENOX,MA,01240-2447,Bad State
LITTLETON,MA,01460-1620,Bad State
SHREWSBURY,MA,01545-5469,Bad State
SHREWSBURY,MA,01545-6411,Bad State
SHREWSBURY,MA,01545-8301,Bad State
WESTBOROUGH,MA,01581-3637,Bad State
WORCESTER,MA,01604-1176,Bad State
BOXBOROUGH,MA,01719-1512,Bad State
BOXBOROUGH,MA,01719-1629,Bad State
ACTON,MA,01720-2763,Bad State
ACTON,MA,01720-3244,Bad State
ACTON,MA,01720-5883,Bad State
ASHLAND,MA,01721-1882,Bad State
BEDFORD,MA,01730-2054,Bad State
BEDFORD,MA,01730-2066,Bad State
BEDFORD,MA,01730-2419,Bad State
BEDFORD,MA,01730-2501,Bad State
CARLISLE,MA,01741-1234,Bad State
CONCORD,MA,01742-3177,Bad State
HOPKINTON,MA,01748-1323,Bad State
WAYLAND,MA,01778-2800,Bad State
ANDOVER,MA,01810-3428,Bad State
ANDOVER,MA,01810-4835,Bad State
CHELMSFORD,MA,01824-4663,Bad State
CHELMSFORD,MA,01824-6306,Bad State
HAVERHILL,MA,01830-1589,Bad State
NORTH ANDOVER,MA,01845-6228,Bad State
LOWELL,MA,01851-2013,Bad State
N BILLERICA,MA,01862-2140,Bad State
NORTH READING,MA,01864-3230,Bad State
WESTFORD,MA,01886-1192,Bad State
WESTFORD,MA,01886-2595,Bad State
WILMINGTON,MA,01887-3838,Bad State
SAUGUS,MA,01906-3620,Bad State
BEVERLY,MA,01915-2168,Bad State
LYNNFIELD,MA,01940-1962,Bad State
MIDDLETON,MA,01949-2257,Bad State
PEABODY,MA,01960-8620,Bad State
SOUTH HAMILTON,MA,01982-2015,Bad State
CANTON,MA,02021-1044,Bad State
FRANKLIN,MA,02038-1789,Bad State
FRANKLIN,MA,02038-2666,Bad State
FRANKLIN,MA,02038-2752,Bad State
NORFOLK,MA,02056-4004,Bad State
SHARON,MA,02067-2479,Bad State
SHARON,MA,02067-2880,Bad State
SHARON,MA,02067-2939,Bad State
STOUGHTON,MA,02072-3587,Bad State
BOSTON,MA,02109-2106,Bad State
BOSTON,MA,02110-3104,Bad State
BOSTON,MA,02114-2276,Bad State
BOSTON,MA,02115-3512,Bad State
ROXBURY,MA,02119-1435,Bad State
BOSTON,MA,02119-1568,Bad State
ROXBURY,MA,02119-2366,Bad State
BOSTON,MA,02128-2175,Bad State
CHARLESTOWN,MA,02129-2513,Bad State
WEST ROXBURY,MA,02132-5050,Bad State
MALDEN,MA,02148-7931,Bad State
MEDFORD,MA,02155-3151,Bad State
QUINCY,MA,02170-2509,Bad State
MILTON,MA,02186-2321,Bad State
BOSTON,MA,02199-8203,Bad State
BOSTON,MA,02298-1012,Bad State
LEXINGTON,MA,02420-2002,Bad State
LEXINGTON,MA,02421-7526,Bad State
LEXINGTON,MA,02421-7944,Bad State
BROOKLINE,MA,02446-6777,Bad State
WALTHAM,MA,02451-0955,Bad State
WALTHAM,MA,02453-6886,Bad State
NEWTON,MA,02458-1039,Bad State
NEWTON,MA,02459-1336,Bad State
AUBURNDALE,MA,02466-2317,Bad State
WATERTOWN,MA,02472-2773,Bad State
BELMONT,MA,02478-4024,Bad State
NEEDHAM,MA,02492-1534,Bad State
NEEDHAM,MA,02494-1833,Bad State
NANTUCKET,MA,02554-2880,Bad State
CENTERVILLE,MA,02632-2151,Bad State
CENTERVILLE,MA,02632-2528,Bad State
SOUTH YARMOUTH,MA,02664-2911,Bad State
BLOCK ISLAND,RI,02807-1640,Bad State
CHARLESTOWN,RI,02813-2839,Bad State
CUMBERLAND,RI,02864-1645,Bad State
CUMBERLAND,RI,02864-4847,Bad State
WARWICK,RI,02886-1745,Bad State
DERRY,NH,03038-4009,Bad State
HUDSON,NH,03051-6904,Bad State
LONDONDERRY,NH,03053-2207,Bad State
MERRIMACK,NH,03054-4750,Bad State
NASHUA,NH,03062-2135,Bad State
NASHUA,NH,03062-2533,Bad State
NASHUA,NH,03062-3031,Bad State
NASHUA,NH,03062-4735,Bad State
BEDFORD,NH,03110-4544,Bad State
BARRINGTON,NH,03825-5121,Bad State
NEW CASTLE,NH,03854-0444,Bad State
SCARBOROUGH,ME,04074-7558,Bad State
N YARMOUTH,ME,04097-6934,Bad State
FALMOUTH,ME,04105-1160,Bad State
BANGOR,ME,04401-4062,Bad State
BREWER,ME,04412-2304,Bad State
MILLINOCKET,ME,04462-1901,Bad State
CHARLOTTE,VT,05445-9110,Bad State
MILTON,VT,05468,Bad State
STOWE,VT,05672-5307,Bad State
GLASTONBURY,CT,06033-3849,Bad State
NEW BRITAIN,CT,06052-1928,Bad State
UNIONVILLE,CT,06085-1475,Bad State
WEST SUFFIELD,CT,06093-2400,Bad State
WINDSOR,CT,06095-4508,Bad State
NIANTIC,CT,06357-2038,Bad State
MILFORD,CT,06461-1738,Bad State
SOUTHINGTON,CT,06489-2407,Bad State
NEW HAVEN,CT,06513-4612,Bad State
HAMDEN,CT,06518-1773,Bad State
PROSPECT,CT,06712-1807,Bad State
BROOKFIELD,CT,06804-1715,Bad State
FAIRFIELD,CT,06824-1946,Bad State
GREENWICH,CT,06830-6005,Bad State
NORWALK,CT,06851-3303,Bad State
NORWALK,CT,06854-3727,Bad State
OLD GREENWICH,CT,06870-1114,Bad State
WESTPORT,CT,06880-3717,Bad State
REDDING,CT,06896-1425,Bad State
WILTON,CT,06897-3914,Bad State
STAMFORD,CT,06902-1619,Bad State
STAMFORD,CT,06902-6359,Bad State
STAMFORD,CT,06902-8815,Bad State
STAMFORD,CT,06903-2606,Bad State
BAYONNE,NJ,07002-3006,Bad State
BOONTON,NJ,07005-1617,Bad State
CEDAR GROVE,NJ,07009-1537,Bad State
CLIFFSIDE PARK,NJ,07010-2110,Bad State
CLIFFSIDE PARK,NJ,07010-2223,Bad State
CLIFTON,NJ,07012-1134,Bad State
CLIFTON,NJ,07012-1855,Bad State
CLIFTON,NJ,07014-1726,Bad State
EDGEWATER,NJ,07020-1816,Bad State
HARRISON,NJ,07029-2122,Bad State
HARRISON,NJ,07029-2431,Bad State
HOBOKEN,NJ,07030-6989,Bad State
KEARNY,NJ,07032-3518,Bad State
LIVINGSTON,NJ,07039-1419,Bad State
LIVINGSTON,NJ,07039-1801,Bad State
LIVINGSTON,NJ,07039-3422,Bad State
LIVINGSTON,NJ,07039-4124,Bad State
LIVINGSTON,NJ,07039-4126,Bad State
LIVINGSTON,NJ,07039-4322,Bad State
LIVINGSTON,NJ,07039-4606,Bad State
LIVINGSTON,NJ,07039-6202,Bad State
LIVINGSTON,NJ,07039-6231,Bad State
MILLBURN,NJ,07041-1341,Bad State
MILLBURN,NJ,07041-1437,Bad State
MILLBURN,NJ,07041-1481,Bad State
MILLBURN,NJ,07041-1502,Bad State
UPPER MONTCLAIR,NJ,07043-1808,Bad State
MOUNTAIN LAKES,NJ,07046-1230,Bad State
MOUNTAIN LAKES,NJ,07046-1307,Bad State
NORTH BERGEN,NJ,07047-5168,Bad State
NORTH BERGEN,NJ,07047-5223,Bad State
ORANGE,NJ,07050-3128,Bad State
WEST ORANGE,NJ,07052-1433,Bad State
PARSIPPANY,NJ,07054-1248,Bad State
PARSIPPANY,NJ,07054-3419,Bad State
PARSIPPANY,NJ,07054-3432,Bad State
PARSIPPANY,NJ,07054-3484,Bad State
PINE BROOK,NJ,07058-9534,Bad State
WARREN,NJ,07059,Bad State
WARREN,NJ,07059-2722,Bad State
WARREN,NJ,07059-5309,Bad State
WARREN,NJ,07059-5846,Bad State
WARREN,NJ,07059-7154,Bad State
N PLAINFIELD,NJ,07060-4127,Bad State
PLAINFIELD,NJ,07063-1358,Bad State
COLONIA,NJ,07067-2709,Bad State
RUTHERFORD,NJ,07070-2454,Bad State
MOONACHIE,NJ,07074-1238,Bad State
SCOTCH PLAINS,NJ,07076-3562,Bad State
SHORT HILLS,NJ,07078-2120,Bad State
SHORT HILLS,NJ,07078-2463,Bad State
SHORT HILLS,NJ,07078-3236,Bad State
SHORT HILLS,NJ,07078-3426,Bad State
SOUTH ORANGE,NJ,07079-2076,Bad State
UNION CITY,NJ,07087-6110,Bad State
WESTFIELD,NJ,07090-3411,Bad State
MOUNTAINSIDE,NJ,07092-2501,Bad State
WEST NEW YORK,NJ,07093-7053,Bad State
WEST NEW YORK,NJ,07093-7808,Bad State
SECAUCUS,NJ,07094-2206,Bad State
SECAUCUS,NJ,07094-2959,Bad State
SECAUCUS,NJ,07094-3725,Bad State
WOODBRIDGE,NJ,07095-1119,Bad State
WOODBRIDGE,NJ,07095-3908,Bad State
NEWARK,NJ,07105-4398,Bad State
NUTLEY,NJ,07110-3939,Bad State
IRVINGTON,NJ,07111-1706,Bad State
JERSEY CITY,NJ,07302,Bad State
JERSEY CITY,NJ,07302-6686,Bad State
JERSEY CITY,NJ,07302-7204,Bad State
JERSEY CITY,NJ,07302-7206,Bad State
JERSEY CITY,NJ,07305-1439,Bad State
JERSEY CITY,NJ,07307-1402,Bad State
JERSEY CITY,NJ,07310-1521,Bad State
JERSEY CITY,NJ,07310-1755,Bad State
JERSEY CITY,NJ,07310-2215,Bad State
JERSEY CITY,NJ,07310-3161,Bad State
ELMWOOD PARK,NJ,07407-2827,Bad State
HAMBURG,NJ,07419-1129,Bad State
HEWITT,NJ,07421-3718,Bad State
MAHWAH,NJ,07430-1573,Bad State
RAMSEY,NJ,07446-1016,Bad State
RIDGEWOOD,NJ,07450-1139,Bad State
RIDGEWOOD,NJ,07450-3022,Bad State
RIDGEWOOD,NJ,07450-5434,Bad State
UPPER SADDLE RIVER,NJ,07458-2131,Bad State
WAYNE,NJ,07470-5241,Bad State
WAYNE,NJ,07470-6005,Bad State
TOTOWA,NJ,07512-1614,Bad State
HACKENSACK,NJ,07601-2535,Bad State
HASBROUCK HTS,NJ,07604-2631,Bad State
CRESSKILL,NJ,07626-1501,Bad State
DUMONT,NJ,07628-3007,Bad State
ENGLEWOOD CLIFFS,NJ,07632-2135,Bad State
LITTLE FERRY,NJ,07643-2146,Bad State
PALISADES PARK,NJ,07650-1353,Bad State
PARAMUS,NJ,07653-8111,Bad State
RIVER EDGE,NJ,07661-2454,Bad State
ROCHELLE PARK,NJ,07662-3523,Bad State
TEANECK,NJ,07666-0844,Bad State
TEANECK,NJ,07666-2805,Bad State
TENAFLY,NJ,07670,Bad State
TOWNSHIP OF WASHINGTON,NJ,07676-4822,Bad State
WOODCLIFF LAKE,NJ,07677-8221,Bad State
MANALAPAN,NJ,07726-4275,Bad State
MANALAPAN,NJ,07726-8767,Bad State
MANALAPAN,NJ,07726-9337,Bad State
MORGANVILLE,NJ,07751-2650,Bad State
MORGANVILLE,NJ,07751-4046,Bad State
NEPTUNE,NJ,07753-5244,Bad State
OCEAN GROVE,NJ,07756-1326,Bad State
RUMSON,NJ,07760-2328,Bad State
DOVER,NJ,07801-3616,Bad State
BUDD LAKE,NJ,07828-3018,Bad State
COLUMBIA,NJ,07832-2640,Bad State
DENVILLE,NJ,07834-1404,Bad State
DENVILLE,NJ,07834-3532,Bad State
GREAT MEADOWS,NJ,07838-2700,Bad State
HACKETTSTOWN,NJ,07840-2849,Bad State
LAKE HOPATCONG,NJ,07849-2461,Bad State
LONG VALLEY,NJ,07853-4101,Bad State
RANDOLPH,NJ,07869-3725,Bad State
SPARTA,NJ,07871-2204,Bad State
WASHINGTON,NJ,07882-4011,Bad State
BASKING RIDGE,NJ,07920-2973,Bad State
BASKING RIDGE,NJ,07920-3408,Bad State
BASKING RIDGE,NJ,07920-3724,Bad State
BASKING RIDGE,NJ,07920-3733,Bad State
BASKING RIDGE,NJ,07920-3825,Bad State
CHATHAM,NJ,07928-1735,Bad State
FLORHAM PARK,NJ,07932-3039,Bad State
GILLETTE,NJ,07933-1908,Bad State
EAST HANOVER,NJ,07936-1322,Bad State
EAST HANOVER,NJ,07936-2985,Bad State
MENDHAM,NJ,07945-2211,Bad State
MORRISTOWN,NJ,07960-3129,Bad State
NEW VERNON,NJ,07976-0011,Bad State
STIRLING,NJ,07980-1102,Bad State
WHIPPANY,NJ,07981-1706,Bad State
BLACKWOOD,NJ,08012-3809,Bad State
CHERRY HILL,NJ,08034-1738,Bad State
VOORHEES,NJ,08043-3734,Bad State
MEDFORD,NJ,08055-4024,Bad State
WESTVILLE,NJ,08093-1229,Bad State
CAPE MAY,NJ,08204-4106,Bad State
CAPE MAY COURT HOUSE,NJ,08210-2900,Bad State
OCEAN CITY,NJ,08226-4340,Bad State
VINELAND,NJ,08360-6309,Bad State
BELLE MEAD,NJ,08502-5848,Bad State
BORDENTOWN,NJ,08505-1329,Bad State
BORDENTOWN,NJ,08505-4737,Bad State
CRANBURY,NJ,08512-2140,Bad State
CRANBURY,NJ,08512-3403,Bad State
CRANBURY,NJ,08512-3412,Bad State
CHESTERFIELD,NJ,08515-9636,Bad State
CHESTERFIELD,NJ,08515-9796,Bad State
PENNINGTON,NJ,08534-3701,Bad State
PENNINGTON,NJ,08534-5261,Bad State
PLAINSBORO,NJ,08536-3114,Bad State
PRINCETON,NJ,08540-1676,Bad State
PRINCETON,NJ,08540-6104,Bad State
PRINCETON,NJ,08540-6120,Bad State
PRINCETON,NJ,08540-6127,Bad State
PRINCETON,NJ,08540-6130,Bad State
PRINCETON,NJ,08540-6531,Bad State
PRINCETON,NJ,08540-7060,Bad State
PRINCETON,NJ,08540-7811,Bad State
PRINCETON JUNCTION,NJ,08550-2024,Bad State
PRINCETON JUNCTION,NJ,08550-2160,Bad State
WEST WINDSOR,NJ,08550-5226,Bad State
ROBBINSVILLE,NJ,08691-2304,Bad State
BRICK,NJ,08723-6103,Bad State
BRIELLE,NJ,08730-1220,Bad State
MANASQUAN,NJ,08736-3246,Bad State
TOMS RIVER,NJ,08757-6449,Bad State
WHITING,NJ,08759-3235,Bad State
BRIDGEWATER,NJ,08807-5708,Bad State
BRIDGEWATER,NJ,08807-5710,Bad State
DAYTON,NJ,08810-1365,Bad State
DAYTON,NJ,08810-1640,Bad State
EAST BRUNSWICK,NJ,08816-3584,Bad State
EAST BRUNSWICK,NJ,08816-5310,Bad State
EDISON,NJ,08817-2353,Bad State
EDISON,NJ,08817-2366,Bad State
EDISON,NJ,08817-2839,Bad State
EDISON,NJ,08817-4145,Bad State
EDISON,NJ,08820-1080,Bad State
EDISON,NJ,08820-1625,Bad State
EDISON,NJ,08820-1809,Bad State
EDISON,NJ,08820-2829,Bad State
EDISON,NJ,08820-3223,Bad State
EDISON,NJ,08820-3733,Bad State
EDISON,NJ,08820-4438,Bad State
EDISON,NJ,08820-4800,Bad State
FRANKLIN PARK,NJ,08823-1528,Bad State
KENDALL PARK,NJ,08824-1324,Bad State
GLEN GARDNER,NJ,08826-3819,Bad State
MONROE TOWNSHIP,NJ,08831-2374,Bad State
MONROE TWP,NJ,08831-2711,Bad State
MONROE TOWNSHIP,NJ,08831-3211,Bad State
MONROE,NJ,08831-5339,Bad State
MONROE TOWNSHIP,NJ,08831-7803,Bad State
MONROE,NJ,08831-7902,Bad State
MONROE TOWNSHIP,NJ,08831-8401,Bad State
LEBANON,NJ,08833-3021,Bad State
EDISON,NJ,08837-3059,Bad State
EDISON,NJ,08837-7003,Bad State
HILLSBOROUGH,NJ,08844-1542,Bad State
HILLSBOROUGH,NJ,08844-4088,Bad State
HILLSBOROUGH,NJ,08844-7117,Bad State
MONMOUTH JUNCTION,NJ,08852-2379,Bad State
MONMOUTH JCT,NJ,08852-2392,Bad State
MONMOUTH JCT,NJ,08852-3086,Bad State
MONMOUTH JUNCTION,NJ,08852-3088,Bad State
BRANCHBURG,NJ,08853-4232,Bad State
BRANCHBURG,NJ,08853-4236,Bad State
PARLIN,NJ,08859-1684,Bad State
PARLIN,NJ,08859-3111,Bad State
FORDS,NJ,08863-1953,Bad State
PITTSTOWN,NJ,08867-4043,Bad State
SOMERSET,NJ,08873-2454,Bad State
SOUTH AMBOY,NJ,08879-2937,Bad State
NEW BRUNSWICK,NJ,08901-4804,Bad State
NORTH BRUNSWICK,NJ,08902-5206,Bad State
NORTH BRUNSWICK,NJ,08902-5514,Bad State
NORTH BRUNSWICK,NJ,08902-5515,Bad State
NORTH BRUNSWICK,NJ,08902-5517,Bad State
APO,AE,09096-1047,Bad State
APO,AE,09180-1005,Bad State
APO,AE,09250-1019,Bad State
APO,AE,09309-1229,Bad State
FPO,AE,09618-0035,Bad State
APO,AE,09714-0001,Bad State
NEW YORK,NY,10001-2772,Bad State
NEW YORK,NY,10003-8728,Bad State
NEW YORK,NY,10004-1617,Bad State
NEW YORK,NY,10005-4301,Bad State
NEW YORK,NY,10009-7994,Bad State
NEW YORK,NY,10010-3113,Bad State
NEW YORK,NY,10010-3643,Bad State
NEW YORK,NY,10010-5041,Bad State
NEW YORK,NY,10011-4956,Bad State
NEW YORK,NY,10011-9043,Bad State
NEW YORK,NY,10012-3222,Bad State
NEW YORK,NY,10013-1924,Bad State
NEW YORK,NY,10016-7921,Bad State
NEW YORK,NY,10017-1801,Bad State
NEW YORK,NY,10017-2024,Bad State
NEW YORK,NY,10018-0664,Bad State
NEW YORK,NY,10019-4053,Bad State
NEW YORK,NY,10019-5361,Bad State
NEW YORK,NY,10022-4436,Bad State
NEW YORK,NY,10023-0238,Bad State
NEW YORK,NY,10023-2913,Bad State
NEW YORK,NY,10023-5812,Bad State
NEW YORK,NY,10023-6603,Bad State
NEW YORK,NY,10024-6037,Bad State
NEW YORK,NY,10030-2217,Bad State
NEW YORK,NY,10031-3624,Bad State
NEW YORK,NY,10036-4367,Bad State
NEW YORK,NY,10037-3223,Bad State
NEW YORK,NY,10037-3403,Bad State
NEW YORK,NY,10038,Bad State
NEW YORK,NY,10038-3608,Bad State
NEW YORK,NY,10128-6856,Bad State
NEW YORK,NY,10163-3636,Bad State
NEW YORK,NY,10280-1088,Bad State
NEW YORK,NY,10281-1049,Bad State
STATEN ISLAND,NY,10301-3456,Bad State
STATEN ISLAND,NY,10305-4560,Bad State
STATEN ISLAND,NY,10308-1333,Bad State
STATEN ISLAND,NY,10310-2311,Bad State
STATEN ISLAND,NY,10312-1175,Bad State
STATEN ISLAND,NY,10314-4540,Bad State
STATEN ISLAND,NY,10314-4849,Bad State
STATEN ISLAND,NY,10314-5338,Bad State
STATEN ISLAND,NY,10314-6306,Bad State
BRONX,NY,10453-4022,Bad State
BRONX,NY,10460-5341,Bad State
BRONX,NY,10467-3760,Bad State
BRONX,NY,10467-7717,Bad State
BRONX,NY,10469-5227,Bad State
ARDSLEY,NY,10502-1411,Bad State
CARMEL,NY,10512-1005,Bad State
CHAPPAQUA,NY,10514-3506,Bad State
HARRISON,NY,10528-1522,Bad State
MAMARONECK,NY,10543-0153,Bad State
PEEKSKILL,NY,10566-2281,Bad State
CORTLANDT MANOR,NY,10567-5140,Bad State
RYE BROOK,NY,10573-1092,Bad State
RYE,NY,10580-2864,Bad State
SCARSDALE,NY,10583-1237,Bad State
SCARSDALE,NY,10583-3116,Bad State
SCARSDALE,NY,10583-3818,Bad State
SCARSDALE,NY,10583-7247,Bad State
TARRYTOWN,NY,10591-4136,Bad State
YORKTOWN HEIGHTS,NY,10598-4232,Bad State
HASTINGS ON HUDSON,NY,10706-3305,Bad State
HASTINGS ON HUDSON,NY,10706-4022,Bad State
BRONXVILLE,NY,10708-2328,Bad State
SUFFERN,NY,10901-4442,Bad State
HIGHLAND MILLS,NY,10930-2611,Bad State
MIDDLETOWN,NY,10940-7185,Bad State
MONROE,NY,10950-3944,Bad State
MONROE,NY,10950-5617,Bad State
NYACK,NY,10960-3204,Bad State
ORANGEBURG,NY,10962-2609,Bad State
SLOATSBURG,NY,10974-2420,Bad State
SPRING VALLEY,NY,10977-6605,Bad State
WARWICK,NY,10990-1337,Bad State
WEST POINT,NY,10996-2125,Bad State
ELMONT,NY,11003-2002,Bad State
FRANKLIN SQUARE,NY,11010-3833,Bad State
GREAT NECK,NY,11021-1446,Bad State
GREAT NECK,NY,11021-3820,Bad State
MANHASSET,NY,11030-2413,Bad State
NEW HYDE PARK,NY,11040-1524,Bad State
NEW HYDE PARK,NY,11040-2333,Bad State
LONG ISLAND CITY,NY,11101-1605,Bad State
ASTORIA,NY,11102-4957,Bad State
ASTORIA,NY,11103-1641,Bad State
BROOKLYN,NY,11201-4941,Bad State
BROOKLYN,NY,11201-5135,Bad State
BROOKLYN,NY,11203-3994,Bad State
BROOKLYN,NY,11203-6506,Bad State
BROOKLYN,NY,11204-3916,Bad State
BROOKLYN,NY,11209-5106,Bad State
BROOKLYN,NY,11209-5333,Bad State
BROOKLYN,NY,11211-3153,Bad State
BROOKLYN,NY,11212-4512,Bad State
BROOKLYN,NY,11214-6843,Bad State
BROOKLYN,NY,11215-8708,Bad State
BROOKLYN,NY,11217-2184,Bad State
BROOKLYN,NY,11217-4087,Bad State
BROOKLYN,NY,11225-5312,Bad State
BROOKLYN,NY,11226-7536,Bad State
BROOKLYN,NY,11233-2401,Bad State
NORTH BROOKLYN,NY,11234,Bad State
BROOKLYN,NY,11234-3438,Bad State
BROOKLYN,NY,11234-5487,Bad State
BROOKLYN,NY,11234-6500,Bad State
BROOKLYN,NY,11235-4938,Bad State
BROOKLYN,NY,11235-6005,Bad State
BROOKLYN,NY,11236,Bad State
BROOKLYN,NY,11236-3017,Bad State
BROOKLYN,NY,11236-3115,Bad State
BROOKLYN,NY,11236-3492,Bad State
BROOKLYN,NY,11238-5373,Bad State
BROOKLYN,NY,11247-1195,Bad State
FLUSHING,NY,11354-2631,Bad State
FLUSHING,NY,11354-3014,Bad State
COLLEGE POINT,NY,11356-0253,Bad State
COLLEGE POINT,NY,11356-2517,Bad State
OAKLAND GDNS,NY,11364-2083,Bad State
BAYSIDE,NY,11364-2240,Bad State
FRESH MEADOWS,NY,11366-1722,Bad State
FLUSHING,NY,11367-1631,Bad State
REGO PARK,NY,11374-1062,Bad State
REGO PARK,NY,11374-1990,Bad State
REGO PARK,NY,11374-3901,Bad State
FOREST HILLS,NY,11375,Bad State
FOREST HILLS,NY,11375-6620,Bad State
HOWARD BEACH,NY,11414-0212,Bad State
HOWARD BEACH,NY,11414-4041,Bad State
QUEENS VILLAGE,NY,11428-1054,Bad State
QUEENS VILLAGE,NY,11429-1727,Bad State
QUEENS VILLAGE,NY,11429-2618,Bad State
MINEOLA,NY,11501-2204,Bad State
NORTH BALDWIN,NY,11510-1036,Bad State
BALDWIN,NY,11510-4040,Bad State
CARLE PLACE,NY,11514-1730,Bad State
GARDEN CITY,NY,11530-2812,Bad State
GLEN COVE,NY,11542-1790,Bad State
GLEN HEAD,NY,11545-2320,Bad State
WEST HEMPSTEAD,NY,11552-4004,Bad State
WESTBURY,NY,11590-3479,Bad State
AMITYVILLE,NY,11701-1039,Bad State
BAY SHORE,NY,11706-4836,Bad State
BETHPAGE,NY,11714-2217,Bad State
BETHPAGE,NY,11714-3201,Bad State
BETHPAGE,NY,11714-5800,Bad State
S SETAUKET,NY,11720-4611,Bad State
S SETAUKET,NY,11720-4625,Bad State
CENTRAL ISLIP,NY,11722-3934,Bad State
COMMACK,NY,11725-4013,Bad State
DEER PARK,NY,11729-1807,Bad State
SETAUKET,NY,11733-3814,Bad State
FARMINGDALE,NY,11735-2011,Bad State
HUNTINGTN STA,NY,11746-3246,Bad State
DIX HILLS,NY,11746-6454,Bad State
MELVILLE,NY,11747-4103,Bad State
JERICHO,NY,11753-1716,Bad State
JERICHO,NY,11753-1718,Bad State
MOUNT SINAI,NY,11766-1862,Bad State
NESCONSET,NY,11767-1630,Bad State
EAST PATCHOGUE,NY,11772-5833,Bad State
PORT JEFFERSON STATION,NY,11776-2920,Bad State
RONKONKOMA,NY,11779-1947,Bad State
SAINT JAMES,NY,11780-3304,Bad State
SEAFORD,NY,11783-1908,Bad State
SEAFORD,NY,11783-2436,Bad State
SHOREHAM,NY,11786-1529,Bad State
SMITHTOWN,NY,11787-1213,Bad State
SMITHTOWN,NY,11787-1736,Bad State
STONY BROOK,NY,11790-2914,Bad State
STONY BROOK,NY,11790-3005,Bad State
SYOSSET,NY,11791-2811,Bad State
SYOSSET,NY,11791-4628,Bad State
SYOSSET,NY,11791-5715,Bad State
SYOSSET,NY,11791-6412,Bad State
WANTAGH,NY,11793-1201,Bad State
WOODBURY,NY,11797-1318,Bad State
WOODBURY,NY,11797-2930,Bad State
HICKSVILLE,NY,11801-5643,Bad State
PLAINVIEW,NY,11803-4917,Bad State
RIVERHEAD,NY,11901-6335,Bad State
EASTPORT,NY,11941-1338,Bad State
MASTIC,NY,11950-4325,Bad State
AMSTERDAM,NY,12010-6349,Bad State
COHOES,NY,12047-1467,Bad State
HALFMOON,NY,12065-6209,Bad State
GLENMONT,NY,12077-2939,Bad State
NISKAYUNA,NY,12309-3153,Bad State
STONE RIDGE,NY,12484-5250,Bad State
NEWBURGH,NY,12550-2952,Bad State
POUGHKEEPSIE,NY,12603-6351,Bad State
ROCK HILL,NY,12775-0706,Bad State
GREENFIELD CENTER,NY,12833-1737,Bad State
BALDWINSVILLE,NY,13027-8915,Bad State
EAST SYRACUSE,NY,13057-9680,Bad State
JAMESVILLE,NY,13078-9731,Bad State
LIVERPOOL,NY,13088-4935,Bad State
PULASKI,NY,13142-3289,Bad State
SYRACUSE,NY,13210-3110,Bad State
CANTON,NY,13617-6562,Bad State
POTSDAM,NY,13676-2042,Bad State
DEPOSIT,NY,13754-0004,Bad State
VESTAL,NY,13850-2153,Bad State
BINGHAMTON,NY,13905-4213,Bad State
EAST AURORA,NY,14052-1444,Bad State
EDEN,NY,14057-9200,Bad State
NORTH TONAWANDA,NY,14120-1345,Bad State
ORCHARD PARK,NY,14127-2383,Bad State
BUFFALO,NY,14221-8452,Bad State
BUFFALO,NY,14225-2337,Bad State
AMHERST,NY,14226-4003,Bad State
CANANDAIGUA,NY,14424-8338,Bad State
FAIRPORT,NY,14450-8956,Bad State
GENESEO,NY,14454-9537,Bad State
PENN YAN,NY,14527-1712,Bad State
PITTSFORD,NY,14534-2213,Bad State
WAYLAND,NY,14572-9438,Bad State
WAYLAND,NY,14572-9764,Bad State
WEBSTER,NY,14580-9119,Bad State
ROCHESTER,NY,14618-2809,Bad State
ROCHESTER,NY,14625-1939,Bad State
HORSEHEADS,NY,14845-1384,Bad State
HORSEHEADS,NY,14845-2281,Bad State
ITHACA,NY,14850-2149,Bad State
ITHACA,NY,14850-3806,Bad State
ITHACA,NY,14850-8780,Bad State
PAINTED POST,NY,14870,Bad State
WAVERLY,NY,14892-9300,Bad State
MC DONALD,PA,15057-1607,Bad State
SEWICKLEY,PA,15143-8585,Bad State
SEWICKLEY,PA,15143-9556,Bad State
PITTSBURGH,PA,15235-5253,Bad State
PITTSBURGH,PA,15236-2556,Bad State
PITTSBURGH,PA,15237-1469,Bad State
PITTSBURGH,PA,15243-1007,Bad State
LIGONIER,PA,15658-8753,Bad State
MURRYSVILLE,PA,15668-9409,Bad State
SAINT MARYS,PA,15857-1016,Bad State
JOHNSTOWN,PA,15909-4014,Bad State
HERMITAGE,PA,16148-6050,Bad State
EDINBORO,PA,16412-1515,Bad State
ERIE,PA,16509-2017,Bad State
ERIE,PA,16509-2862,Bad State
HOLLIDAYSBURG,PA,16648-2734,Bad State
STATE COLLEGE,PA,16803-1179,Bad State
TIOGA,PA,16946-8494,Bad State
LEWISTOWN,PA,17044-2629,Bad State
MECHANICSBURG,PA,17055-4159,Bad State
HARRISBURG,PA,17112-9156,Bad State
YORK,PA,17402-4982,Bad State
YORK,PA,17404-9185,Bad State
LANCASTER,PA,17603-6826,Bad State
DANVILLE,PA,17821-7204,Bad State
BETHLEHEM,PA,18020-7400,Bad State
CENTER VALLEY,PA,18034-8454,Bad State
EASTON,PA,18045-3143,Bad State
ALBRIGHTSVILLE,PA,18210-3605,Bad State
ALBRIGHTSVILLE,PA,18210-7784,Bad State
MILFORD,PA,18337-9386,Bad State
SCRANTON,PA,18505-2302,Bad State
SCRANTON,PA,18505-2718,Bad State
PLAINS,PA,18705-2203,Bad State
DOYLESTOWN,PA,18902-1283,Bad State
CHALFONT,PA,18914-1348,Bad State
CHALFONT,PA,18914-3205,Bad State
NEW HOPE,PA,18938-1009,Bad State
NEWTOWN,PA,18940-1420,Bad State
NEWTOWN,PA,18940-2124,Bad State
WASHINGTON CROSSING,PA,18977-1007,Bad State
BRYN MAWR,PA,19010-3419,Bad State
FAIRLESS HILLS,PA,19030-4313,Bad State
FORT WASHINGTON,PA,19034-3204,Bad State
HORSHAM,PA,19044-1509,Bad State
JENKINTOWN,PA,19046-1728,Bad State
LANGHORNE,PA,19047-3172,Bad State
LANSDOWNE,PA,19050-1428,Bad State
MERION STATION,PA,19066-1137,Bad State
YARDLEY,PA,19067,Bad State
YARDLEY,PA,19067-3824,Bad State
YARDLEY,PA,19067-4451,Bad State
PHILADELPHIA,PA,19130-1528,Bad State
PAOLI,PA,19301-1133,Bad State
DOWNINGTOWN,PA,19335-3468,Bad State
DOWNINGTOWN,PA,19335-5336,Bad State
EXTON,PA,19341-3064,Bad State
BLUE BELL,PA,19422-1278,Bad State
CHESTER SPRINGS,PA,19425-3640,Bad State
CHESTER SPRINGS,PA,19425-3645,Bad State
CHESTER SPRINGS,PA,19425-3681,Bad State
COLLEGEVILLE,PA,19426-4025,Bad State
HARLEYSVILLE,PA,19438-1791,Bad State
PHOENIXVILLE,PA,19460-2855,Bad State
PHOENIXVILLE,PA,19460-5109,Bad State
POTTSTOWN,PA,19465-8068,Bad State
LIMERICK,PA,19468-4300,Bad State
MIDDLETOWN,DE,19709-9951,Bad State
NEWARK,DE,19711-3006,Bad State
NEW CASTLE,DE,19720-1722,Bad State
NEW CASTLE,DE,19720-8729,Bad State
WILMINGTON,DE,19801-1175,Bad State
WILMINGTON,DE,19803-2361,Bad State
WILMINGTON,DE,19807-2508,Bad State
WILMINGTON,DE,19808-1112,Bad State
WILMINGTON,DE,19808-1645,Bad State
DOVER,DE,19901-3618,Bad State
LEWES,DE,19958-2770,Bad State
LEWES,DE,19958-4799,Bad State
MILLSBORO,DE,19966-3365,Bad State
WASHINGTON,DC,20001-3925,Bad State
WASHINGTON,DC,20001-4387,Bad State
WASHINGTON,DC,20001-4924,Bad State
WASHINGTON,DC,20003-2321,Bad State
WASHINGTON,DC,20008-2039,Bad State
WASHINGTON,DC,20009-1690,Bad State
WASHINGTON,DC,20010-1314,Bad State
WASHINGTON,DC,20012-2033,Bad State
WASHINGTON,DC,20016-5626,Bad State
WASHINGTON,DC,20024-2458,Bad State
WASHINGTON,DC,20037-1168,Bad State
ALDIE,VA,20105,Bad State
ALDIE,VA,20105-2066,Bad State
ALDIE,VA,20105-2067,Bad State
ALDIE,VA,20105-2068,Bad State
ALDIE,VA,20105-2897,Bad State
STONE RIDGE,VA,20105-2911,Bad State
ALDIE,VA,20105-4028,Bad State
ALDIE,VA,20105-4108,Bad State
ALDIE,VA,20105-4138,Bad State
ALDIE,VA,20105-5656,Bad State
ALDIE,VA,20105-5926,Bad State
ALDIE,VA,20105-5979,Bad State
MANASSAS,VA,20109-4832,Bad State
MANASSAS,VA,20110-7986,Bad State
MANASSAS,VA,20111-2343,Bad State
MANASSAS PARK,VA,20111-8200,Bad State
MANASSAS,VA,20112-5552,Bad State
CENTREVILLE,VA,20120-1806,Bad State
CENTREVILLE,VA,20120-3094,Bad State
CENTREVILLE,VA,20120-3358,Bad State
CENTREVILLE,VA,20120-3924,Bad State
CENTREVILLE,VA,20120-5030,Bad State
CENTREVILLE,VA,20120-6101,Bad State
HILLSBORO,VA,20132-2923,Bad State
ROUND HILL,VA,20141-2428,Bad State
ASHBURN,VA,20147-2540,Bad State
ASHBURN,VA,20147-3384,Bad State
ASHBURN,VA,20147-4470,Bad State
ASHBURN,VA,20147-7447,Bad State
BROADLANDS,VA,20148,Bad State
ASHBURN,VA,20148-1739,Bad State
ASHBURN,VA,20148-3216,Bad State
ASHBURN,VA,20148-4355,Bad State
ASHBURN,VA,20148-4487,Bad State
BRAMBLETON,VA,20148-4980,Bad State
BRAMBLETON,VA,20148-5724,Bad State
BRAMBLETON,VA,20148-6469,Bad State
ASHBURN,VA,20148-6650,Bad State
ASHBURN,VA,20148-6754,Bad State
ASHBURN,VA,20148-6817,Bad State
ASHBURN,VA,20148-6821,Bad State
BRAMBLETON,VA,20148-6864,Bad State
BRAMBLETON,VA,20148-6877,Bad State
ASHBURN,VA,20148-6899,Bad State
ASHBURN,VA,20148-6934,Bad State
ASHBURN,VA,20148-7191,Bad State
BRAMBLETON,VA,20148-7270,Bad State
ASHBURN,VA,20148-7302,Bad State
BRAMBLETON,VA,20148-7440,Bad State
ASHBURN,VA,20148-7564,Bad State
ASHBURN,VA,20148-8063,Bad State
ASHBURN,VA,20148-8170,Bad State
CHANTILLY,VA,20151,Bad State
CHANTILLY,VA,20151-2238,Bad State
CHANTILLY,VA,20151-2831,Bad State
CHANTILLY,VA,20151-2977,Bad State
CHANTILLY,VA,20151-3212,Bad State
CHANTILLY,VA,20151-3351,Bad State
CHANTILLY,VA,20152-3466,Bad State
CHANTILLY,VA,20152-3481,Bad State
CHANTILLY,VA,20152-4394,Bad State
CHANTILLY,VA,20152-5306,Bad State
CHANTILLY,VA,20152-6650,Bad State
GAINESVILLE,VA,20155-4424,Bad State
GAINESVILLE,VA,20155-4446,Bad State
STERLING,VA,20165-5877,Bad State
STERLING,VA,20165-7405,Bad State
STERLING,VA,20166-2158,Bad State
STERLING,VA,20166-6759,Bad State
STERLING,VA,20166-7807,Bad State
HAYMARKET,VA,20169-4973,Bad State
HERNDON,VA,20170-2604,Bad State
HERNDON,VA,20170-2750,Bad State
HERNDON,VA,20170-2979,Bad State
HERNDON,VA,20171-1116,Bad State
HERNDON,VA,20171-1830,Bad State
HERNDON,VA,20171-1911,Bad State
HERNDON,VA,20171-2974,Bad State
HERNDON,VA,20171-4052,Bad State
HERNDON,VA,20171-4169,Bad State
HERNDON,VA,20171-4376,Bad State
LEESBURG,VA,20175-4842,Bad State
LEESBURG,VA,20176-4923,Bad State
WARRENTON,VA,20187-5845,Bad State
RESTON,VA,20190-3501,Bad State
RESTON,VA,20190-5837,Bad State
RESTON,VA,20191-1695,Bad State
RESTON,VA,20191-2520,Bad State
RESTON,VA,20191-3005,Bad State
WATERFORD,VA,20197-1200,Bad State
WALDORF,MD,20603-4008,Bad State
HOLLYWOOD,MD,20636-2427,Bad State
LEONARDTOWN,MD,20650-4137,Bad State
WHITE PLAINS,MD,20695,Bad State
BOWIE,MD,20715-2624,Bad State
BOWIE,MD,20721-6206,Bad State
CLINTON,MD,20735-3061,Bad State
CLINTON,MD,20735-4404,Bad State
CLINTON,MD,20735-5875,Bad State
FORT WASHINGTON,MD,20744-5422,Bad State
OXON HILL,MD,20750-1000,Bad State
GLENN DALE,MD,20769-9459,Bad State
UPPER MARLBORO,MD,20772-4362,Bad State
UPPER MARLBORO,MD,20772-8093,Bad State
LANDOVER HILLS,MD,20784-2223,Bad State
BETHESDA,MD,20814-3624,Bad State
BETHESDA,MD,20814-4845,Bad State
BETHESDA,MD,20814-4986,Bad State
CHEVY CHASE,MD,20815-3434,Bad State
CHEVY CHASE,MD,20815-5332,Bad State
BROOKEVILLE,MD,20833-2519,Bad State
ROCKVILLE,MD,20850-3450,Bad State
ROCKVILLE,MD,20850-3577,Bad State
ROCKVILLE,MD,20850-4792,Bad State
ROCKVILLE,MD,20850-5411,Bad State
ROCKVILLE,MD,20850-5429,Bad State
ROCKVILLE,MD,20850-5846,Bad State
ROCKVILLE,MD,20852-3702,Bad State
POTOMAC,MD,20854-1869,Bad State
POTOMAC,MD,20854-2809,Bad State
POTOMAC,MD,20854-3021,Bad State
POTOMAC,MD,20854-4639,Bad State
DERWOOD,MD,20855-1455,Bad State
CLARKSBURG,MD,20871-4507,Bad State
GERMANTOWN,MD,20874-3893,Bad State
GERMANTOWN,MD,20876-6958,Bad State
GAITHERSBURG,MD,20877-2910,Bad State
GAITHERSBURG,MD,20878-2741,Bad State
NORTH POTOMAC,MD,20878-4351,Bad State
NORTH POTOMAC,MD,20878-4701,Bad State
GAITHERSBURG,MD,20878-5204,Bad State
GAITHERSBURG,MD,20882,Bad State
LAYTONSVILLE,MD,20882-2525,Bad State
GAITHERSBURG,MD,20882-3605,Bad State
SILVER SPRING,MD,20904-1706,Bad State
SILVER SPRING,MD,20905-7445,Bad State
SILVER SPRING,MD,20906-5816,Bad State
SILVER SPRING,MD,20910,Bad State
SILVER SPRING,MD,20910-2203,Bad State
BEL AIR,MD,21015-6381,Bad State
CLARKSVILLE,MD,21029-1296,Bad State
CLARKSVILLE,MD,21029-1479,Bad State
CLARKSVILLE,MD,21029-1480,Bad State
CLARKSVILLE,MD,21029-1483,Bad State
CLARKSVILLE,MD,21029-1701,Bad State
ELLICOTT CITY,MD,21042-2241,Bad State
ELLICOTT CITY,MD,21042-2350,Bad State
ELLICOTT CITY,MD,21043-3674,Bad State
ELLICOTT CITY,MD,21043-6079,Bad State
ELLICOTT CITY,MD,21043-7991,Bad State
GAMBRILLS,MD,21054-1401,Bad State
HAMPSTEAD,MD,21074-2368,Bad State
ELKRIDGE,MD,21075-8100,Bad State
HANOVER,MD,21076-1729,Bad State
LUTHERVILLE TIMONIUM,MD,21093-2443,Bad State
LUTHERVILLE TIMONIUM,MD,21093-4239,Bad State
LUTHERVILLE,MD,21093-5423,Bad State
OWINGS MILLS,MD,21117-1371,Bad State
PERRY HALL,MD,21128-9039,Bad State
SEVERN,MD,21144-3157,Bad State
WESTMINSTER,MD,21157-4692,Bad State
WESTMINSTER,MD,21157-5384,Bad State
WHITE HALL,MD,21161-9406,Bad State
WOODSTOCK,MD,21163-1383,Bad State
GWYNN OAK,MD,21207-5683,Bad State
BALTIMORE,MD,21209-0016,Bad State
BALTIMORE,MD,21215-2439,Bad State
BALTIMORE,MD,21215-2481,Bad State
BALTIMORE,MD,21215-4307,Bad State
BALTIMORE,MD,21230-4142,Bad State
SWANTON,MD,21561-1141,Bad State
FREDERICK,MD,21701-5798,Bad State
FREDERICK,MD,21701-5875,Bad State
URBANA,MD,21704-1703,Bad State
FREDERICK,MD,21704-6733,Bad State
FREDERICK,MD,21704-7336,Bad State
FREDERICK,MD,21704-7361,Bad State
FREDERICK,MD,21704-7879,Bad State
FREDERICK,MD,21704-8050,Bad State
NEW MARKET,MD,21774-1802,Bad State
SYKESVILLE,MD,21784-6273,Bad State
BERLIN,MD,21811-1167,Bad State
ANNANDALE,VA,22003-1125,Bad State
DUMFRIES,VA,22026-2980,Bad State
DUNN LORING,VA,22027-1304,Bad State
FAIRFAX,VA,22030-2520,Bad State
FAIRFAX,VA,22030-4603,Bad State
FAIRFAX,VA,22030-6364,Bad State
FAIRFAX,VA,22030-7270,Bad State
FAIRFAX,VA,22031-2156,Bad State
FAIRFAX,VA,22032-1716,Bad State
FAIRFAX,VA,22033-2417,Bad State
FALLS CHURCH,VA,22042-3757,Bad State
FALLS CHURCH,VA,22043-2343,Bad State
FALLS CHURCH,VA,22046-3223,Bad State
FALLS CHURCH,VA,22046-3250,Bad State
FALLS CHURCH,VA,22046-4602,Bad State
GREAT FALLS,VA,22066-3561,Bad State
MC LEAN,VA,22101-1569,Bad State
MC LEAN,VA,22101-5061,Bad State
MC LEAN,VA,22102-2021,Bad State
MC LEAN,VA,22102-3513,Bad State
OAKTON,VA,22124-1033,Bad State
OAKTON,VA,22124-1646,Bad State
SPRINGFIELD,VA,22152-2432,Bad State
SPRINGFIELD,VA,22153-1260,Bad State
VIENNA,VA,22182-1478,Bad State
WOODBRIDGE,VA,22191-4339,Bad State
WOODBRIDGE,VA,22191-7533,Bad State
WOODBRIDGE,VA,22192,Bad State
WOODBRIDGE,VA,22192-8310,Bad State
ARLINGTON,VA,22201-5137,Bad State
ARLINGTON,VA,22201-5849,Bad State
ARLINGTON,VA,22202-3136,Bad State
ARLINGTON,VA,22203-1959,Bad State
ARLINGTON,VA,22203-4439,Bad State
ARLINGTON,VA,22204-1321,Bad State
ARLINGTON,VA,22205-3204,Bad State
ARLINGTON,VA,22206-2920,Bad State
ALEXANDRIA,VA,22304-3528,Bad State
ALEXANDRIA,VA,22304-6451,Bad State
ALEXANDRIA,VA,22304-7759,Bad State
ALEXANDRIA,VA,22305-2920,Bad State
ALEXANDRIA,VA,22308-2246,Bad State
ALEXANDRIA,VA,22311-4627,Bad State
FREDERICKSBURG,VA,22405-2788,Bad State
FREDERICKSBURG,VA,22407-6327,Bad State
FREDERICKSBURG,VA,22407-9211,Bad State
FREDERICKSBURG,VA,22408-8048,Bad State
KING GEORGE,VA,22485-3603,Bad State
KING GEORGE,VA,22485-5952,Bad State
MILFORD,VA,22514-2322,Bad State
STAFFORD,VA,22556-3640,Bad State
WINCHESTER,VA,22601-2904,Bad State
WINCHESTER,VA,22602-2352,Bad State
CULPEPER,VA,22701-1710,Bad State
CULPEPER,VA,22701-7028,Bad State
CHARLOTTESVILLE,VA,22902-8730,Bad State
ORANGE,VA,22960-1112,Bad State
GLEN ALLEN,VA,23059-2607,Bad State
GLEN ALLEN,VA,23059-5760,Bad State
GLEN ALLEN,VA,23059-5822,Bad State
GLEN ALLEN,VA,23059-5827,Bad State
GLEN ALLEN,VA,23059-5829,Bad State
GLEN ALLEN,VA,23059-5906,Bad State
GLEN ALLEN,VA,23059-5907,Bad State
GLEN ALLEN,VA,23059-7091,Bad State
GLEN ALLEN,VA,23059-7179,Bad State
GLEN ALLEN,VA,23060-2256,Bad State
GLEN ALLEN,VA,23060-4168,Bad State
MIDLOTHIAN,VA,23112-2530,Bad State
MIDLOTHIAN,VA,23112-4274,Bad State
MIDLOTHIAN,VA,23113-2682,Bad State
MIDLOTHIAN,VA,23113-3793,Bad State
MIDLOTHIAN,VA,23114-4616,Bad State
MECHANICSVILLE,VA,23116-4910,Bad State
MOSELEY,VA,23120-2029,Bad State
POWHATAN,VA,23139-4831,Bad State
TOANO,VA,23168-9408,Bad State
WILLIAMSBURG,VA,23185-1463,Bad State
WILLIAMSBURG,VA,23185-3296,Bad State
WILLIAMSBURG,VA,23188-7886,Bad State
RICHMOND,VA,23223-7048,Bad State
RICHMOND,VA,23224-2208,Bad State
RICHMOND,VA,23226-3308,Bad State
RICHMOND,VA,23229-6917,Bad State
HENRICO,VA,23231-5705,Bad State
RICHMOND,VA,23233-1746,Bad State
RICHMOND,VA,23235-1136,Bad State
NORTH CHESTERFIELD,VA,23236-2184,Bad State
CHESAPEAKE,VA,23320-4470,Bad State
CHESAPEAKE,VA,23321-3107,Bad State
SUFFOLK,VA,23435-2919,Bad State
SUFFOLK,VA,23435-3526,Bad State
VIRGINIA BEACH,VA,23451-1841,Bad State
VIRGINIA BEACH,VA,23452-6216,Bad State
VIRGINIA BEACH,VA,23452-6287,Bad State
VIRGINIA BEACH,VA,23454-3030,Bad State
VIRGINIA BEACH,VA,23455-1688,Bad State
VIRGINIA BEACH,VA,23455-6560,Bad State
VIRGINIA BEACH,VA,23456-7785,Bad State
VIRGINIA BEACH,VA,23462-6532,Bad State
VIRGINIA BEACH,VA,23464-5707,Bad State
NORFOLK,VA,23510-1058,Bad State
NORFOLK,VA,23510-3324,Bad State
NORFOLK,VA,23518-1910,Bad State
HAMPTON,VA,23666-2270,Bad State
HAMPTON,VA,23666-4653,Bad State
YORKTOWN,VA,23692-2285,Bad State
CHESTER,VA,23831-4336,Bad State
CHESTERFIELD,VA,23832-2036,Bad State
CHESTERFIELD,VA,23832-9255,Bad State
CHESTER,VA,23836-2826,Bad State
CHESTER,VA,23836-5774,Bad State
CHESTER,VA,23836-6266,Bad State
EBONY,VA,23845-2046,Bad State
EMPORIA,VA,23847-2445,Bad State
EMPORIA,VA,23847-2512,Bad State
HOPEWELL,VA,23860-1913,Bad State
BOYDTON,VA,23917-4305,Bad State
BRACEY,VA,23919-2921,Bad State
CLARKSVILLE,VA,23927-4308,Bad State
CLARKSVILLE,VA,23927-9150,Bad State
ROANOKE,VA,24017-1728,Bad State
CAVE SPRING,VA,24018-2851,Bad State
ROANOKE,VA,24018-7249,Bad State
ROANOKE,VA,24024-2308,Bad State
BLACKSBURG,VA,24060-1333,Bad State
BLACKSBURG,VA,24060-5378,Bad State
HUDDLESTON,VA,24104-3426,Bad State
MONETA,VA,24121,Bad State
PENHOOK,VA,24137,Bad State
RADFORD,VA,24141-2718,Bad State
UNION HALL,VA,24176-3801,Bad State
BRISTOL,VA,24201-4742,Bad State
GALAX,VA,24333-5647,Bad State
STAUNTON,VA,24401-1611,Bad State
LYNCHBURG,VA,24501-7118,Bad State
LYNCHBURG,VA,24503-2120,Bad State
LYNCHBURG,VA,24506-0249,Bad State
BEDFORD,VA,24523-3978,Bad State
CALLANDS,VA,24530-0098,Bad State
DANVILLE,VA,24540-2835,Bad State
DANVILLE,VA,24541-3525,Bad State
DANVILLE,VA,24541-3554,Bad State
DANVILLE,VA,24541-6271,Bad State
FOREST,VA,24551-2649,Bad State
RINGGOLD,VA,24586-4920,Bad State
SCOTTSBURG,VA,24589-0100,Bad State
SOUTH BOSTON,VA,24592-0835,Bad State
RENICK,WV,24966-9400,Bad State
CHARLTON HEIGHTS,WV,25040-0126,Bad State
COLCORD,WV,25048-9705,Bad State
CHARLESTON,WV,25314-2246,Bad State
BERKELEY SPRINGS,WV,25411-6747,Bad State
SHADY SPRING,WV,25918-8410,Bad State
WASHINGTON,WV,26181-6401,Bad State
MORGANTOWN,WV,26501,Bad State
MORGANTOWN,WV,26508-4400,Bad State
MORGANTOWN,WV,26508-9009,Bad State
WEST HILLS,CA,27519,Bad State
CAMDEN,SC,29020-5006,Bad State
ELGIN,SC,29045-8695,Bad State
ELGIN,SC,29045-9861,Bad State
MC BEE,SC,29101-8895,Bad State
ORANGEBURG,SC,29115-3834,Bad State
ORANGEBURG,SC,29118-9068,Bad State
WEST COLUMBIA,SC,29172-2119,Bad State
COLUMBIA,SC,29201-8401,Bad State
COLUMBIA,SC,29210-7658,Bad State
COLUMBIA,SC,29223-3061,Bad State
COLUMBIA,SC,29223-6602,Bad State
COLUMBIA,SC,29250-5906,Bad State
SPARTANBURG,SC,29316-5423,Bad State
CAMPOBELLO,SC,29322-9731,Bad State
CLINTON,SC,29325-1777,Bad State
DUNCAN,SC,29334-8821,Bad State
GAFFNEY,SC,29341-4877,Bad State
MOORE,SC,29369-8800,Bad State
WOODRUFF,SC,29388-9198,Bad State
CHARLESTON,SC,29401-2410,Bad State
CHARLESTON,SC,29414-7322,Bad State
CHARLESTON,SC,29414-8187,Bad State
CHARLESTON,SC,29414-9070,Bad State
GEORGETOWN,SC,29440,Bad State
GEORGETOWN,SC,29440-3643,Bad State
HOLLYWOOD,SC,29449-6801,Bad State
JOHNS ISLAND,SC,29455-3169,Bad State
MT PLEASANT,SC,29464-1819,Bad State
MT PLEASANT,SC,29464-2525,Bad State
MT PLEASANT,SC,29464-3168,Bad State
MT PLEASANT,SC,29464-3552,Bad State
MT PLEASANT,SC,29464-8337,Bad State
MOUNT PLEASANT,SC,29466-7168,Bad State
WADMALAW ISLAND,SC,29487-7124,Bad State
FLORENCE,SC,29501-8951,Bad State
FLORENCE,SC,29502-4151,Bad State
FLORENCE,SC,29505-5126,Bad State
CHERAW,SC,29520-6314,Bad State
DARLINGTON,SC,29532,Bad State
DARLINGTON,SC,29532-7609,Bad State
LITTLE RIVER,SC,29566-8510,Bad State
LONGS,SC,29568-7645,Bad State
LONGS,SC,29568-9483,Bad State
MYRTLE BEACH,SC,29572-6717,Bad State
MULLINS,SC,29574-6214,Bad State
MYRTLE BEACH,SC,29575-5523,Bad State
SURFSIDE BEACH,SC,29575-8646,Bad State
MURRELLS INLET,SC,29576-7877,Bad State
MURRELLS INLET,SC,29576-9387,Bad State
MYRTLE BEACH,SC,29577-5893,Bad State
MYRTLE BEACH,SC,29577-6002,Bad State
MYRTLE BEACH,SC,29579-4366,Bad State
MYRTLE BEACH,SC,29579-5230,Bad State
MYRTLE BEACH,SC,29579-8525,Bad State
NORTH MYRTLE BEACH,SC,29582-5965,Bad State
NORTH MYRTLE BEACH,SC,29582-6284,Bad State
NORTH MYRTLE BEACH,SC,29582-7623,Bad State
SURFSIDE BEACH,SC,29587-5005,Bad State
MYRTLE BEACH,SC,29588-8061,Bad State
GREENVILLE,SC,29601-2455,Bad State
GREENVILLE,SC,29605-3001,Bad State
GREENVILLE,SC,29611-4835,Bad State
EASLEY,SC,29640-8735,Bad State
SIMPSONVILLE,SC,29681-3420,Bad State
INDIAN LAND,SC,29707-2557,Bad State
INDIAN LAND,SC,29707-5868,Bad State
FORT MILL,SC,29708-0085,Bad State
TEGA CAY,SC,29708-0089,Bad State
FORT MILL,SC,29708-4304,Bad State
CLOVER,SC,29710-7111,Bad State
FORT MILL,SC,29715-0138,Bad State
FORT MILL,SC,29715-8220,Bad State
HICKORY GROVE,SC,29717,Bad State
ROCK HILL,SC,29732-1915,Bad State
ROCK HILL,SC,29732-9082,Bad State
BLUFFTON,SC,29910-4719,Bad State
HILTON HEAD ISLAND,SC,29926-1473,Bad State
HILTON HEAD ISLAND,SC,29926-2681,Bad State
HILTON HEAD,SC,29928-2925,Bad State
MILTON,GA,30004-3712,Bad State
ALPHARETTA,GA,30004-6203,Bad State
DACULA,GA,30019-3165,Bad State
ALPHARETTA,GA,30022-3427,Bad State
ALPHARETTA,GA,30022-3794,Bad State
SUWANEE,GA,30024-2808,Bad State
SUWANEE,GA,30024-7620,Bad State
SUWANEE,GA,30024-8771,Bad State
CUMMING,GA,30040-0000,Bad State
CUMMING,GA,30040-3319,Bad State
CUMMING,GA,30040-5970,Bad State
CUMMING,GA,30040-9740,Bad State
CUMMING,GA,30041-1638,Bad State
CUMMING,GA,30041-1643,Bad State
CUMMING,GA,30041-1684,Bad State
LAWRENCEVILLE,GA,30043-7875,Bad State
MARIETTA,GA,30062-0300,Bad State
MARIETTA,GA,30062-4330,Bad State
MARIETTA,GA,30062-4686,Bad State
MARIETTA,GA,30062-4772,Bad State
MARIETTA,GA,30062-5145,Bad State
MARIETTA,GA,30066-2384,Bad State
MARIETTA,GA,30068-1521,Bad State
MARIETTA,GA,30068-1650,Bad State
SMYRNA,GA,30082-4421,Bad State
NORCROSS,GA,30092-1103,Bad State
CONYERS,GA,30094-5985,Bad State
PEACHTREE CORNERS,GA,30096-2973,Bad State
JOHNS CREEK,GA,30097-1419,Bad State
DULUTH,GA,30097-1656,Bad State
JOHNS CREEK,GA,30097-4201,Bad State
MABLETON,GA,30126-6431,Bad State
POWDER SPRINGS,GA,30127-1330,Bad State
POWDER SPRINGS,GA,30127-7003,Bad State
KENNESAW,GA,30144-3513,Bad State
FAIRBURN,GA,30213-6465,Bad State
FAYETTEVILLE,GA,30215-4999,Bad State
STOCKBRIDGE,GA,30281-6482,Bad State
ATLANTA,GA,30308-2338,Bad State
ATLANTA,GA,30309-1192,Bad State
ATLANTA,GA,30309-2478,Bad State
ATLANTA,GA,30309-5076,Bad State
ATLANTA,GA,30326-1085,Bad State
ATLANTA,GA,30326-1476,Bad State
ATLANTA,GA,30327-3620,Bad State
ATLANTA,GA,30341-1435,Bad State
ATLANTA,GA,30346-2463,Bad State
ATLANTA,GA,30360-2141,Bad State
ATLANTA,GA,30363-1254,Bad State
GAINESVILLE,GA,30501-3138,Bad State
BLAIRSVILLE,GA,30512-0358,Bad State
OAKWOOD,GA,30566-2014,Bad State
YOUNG HARRIS,GA,30582-6927,Bad State
WATKINSVILLE,GA,30677-0024,Bad State
WATKINSVILLE,GA,30677-5836,Bad State
GROVETOWN,GA,30813-3199,Bad State
LINCOLNTON,GA,30817-3812,Bad State
POWERSVILLE,GA,31008-5626,Bad State
MACON,GA,31210-5367,Bad State
MACON,GA,31221-7598,Bad State
SAVANNAH,GA,31401-4507,Bad State
SAVANNAH,GA,31401-5007,Bad State
SAVANNAH,GA,31406-3214,Bad State
COLUMBUS,GA,31909-5020,Bad State
LAKE CITY,FL,32025-1720,Bad State
FERNANDINA BEACH,FL,32034-2422,Bad State
ST AUGUSTINE,FL,32080-8056,Bad State
PONTE VEDRA BEACH,FL,32082-2542,Bad State
ST AUGUSTINE,FL,32084-4238,Bad State
ST AUGUSTINE,FL,32085-7731,Bad State
SAINT AUGUSTINE,FL,32092-1116,Bad State
ST AUGUSTINE,FL,32095-8625,Bad State
DAYTONA BEACH,FL,32114-8112,Bad State
PORT ORANGE,FL,32127-4703,Bad State
PORT ORANGE,FL,32127-7576,Bad State
SALT SPRINGS,FL,32134-9504,Bad State
THE VILLAGES,FL,32162-6382,Bad State
THE VILLAGES,FL,32163-0426,Bad State
JACKSONVILLE,FL,32208-0647,Bad State
JACKSONVILLE,FL,32209-6456,Bad State
JACKSONVILLE,FL,32223-1860,Bad State
JACKSONVILLE,FL,32224-1177,Bad State
JACKSONVILLE,FL,32224-3074,Bad State
JACKSONVILLE,FL,32244-7447,Bad State
JACKSONVILLE,FL,32245-6814,Bad State
JACKSONVILLE,FL,32246-8908,Bad State
JACKSONVILLE BEACH,FL,32250-6267,Bad State
JACKSONVILLE,FL,32256-7683,Bad State
JACKSONVILLE,FL,32256-7876,Bad State
JACKSONVILLE,FL,32256-8046,Bad State
JACKSONVILLE,FL,32257-1113,Bad State
ST JOHNS,FL,32259-1267,Bad State
JACKSONVILLE,FL,32260-0556,Bad State
TALLAHASSEE,FL,32309-6860,Bad State
TALLAHASSEE,FL,32311-9144,Bad State
TALLAHASSEE,FL,32312-1622,Bad State
TALLAHASSEE,FL,32312-6823,Bad State
TALLAHASSEE,FL,32317-9591,Bad State
PANAMA CITY,FL,32404-1257,Bad State
PANAMA CITY BEACH,FL,32407-4817,Bad State
PENSACOLA,FL,32514-6419,Bad State
CRESTVIEW,FL,32536-9004,Bad State
NICEVILLE,FL,32578-3601,Bad State
MILTON,FL,32583-2966,Bad State
GAINESVILLE,FL,32601-9012,Bad State
GAINESVILLE,FL,32605-4566,Bad State
GAINESVILLE,FL,32605-5206,Bad State
GAINESVILLE,FL,32608-4362,Bad State
GAINESVILLE,FL,32608-4406,Bad State
ARCHER,FL,32618-4684,Bad State
EUSTIS,FL,32726-5034,Bad State
LAKE MARY,FL,32746-5588,Bad State
MAITLAND,FL,32751-4323,Bad State
ORANGE CITY,FL,32763-3012,Bad State
OVIEDO,FL,32765-5814,Bad State
OVIEDO,FL,32765-6736,Bad State
OVIEDO,FL,32765-7312,Bad State
OVIEDO,FL,32765-7439,Bad State
OVIEDO,FL,32765-9675,Bad State
SANFORD,FL,32771-6205,Bad State
LONGWOOD,FL,32779-3149,Bad State
WINTER PARK,FL,32789-5957,Bad State
WINTER PARK,FL,32792-5469,Bad State
ORLANDO,FL,32804-3014,Bad State
ORLANDO,FL,32806-3178,Bad State
ORLANDO,FL,32808-3451,Bad State
ORLANDO,FL,32819-3346,Bad State
ORLANDO,FL,32819-5323,Bad State
ORLANDO,FL,32835-2654,Bad State
ORLANDO,FL,32836-5309,Bad State
ORLANDO,FL,32836-5482,Bad State
ORLANDO,FL,32839-6015,Bad State
ORLANDO,FL,32859-0542,Bad State
ORLANDO,FL,32868-2278,Bad State
INDIALANTIC,FL,32903-0115,Bad State
MELBOURNE,FL,32903-2551,Bad State
MELBOURNE,FL,32904-2321,Bad State
MELBOURNE,FL,32904-6906,Bad State
W MELBOURNE,FL,32904-7489,Bad State
PALM BAY,FL,32909-6429,Bad State
PALM BAY,FL,32909-6827,Bad State
PALM BAY,FL,32910-0806,Bad State
COCOA BEACH,FL,32931-5121,Bad State
MELBOURNE BEACH,FL,32951-2018,Bad State
MELBOURNE BEACH,FL,32951-3227,Bad State
SEBASTIAN,FL,32958-5933,Bad State
SEBASTIAN,FL,32958-6620,Bad State
VERO BEACH,FL,32968-5874,Bad State
HALLANDALE BEACH,FL,33009-5856,Bad State
HALLANDALE BEACH,FL,33009-6078,Bad State
HIALEAH,FL,33014-3601,Bad State
HOLLYWOOD,FL,33021-3133,Bad State
HOLLYWOOD,FL,33021-4254,Bad State
PEMBROKE PINES,FL,33024-3246,Bad State
HOLLYWOOD,FL,33024-8723,Bad State
MIRAMAR,FL,33025-2820,Bad State
HOLLYWOOD,FL,33026-4707,Bad State
PEMBROKE PINES,FL,33027-1044,Bad State
MIRAMAR,FL,33027-2685,Bad State
HOMESTEAD,FL,33030-2400,Bad State
HOMESTEAD,FL,33031-3764,Bad State
POMPANO BEACH,FL,33060-9327,Bad State
POMPANO BEACH,FL,33062-4238,Bad State
PARKLAND,FL,33067-3919,Bad State
POMPANO BEACH,FL,33069-3769,Bad State
CORAL SPRINGS,FL,33071-7828,Bad State
CORAL SPRINGS,FL,33075-9587,Bad State
PARKLAND,FL,33076-3313,Bad State
PARKLAND,FL,33076-4743,Bad State
MIAMI,FL,33126-5420,Bad State
MIAMI,FL,33129-2017,Bad State
MIAMI,FL,33131-3964,Bad State
MIAMI,FL,33131-4938,Bad State
CORAL GABLES,FL,33134-5006,Bad State
CORAL GABLES,FL,33134-6065,Bad State
CORAL GABLES,FL,33134-6608,Bad State
MIAMI,FL,33137-3338,Bad State
MIAMI SHORES,FL,33138-2558,Bad State
MIAMI BEACH,FL,33139-3165,Bad State
MIAMI BEACH,FL,33139-6639,Bad State
MIAMI BEACH,FL,33139-7329,Bad State
MIAMI BEACH,FL,33140-2143,Bad State
MIAMI,FL,33143-4649,Bad State
KEY BISCAYNE,FL,33149-2527,Bad State
BAY HARBOR ISLANDS,FL,33154-2392,Bad State
MIAMI,FL,33156-8307,Bad State
PALMETTO BAY,FL,33157-2341,Bad State
CORAL GABLES,FL,33158,Bad State
SUNNY ISLES BEACH,FL,33160-2238,Bad State
BISCAYNE PARK,FL,33161-6735,Bad State
MIAMI,FL,33165-7858,Bad State
MIAMI,FL,33173-2028,Bad State
MIAMI,FL,33175-1154,Bad State
MIAMI,FL,33175-2827,Bad State
MIAMI,FL,33176-6169,Bad State
DORAL,FL,33178-2625,Bad State
MIAMI,FL,33183-2935,Bad State
MIAMI,FL,33183-5106,Bad State
MIAMI,FL,33186-3709,Bad State
MIAMI,FL,33186-5209,Bad State
FT LAUDERDALE,FL,33301-2593,Bad State
FT LAUDERDALE,FL,33301-3194,Bad State
FT LAUDERDALE,FL,33304,Bad State
FT LAUDERDALE,FL,33308-6336,Bad State
FT LAUDERDALE,FL,33312-2966,Bad State
FT LAUDERDALE,FL,33315-1030,Bad State
FORT LAUDERDALE,FL,33315-1154,Bad State
PLANTATION,FL,33317-6024,Bad State
PLANTATION,FL,33322-5214,Bad State
WESTON,FL,33326-2948,Bad State
DAVIE,FL,33328-3823,Bad State
DAVIE,FL,33328-7149,Bad State
LAKE PARK,FL,33403-2926,Bad State
N PALM BEACH,FL,33408-5746,Bad State
ROYAL PALM BEACH,FL,33411-4717,Bad State
PALM BEACH GARDENS,FL,33418-5606,Bad State
BOCA RATON,FL,33431-5384,Bad State
BOCA RATON,FL,33433-3426,Bad State
BOCA RATON,FL,33433-7401,Bad State
BOYNTON BEACH,FL,33436-5101,Bad State
BOYNTON BEACH,FL,33437-0900,Bad State
DEERFIELD BEACH,FL,33441-4818,Bad State
DEERFIELD BEACH,FL,33442-2808,Bad State
DELRAY BEACH,FL,33446-2315,Bad State
JUPITER,FL,33458-3611,Bad State
JUPITER,FL,33458-5891,Bad State
GREENACRES,FL,33463-3468,Bad State
TEQUESTA,FL,33469-1740,Bad State
LOXAHATCHEE,FL,33470-7052,Bad State
DELRAY BEACH,FL,33484-8061,Bad State
BOCA RATON,FL,33486-8409,Bad State
BOCA RATON,FL,33487-1715,Bad State
ZEPHYRHILLS,FL,33541-7805,Bad State
WESLEY CHAPEL,FL,33544-7334,Bad State
LITHIA,FL,33547-4057,Bad State
ODESSA,FL,33556-1796,Bad State
LUTZ,FL,33558-6112,Bad State
RIVERVIEW,FL,33578-4859,Bad State
RIVERVIEW,FL,33579-9388,Bad State
WEBSTER,FL,33597-2301,Bad State
TAMPA,FL,33602,Bad State
TAMPA,FL,33605-3206,Bad State
TAMPA,FL,33611-2807,Bad State
TAMPA,FL,33617-9404,Bad State
TAMPA,FL,33624-1264,Bad State
TAMPA,FL,33625-3761,Bad State
TAMPA,FL,33626-2657,Bad State
TAMPA PALMS,FL,33647-3136,Bad State
SAINT PETERSBURG,FL,33702-3263,Bad State
SAINT PETERSBURG,FL,33702-3735,Bad State
SAINT PETERSBURG,FL,33704-2937,Bad State
GULFPORT,FL,33707-3983,Bad State
CLEARWATER,FL,33755-5536,Bad State
CLEARWATER,FL,33761-1224,Bad State
CLEARWATER,FL,33767-2957,Bad State
SEMINOLE,FL,33776-1506,Bad State
AVON PARK,FL,33825-6069,Bad State
FORT MYERS,FL,33907-7581,Bad State
MIROMAR LAKES,FL,33913-7504,Bad State
CAPE CORAL,FL,33914-5602,Bad State
FORT MYERS,FL,33919-4407,Bad State
BOKEELIA,FL,33922-1515,Bad State
FORT MYERS BEACH,FL,33931-3407,Bad State
ROTONDA WEST,FL,33947-2288,Bad State
SANIBEL,FL,33957-3912,Bad State
PUNTA GORDA,FL,33980-8790,Bad State
CAPE CORAL,FL,33991-3367,Bad State
NAPLES,FL,34108-1779,Bad State
NAPLES,FL,34112-0209,Bad State
NAPLES,FL,34113-1686,Bad State
NAPLES,FL,34113-2618,Bad State
NAPLES,FL,34113-8151,Bad State
NAPLES,FL,34120-5264,Bad State
BONITA SPRINGS,FL,34134-3920,Bad State
BRADENTON,FL,34202-2458,Bad State
LAKEWOOD RANCH,FL,34202-2557,Bad State
LAKEWOOD RANCH,FL,34202-2628,Bad State
LAKEWOOD RANCH,FL,34202-5673,Bad State
BRADENTON,FL,34209-6026,Bad State
BRADENTON,FL,34212-5703,Bad State
PALMETTO,FL,34221-9695,Bad State
SARASOTA,FL,34236-4934,Bad State
SARASOTA,FL,34238-2144,Bad State
SARASOTA,FL,34238-3512,Bad State
SARASOTA,FL,34240-1736,Bad State
SARASOTA,FL,34241-6421,Bad State
SARASOTA,FL,34243-6460,Bad State
VENICE,FL,34292-3529,Bad State
SUMMERFIELD,FL,34491-4039,Bad State
SPRING HILL,FL,34609-2349,Bad State
NEW PORT RICHEY,FL,34653-6559,Bad State
OLDSMAR,FL,34677-4612,Bad State
DUNEDIN,FL,34698-2107,Bad State
CLERMONT,FL,34711-8685,Bad State
CLERMONT,FL,34711-9031,Bad State
CLERMONT,FL,34715-0077,Bad State
KISSIMMEE,FL,34759-6113,Bad State
WINTER GARDEN,FL,34787-1741,Bad State
WINTER GARDEN,FL,34787-5002,Bad State
WINTER GARDEN,FL,34787-5112,Bad State
JENSEN BEACH,FL,34957-7212,Bad State
FORT PIERCE,FL,34982-8044,Bad State
SAINT LUCIE WEST,FL,34986-2035,Bad State
PORT ST LUCIE,FL,34986-2827,Bad State
PALM CITY,FL,34990-8050,Bad State
CHELSEA,AL,35043-7803,Bad State
HELENA,AL,35080-3950,Bad State
BIRMINGHAM,AL,35202-0127,Bad State
BIRMINGHAM,AL,35235-4000,Bad State
VESTAVIA,AL,35242-2252,Bad State
BIRMINGHAM,AL,35244-7204,Bad State
TUSCALOOSA,AL,35404-4769,Bad State
TUSCALOOSA,AL,35405-5672,Bad State
OWENS CROSS ROADS,AL,35763-9759,Bad State
MONTGOMERY,AL,36116-1513,Bad State
DOTHAN,AL,36301-9465,Bad State
AUBURN,AL,36830,Bad State
BRENTWOOD,TN,37027-3813,Bad State
BRENTWOOD,TN,37027-5062,Bad State
BRENTWOOD,TN,37027-8158,Bad State
BRENTWOOD,TN,37027-8986,Bad State
FAIRVIEW,TN,37062-7024,Bad State
GREENBRIER,TN,37073-4830,Bad State
MURFREESBORO,TN,37128-3014,Bad State
MURFREESBORO,TN,37129-1300,Bad State
SPRING HILL,TN,37174-4109,Bad State
WHITE HOUSE,TN,37188-4014,Bad State
NASHVILLE,TN,37203-0020,Bad State
NASHVILLE,TN,37203-1877,Bad State
NASHVILLE,TN,37205-3813,Bad State
NASHVILLE,TN,37209-5057,Bad State
NASHVILLE,TN,37211-6736,Bad State
NASHVILLE,TN,37216-4009,Bad State
EVENSVILLE,TN,37332-3144,Bad State
SIGNAL MOUNTAIN,TN,37377-3142,Bad State
JOHNSON CITY,TN,37615-4988,Bad State
BLOUNTVILLE,TN,37617-5354,Bad State
HARRIMAN,TN,37748-5314,Bad State
OLIVER SPRINGS,TN,37840-6005,Bad State
KNOXVILLE,TN,37919-2066,Bad State
KNOXVILLE,TN,37920-5274,Bad State
KNOXVILLE,TN,37923-6606,Bad State
KNOXVILLE,TN,37932-2295,Bad State
KNOXVILLE,TN,37933-0575,Bad State
KNOXVILLE,TN,37933-0814,Bad State
COLLIERVILLE,TN,38017-3157,Bad State
COLLIERVILLE,TN,38017-3704,Bad State
MADISON,MS,39110-8350,Bad State
MADISON,MS,39130-1991,Bad State
VICKSBURG,MS,39182-0401,Bad State
FISHERVILLE,KY,40023-7716,Bad State
LOUISVILLE,KY,40207-5166,Bad State
LOUISVILLE,KY,40223-3852,Bad State
LEXINGTON,KY,40502-2984,Bad State
LEXINGTON,KY,40515-1428,Bad State
EDDYVILLE,KY,42038-7324,Bad State
OWENSBORO,KY,42301-3050,Bad State
LEWIS CENTER,OH,43035-7888,Bad State
NEW ALBANY,OH,43054-9259,Bad State
PLAIN CITY,OH,43064-2557,Bad State
PLAIN CITY,OH,43064-2594,Bad State
COLUMBUS,OH,43209-1525,Bad State
COLUMBUS,OH,43215-2228,Bad State
TOLEDO,OH,43615-4040,Bad State
MORELAND HILLS,OH,44022-1300,Bad State
LORAIN,OH,44053-4323,Bad State
MENTOR,OH,44060-7062,Bad State
BEACHWOOD,OH,44122-2368,Bad State
BEACHWOOD,OH,44122-3963,Bad State
MAYFIELD HEIGHTS,OH,44124-1532,Bad State
SOLON,OH,44139-5074,Bad State
WESTLAKE,OH,44145-0635,Bad State
WESTLAKE,OH,44145-6826,Bad State
STRONGSVILLE,OH,44149-4110,Bad State
REMINDERVILLE,OH,44202-8165,Bad State
BARBERTON,OH,44203-8653,Bad State
FAIRLAWN,OH,44334-0325,Bad State
DOVER,OH,44622-1352,Bad State
DOVER,OH,44622-7735,Bad State
STRASBURG,OH,44680-1059,Bad State
MASON,OH,45040-4788,Bad State
MASON,OH,45040-7309,Bad State
MASON,OH,45040-7563,Bad State
MASON,OH,45040-8581,Bad State
MONROE,OH,45050-1241,Bad State
CINCINNATI,OH,45215-2062,Bad State
EATON,OH,45320-2761,Bad State
DAYTON,OH,45402-2840,Bad State
SPRINGFIELD,OH,45502-7501,Bad State
SPRINGFIELD,OH,45503-1181,Bad State
CARMEL,IN,46032-0030,Bad State
CARMEL,IN,46032-3295,Bad State
CARMEL,IN,46032-8379,Bad State
FISHERS,IN,46038-1073,Bad State
CARMEL,IN,46074-8361,Bad State
INDIANAPOLIS,IN,46204-4046,Bad State
INDIANAPOLIS,IN,46224-7121,Bad State
HIGHLAND,IN,46322-1003,Bad State
FORT WAYNE,IN,46815-5890,Bad State
FORT WAYNE,IN,46845-6143,Bad State
NEW ALBANY,IN,47150-2019,Bad State
BIRMINGHAM,MI,48009-1350,Bad State
MACOMB,MI,48044-1516,Bad State
TROY,MI,48084-7043,Bad State
ANN ARBOR,MI,48105-2293,Bad State
ANN ARBOR,MI,48105-9403,Bad State
ANN ARBOR,MI,48105-9452,Bad State
VAN BUREN TWP,MI,48111-2182,Bad State
NORTHVILLE,MI,48168-1813,Bad State
NORTHVILLE,MI,48168-8577,Bad State
NORTHVILLE,MI,48168-8628,Bad State
DETROIT,MI,48207-3104,Bad State
DETROIT,MI,48226-2635,Bad State
BLOOMFIELD TOWNSHIP,MI,48301-1722,Bad State
STERLING HEIGHTS,MI,48312-5771,Bad State
WEST BLOOMFIELD,MI,48324-1477,Bad State
FARMINGTON HILLS,MI,48335-2850,Bad State
LAKE ORION,MI,48360-2537,Bad State
NOVI,MI,48374-3911,Bad State
NOVI,MI,48377-2590,Bad State
MILFORD,MI,48380-3835,Bad State
FLINT,MI,48507-1257,Bad State
HOPE,MI,48628-9722,Bad State
MIDLAND,MI,48640-2124,Bad State
OKEMOS,MI,48864-2202,Bad State
OKEMOS,MI,48864-3386,Bad State
LANSING,MI,48910-2719,Bad State
PORTAGE,MI,49024-5516,Bad State
UNION CITY,MI,49094-9725,Bad State
ADRIAN,MI,49221-3339,Bad State
HOLLAND,MI,49424-5816,Bad State
SAUGATUCK,MI,49453-9774,Bad State
HARBOR SPRINGS,MI,49740-5105,Bad State
INDIAN RIVER,MI,49749-8711,Bad State
BAY VIEW,MI,49770-1347,Bad State
MARQUETTE,MI,49855-5076,Bad State
GRINNELL,IA,50112-2480,Bad State
FORT DODGE,IA,50501-8503,Bad State
SHELDON,IA,51201-8079,Bad State
BETTENDORF,IA,52722-5852,Bad State
TIPTON,IA,52772-9388,Bad State
MILWAUKEE,WI,53202-2023,Bad State
MADISON,WI,53705-1303,Bad State
MADISON,WI,53713-2234,Bad State
RIVER FALLS,WI,54022-4409,Bad State
DE PERE,WI,54115-3697,Bad State
DE PERE,WI,54115-8677,Bad State
MARSHFIELD,WI,54449-5371,Bad State
ALTOONA,WI,54720-1494,Bad State
APPLETON,WI,54913-7889,Bad State
NEENAH,WI,54956-3045,Bad State
EAGAN,MN,55123-1714,Bad State
APPLE VALLEY,MN,55124-3342,Bad State
WOODBURY,MN,55125-4362,Bad State
SAINT PAUL,MN,55125-8540,Bad State
SHOREVIEW,MN,55126-6033,Bad State
MAPLE GROVE,MN,55311-3822,Bad State
BURNSVILLE,MN,55337-2900,Bad State
EDEN PRAIRIE,MN,55347-1212,Bad State
EDEN PRAIRIE,MN,55347-5070,Bad State
MAPLE GROVE,MN,55369-3039,Bad State
MINNEAPOLIS,MN,55407-2918,Bad State
EDINA,MN,55410-2033,Bad State
PLYMOUTH,MN,55446-3696,Bad State
PLYMOUTH,MN,55446-4642,Bad State
PLYMOUTH,MN,55447-1984,Bad State
BYRON,MN,55920-5010,Bad State
HENNING,MN,56551-9351,Bad State
DRAPER,SD,57531-0083,Bad State
RAPID CITY,SD,57701-5773,Bad State
RAPID CITY,SD,57702-1842,Bad State
BISMARCK,ND,58503-5016,Bad State
HIGHLAND PARK,IL,60035-1403,Bad State
HAWTHORN WOODS,IL,60047-3712,Bad State
VERNON HILLS,IL,60061-4561,Bad State
PALATINE,IL,60074-1055,Bad State
BUFFALO GROVE,IL,60089-1363,Bad State
ALGONQUIN,IL,60102-6812,Bad State
GLEN ELLYN,IL,60137-4315,Bad State
ROSELLE,IL,60172-1971,Bad State
SCHAUMBURG,IL,60173-6193,Bad State
VILLA PARK,IL,60181-5246,Bad State
SCHAUMBURG,IL,60193-5737,Bad State
SCHAUMBURG,IL,60195-5333,Bad State
FRANKFORT,IL,60423-1071,Bad State
BOLINGBROOK,IL,60440-1443,Bad State
MONEE,IL,60449-8545,Bad State
WILLOW SPRINGS,IL,60480-1112,Bad State
AURORA,IL,60502-9087,Bad State
LISLE,IL,60532-3300,Bad State
OSWEGO,IL,60543-4076,Bad State
NAPERVILLE,IL,60563-8608,Bad State
PLAINFIELD,IL,60585-5690,Bad State
CHICAGO,IL,60606,Bad State
CHICAGO,IL,60606-5808,Bad State
CHICAGO,IL,60606-6332,Bad State
CHICAGO,IL,60610-1608,Bad State
CHICAGO,IL,60611-0229,Bad State
CHICAGO,IL,60614-6961,Bad State
CHICAGO,IL,60616-5097,Bad State
CHICAGO,IL,60640-2106,Bad State
CHICAGO,IL,60645-5590,Bad State
ROCKFORD,IL,61114-7022,Bad State
OTTAWA,IL,61350-1689,Bad State
EDWARDS,IL,61528-9201,Bad State
PEORIA,IL,61614-1727,Bad State
CHAMPAIGN,IL,61822-9332,Bad State
CHAMPAIGN,IL,61822-9804,Bad State
MAHOMET,IL,61853-7648,Bad State
O FALLON,IL,62269-6670,Bad State
HERRIN,IL,62948-4352,Bad State
CHESTERFIELD,MO,63005-4433,Bad State
CHESTERFIELD,MO,63017-7235,Bad State
WILDWOOD,MO,63021-2030,Bad State
SAINT LOUIS,MO,63108-2558,Bad State
SAINT LOUIS,MO,63122-4825,Bad State
SAINT LOUIS,MO,63139-1338,Bad State
SAINT LOUIS,MO,63141-3201,Bad State
SAINT LOUIS,MO,63146-3622,Bad State
O FALLON,MO,63366-4409,Bad State
LAWSON,MO,64062-7103,Bad State
KANSAS CITY,MO,64116-1600,Bad State
KANSAS CITY,MO,64156-7906,Bad State
ROLLA,MO,65402-0403,Bad State
TECUMSEH,MO,65760-0517,Bad State
SPRINGFIELD,MO,65802-7136,Bad State
SPRINGFIELD,MO,65802-9297,Bad State
LAWRENCE,KS,66046-9634,Bad State
OLATHE,KS,66061-7256,Bad State
OVERLAND PARK,KS,66213-1951,Bad State
OVERLAND PARK,KS,66223-1380,Bad State
OVERLAND PARK,KS,66224-9537,Bad State
SHAWNEE MISSION,KS,66225-5644,Bad State
ANDOVER,KS,67002-8694,Bad State
ANDOVER,KS,67002-8946,Bad State
WICHITA,KS,67212-2432,Bad State
WICHITA,KS,67220-2462,Bad State
WESTWEGO,LA,70094-4949,Bad State
PEARL RIVER,LA,70452-3514,Bad State
LAFAYETTE,LA,70503-5041,Bad State
PRAIRIEVILLE,LA,70769-3392,Bad State
ZACHARY,LA,70791-5928,Bad State
BATON ROUGE,LA,70817-7412,Bad State
HOT SPRINGS,AR,71901-7138,Bad State
FAYETTEVILLE,AR,72703-3889,Bad State
BENTONVILLE,AR,72713-7650,Bad State
FORT SMITH,AR,72916-8462,Bad State
STILLWATER,OK,74075-8774,Bad State
TULSA,OK,74134-1421,Bad State
ALLEN,TX,75013-3374,Bad State
ALLEN,TX,75013-5434,Bad State
ALLEN,TX,75013-8557,Bad State
COPPELL,TX,75019-3038,Bad State
COPPELL,TX,75019-5885,Bad State
PLANO,TX,75023-5048,Bad State
PLANO,TX,75024-3942,Bad State
PLANO,TX,75024-4953,Bad State
PLANO,TX,75024-7018,Bad State
PLANO,TX,75024-7334,Bad State
PLANO,TX,75025-0208,Bad State
PLANO,TX,75025-3844,Bad State
PLANO,TX,75025-3953,Bad State
FRISCO,TX,75033-2072,Bad State
FRISCO,TX,75034-3337,Bad State
FRISCO,TX,75034-5878,Bad State
FRISCO,TX,75035,Bad State
FRISCO,TX,75035-0362,Bad State
FRISCO,TX,75035-0624,Bad State
FRISCO,TX,75035-1274,Bad State
FRISCO,TX,75035-1542,Bad State
FRISCO,TX,75035-1925,Bad State
FRISCO,TX,75035-4993,Bad State
FRISCO,TX,75035-6856,Bad State
FRISCO,TX,75035-7296,Bad State
FRISCO,TX,75036-4642,Bad State
IRVING,TX,75039-3030,Bad State
IRVING,TX,75039-3401,Bad State
IRVING,TX,75062-3931,Bad State
IRVING,TX,75063-3828,Bad State
IRVING,TX,75063-4139,Bad State
LEWISVILLE,TX,75067-4482,Bad State
LAKE ELM,TX,75068,Bad State
LITTLE ELM,TX,75068-5442,Bad State
MCKINNEY,TX,75070-1323,Bad State
MCKINNEY,TX,75071,Bad State
PLANO,TX,75074-0088,Bad State
PLANO,TX,75075-2921,Bad State
PROSPER,TX,75078-2163,Bad State
RICHARDSON,TX,75082-3761,Bad State
RICHARDSON,TX,75082-3835,Bad State
ROCKWALL,TX,75087-2803,Bad State
PLANO,TX,75093-5191,Bad State
PLANO,TX,75093-7596,Bad State
PLANO,TX,75093-8872,Bad State
MURPHY,TX,75094-4156,Bad State
HEATH,TX,75126-1784,Bad State
DALLAS,TX,75201-2911,Bad State
DALLAS,TX,75201-2916,Bad State
DALLAS,TX,75201-3136,Bad State
DALLAS,TX,75201-6823,Bad State
DALLAS,TX,75205-3577,Bad State
DALLAS,TX,75225,Bad State
DALLAS,TX,75225-3952,Bad State
DALLAS,TX,75234-7744,Bad State
DALLAS,TX,75238-4105,Bad State
DALLAS,TX,75248-1136,Bad State
MELISSA,TX,75454-2287,Bad State
AUSTIN,TX,75733,Bad State
ARLINGTON,TX,76017-2625,Bad State
MIDLOTHIAN,TX,76065-2261,Bad State
MILLSAP,TX,76066-0470,Bad State
SOUTHLAKE,TX,76092-3629,Bad State
FORT WORTH,TX,76102-6836,Bad State
FORT WORTH,TX,76131-1769,Bad State
AUBREY,TX,76227-1532,Bad State
AUBREY,TX,76227-4388,Bad State
AUBREY,TX,76227-5374,Bad State
WICHITA FALLS,TX,76302-2612,Bad State
STEPHENVILLE,TX,76401-2806,Bad State
KILLEEN,TX,76542-4532,Bad State
CHINA SPRING,TX,76633-3022,Bad State
WACO,TX,76712-6740,Bad State
HOUSTON,TX,77002-7337,Bad State
HOUSTON,TX,77005-3105,Bad State
HOUSTON,TX,77007-3016,Bad State
HOUSTON,TX,77024-3955,Bad State
HOUSTON,TX,77054-3937,Bad State
HOUSTON,TX,77056-5721,Bad State
HOUSTON,TX,77072-1669,Bad State
HOUSTON,TX,77227-7329,Bad State
CONROE,TX,77301-1437,Bad State
SPRING,TX,77379-1614,Bad State
SPRING,TX,77381-4037,Bad State
SPRING,TX,77386-5505,Bad State
SPRING,TX,77388-6933,Bad State
HUMBLE,TX,77396-6041,Bad State
RICHMOND,TX,77407-2765,Bad State
CYPRESS,TX,77433-7007,Bad State
CYPRESS,TX,77433-8726,Bad State
FULSHEAR,TX,77441-4580,Bad State
RICHMOND,TX,77469-6338,Bad State
SUGAR LAND,TX,77479-3641,Bad State
SUGAR LAND,TX,77479-5948,Bad State
SUGAR LAND,TX,77479-7170,Bad State
KATY,TX,77493-3704,Bad State
KATY,TX,77494-1593,Bad State
KATY,TX,77494-3834,Bad State
LEAGUE CITY,TX,77573-3474,Bad State
SOUTH HOUSTON,TX,77587-4938,Bad State
BEAUMONT,TX,77706-6352,Bad State
BRYAN,TX,77807-1465,Bad State
NEW BRAUNFELS,TX,78130-8114,Bad State
SEGUIN,TX,78155-3413,Bad State
SAN ANTONIO,TX,78227-1009,Bad State
SAN ANTONIO,TX,78230-1211,Bad State
SAN ANTONIO,TX,78247-3054,Bad State
SAN ANTONIO,TX,78250-2975,Bad State
SAN ANTONIO,TX,78254-2399,Bad State
SAN ANTONIO,TX,78299-2539,Bad State
CORPUS CHRISTI,TX,78414-2181,Bad State
BASTROP,TX,78602-3585,Bad State
CEDAR PARK,TX,78613-7753,Bad State
GEORGETOWN,TX,78628-2962,Bad State
GEORGETOWN,TX,78628-3922,Bad State
LEANDER,TX,78641-3196,Bad State
LEANDER,TX,78641-3374,Bad State
LEANDER,TX,78641-3491,Bad State
LEANDER,TX,78641-4237,Bad State
LEANDER,TX,78641-4460,Bad State
LEANDER,TX,78641-4525,Bad State
LEANDER,TX,78641-4943,Bad State
LEANDER,TX,78641-5175,Bad State
LEANDER,TX,78641-5243,Bad State
LIBERTY HILL,TX,78642-2427,Bad State
PFLUGERVILLE,TX,78660-5151,Bad State
PFLUGERVILLE,TX,78660-6224,Bad State
PFLUGERVILLE,TX,78660-7070,Bad State
ROUND ROCK,TX,78665-5011,Bad State
ROUND ROCK,TX,78680-0158,Bad State
ROUND ROCK,TX,78681-2066,Bad State
ROUND ROCK,TX,78681-2093,Bad State
AUSTIN,TX,78702-4208,Bad State
AUSTIN,TX,78703-5453,Bad State
AUSTIN,TX,78703-5653,Bad State
AUSTIN,TX,78704,Bad State
AUSTIN,TX,78704-3954,Bad State
AUSTIN,TX,78717-3820,Bad State
AUSTIN,TX,78717-4191,Bad State
AUSTIN,TX,78724-2102,Bad State
AUSTIN,TX,78727-6453,Bad State
AUSTIN,TX,78728-6884,Bad State
AUSTIN,TX,78730-1509,Bad State
AUSTIN,TX,78732-1906,Bad State
AUSTIN,TX,78735-7909,Bad State
AUSTIN,TX,78735-8638,Bad State
BEE CAVE,TX,78738-4132,Bad State
AUSTIN,TX,78738-4495,Bad State
AUSTIN,TX,78739,Bad State
AUSTIN,TX,78746-1027,Bad State
WEST LAKE HILLS,TX,78746-6450,Bad State
AUSTIN,TX,78747-2833,Bad State
AUSTIN,TX,78748-1553,Bad State
AUSTIN,TX,78750-2524,Bad State
AUSTIN,TX,78750-3021,Bad State
AUSTIN,TX,78750-7912,Bad State
AUSTIN,TX,78753-7231,Bad State
AUSTIN,TX,78756-1620,Bad State
AUSTIN,TX,78758-2119,Bad State
AUSTIN,TX,78759-5960,Bad State
LA GRANGE,TX,78945-4457,Bad State
EL PASO,TX,79938-4753,Bad State
ARVADA,CO,80005-3759,Bad State
AURORA,CO,80018-4543,Bad State
BROOMFIELD,CO,80021-5107,Bad State
BROOMFIELD,CO,80021-8254,Bad State
BROOMFIELD,CO,80021-8858,Bad State
WESTMINSTER,CO,80023-8469,Bad State
CASTLE PINES,CO,80108-8158,Bad State
CENTENNIAL,CO,80112-4761,Bad State
CENTENNIAL,CO,80122-2522,Bad State
HIGHLANDS RANCH,CO,80129-1575,Bad State
PARKER,CO,80134-4833,Bad State
PARKER,CO,80138-7174,Bad State
DENVER,CO,80202-5599,Bad State
DENVER,CO,80202-5831,Bad State
DENVER,CO,80203-3405,Bad State
DENVER,CO,80203-4109,Bad State
DENVER,CO,80203-4568,Bad State
DENVER,CO,80206-3741,Bad State
DENVER,CO,80206-4817,Bad State
DENVER,CO,80212-2458,Bad State
LAKEWOOD,CO,80214-4594,Bad State
LAKEWOOD,CO,80215-1344,Bad State
DENVER,CO,80222-4504,Bad State
LAKEWOOD,CO,80232-5217,Bad State
LAKEWOOD,CO,80232-5290,Bad State
DENVER,CO,80237-3388,Bad State
DENVER,CO,80238-2977,Bad State
STEAMBOAT SPRINGS,CO,80487-1719,Bad State
SILVERTHORNE,CO,80498-9512,Bad State
ERIE,CO,80516-7575,Bad State
FORT COLLINS,CO,80521-1693,Bad State
LOVELAND,CO,80538-1824,Bad State
THORNTON,CO,80602-9142,Bad State
FLORISSANT,CO,80816-8754,Bad State
COLORADO SPRINGS,CO,80907-7203,Bad State
COLORADO SPRINGS,CO,80919-3344,Bad State
HOTCHKISS,CO,81419-8203,Bad State
SHERIDAN,WY,82801,Bad State
SHERIDAN,WY,82801-5777,Bad State
SHERIDAN,WY,82801-6317,Bad State
SHERIDAN,WY,82801-8318,Bad State
PINEDALE,WY,82941-2010,Bad State
WENDELL,ID,83355,Bad State
MOUNTAIN HOME,ID,83647-1696,Bad State
DRAPER,UT,84020-7170,Bad State
FARMINGTON,UT,84025-5617,Bad State
HEBER CITY,UT,84032-4775,Bad State
HIDEOUT,UT,84036-9411,Bad State
SARATOGA SPRINGS,UT,84045,Bad State
SANDY,UT,84070-4104,Bad State
SANDY,UT,84070-4422,Bad State
RIVERTON,UT,84096-1288,Bad State
HERRIMAN,UT,84096-8219,Bad State
SALT LAKE CITY,UT,84103-1366,Bad State
SALT LAKE CITY,UT,84103-3451,Bad State
SALT LAKE CITY,UT,84108-3513,Bad State
SALT LAKE CITY,UT,84131-0236,Bad State
SALT LAKE CITY,UT,84150-0022,Bad State
SPRINGVILLE,UT,84663,Bad State
ESCALANTE,UT,84726-0601,Bad State
IVINS,UT,84738-6093,Bad State
PHOENIX,AZ,85012-1415,Bad State
PHOENIX,AZ,85020-3848,Bad State
PHOENIX,AZ,85032-6394,Bad State
PHOENIX,AZ,85048-4424,Bad State
PHOENIX,AZ,85048-9565,Bad State
PHOENIX,AZ,85050-4984,Bad State
PHOENIX,AZ,85083-4439,Bad State
MESA,AZ,85212-2566,Bad State
GILBERT,AZ,85233-8771,Bad State
GILBERT,AZ,85234-6148,Bad State
SCOTTSDALE,AZ,85250-5511,Bad State
SCOTTSDALE,AZ,85254-1591,Bad State
SCOTTSDALE,AZ,85254-6418,Bad State
SCOTTSDALE,AZ,85254-6530,Bad State
SCOTTSDALE,AZ,85255-5466,Bad State
SCOTTSDALE,AZ,85258-2237,Bad State
SCOTTSDALE,AZ,85259-2105,Bad State
SCOTTSDALE,AZ,85260-5884,Bad State
TEMPE,AZ,85288,Bad State
TEMPE,AZ,85288-0976,Bad State
TEMPE,AZ,85288-1232,Bad State
TEMPE,AZ,85288-3774,Bad State
SURPRISE,AZ,85374-3476,Bad State
PEORIA,AZ,85382-2549,Bad State
PEORIA,AZ,85382-5314,Bad State
MARANA,AZ,85658-4044,Bad State
TUCSON,AZ,85718-3732,Bad State
FLAGSTAFF,AZ,86004-1723,Bad State
FLAGSTAFF,AZ,86005-6910,Bad State
PRESCOTT,AZ,86305-8665,Bad State
LOS ALAMOS,NM,87544-3881,Bad State
LOS ALAMOS,NM,87544-3885,Bad State
WHITE ROCK,NM,87547-3635,Bad State
TAOS,NM,87571-6560,Bad State
NORTH LAS VEGAS,NV,89085-4412,Bad State
LAS VEGAS,NV,89109-1158,Bad State
LAS VEGAS,NV,89138-2008,Bad State
LAS VEGAS,NV,89139-7111,Bad State
LAS VEGAS,NV,89144-6303,Bad State
LAS VEGAS,NV,89145-8549,Bad State
LAS VEGAS,NV,89148-5213,Bad State
RENO,NV,89511-5664,Bad State
RENO,NV,89511-8555,Bad State
RENO,NV,89521-4177,Bad State
RENO,NV,89523-8822,Bad State
LOS ANGELES,CA,90005-4444,Bad State
LOS ANGELES,CA,90012-4232,Bad State
LOS ANGELES,CA,90017-2436,Bad State
LOS ANGELES,CA,90017-3932,Bad State
LOS ANGELES,CA,90018-1802,Bad State
LOS ANGELES,CA,90018-2532,Bad State
LOS ANGELES,CA,90024-3102,Bad State
LOS ANGELES,CA,90024-3207,Bad State
LOS ANGELES,CA,90024-4368,Bad State
LOS ANGELES,CA,90024-4684,Bad State
LOS ANGELES,CA,90026-3054,Bad State
LOS ANGELES,CA,90028-6390,Bad State
LOS ANGELES,CA,90034-1103,Bad State
LOS ANGELES,CA,90034-3195,Bad State
LOS ANGELES,CA,90039-2203,Bad State
WINDSOR HILLS,CA,90043-2015,Bad State
LOS ANGELES,CA,90049-2431,Bad State
LOS ANGELES,CA,90064-2333,Bad State
LOS ANGELES,CA,90064-3233,Bad State
LOS ANGELES,CA,90066-3466,Bad State
LOS ANGELES,CA,90066-4382,Bad State
LOS ANGELES,CA,90067-3002,Bad State
LOS ANGELES,CA,90067-3501,Bad State
CULVER CITY,CA,90232-2974,Bad State
DOWNEY,CA,90240-2228,Bad State
DOWNEY,CA,90241-2652,Bad State
MALIBU,CA,90265-0099,Bad State
PACIFIC PALISADES,CA,90272-3113,Bad State
PALOS VERDES ESTATES,CA,90274-1261,Bad State
RANCHO PALOS VERDES,CA,90275-1053,Bad State
RANCHO PALOS VERDES,CA,90275-5800,Bad State
VENICE,CA,90291-3879,Bad State
MARINA DEL REY,CA,90292-5408,Bad State
PLAYA DEL REY,CA,90293-7109,Bad State
SANTA MONICA,CA,90401-2042,Bad State
SANTA MONICA,CA,90403-2567,Bad State
SANTA MONICA,CA,90404-1310,Bad State
NORWALK,CA,90650-3313,Bad State
SAN PEDRO,CA,90734-6367,Bad State
SEAL BEACH,CA,90740-5559,Bad State
LONG BEACH,CA,90803-4830,Bad State
ARCADIA,CA,91006-2323,Bad State
ARCADIA,CA,91006-4159,Bad State
ARCADIA,CA,91007-6409,Bad State
LA CANADA FLINTRIDGE,CA,91011-4203,Bad State
MONROVIA,CA,91016-4425,Bad State
PASADENA,CA,91104-3957,Bad State
LA CRESCENTA,CA,91214-1249,Bad State
AGOURA HILLS,CA,91301-1913,Bad State
AGOURA HILLS,CA,91301-2150,Bad State
AGOURA HILLS,CA,91301-3623,Bad State
AGOURA HILLS,CA,91301-4386,Bad State
WEST HILLS,CA,91304-6110,Bad State
WEST HILLS,CA,91307-2552,Bad State
NEWBURY PARK,CA,91320-6883,Bad State
GRANADA HILLS,CA,91344-3317,Bad State
MISSION HILLS,CA,91345-2412,Bad State
THOUSAND OAKS,CA,91362-1090,Bad State
OAK PARK,CA,91377-5501,Bad State
OAK PARK,CA,91377-5552,Bad State
SHERMAN OAKS,CA,91403-2108,Bad State
BURBANK,CA,91505-1922,Bad State
BURBANK,CA,91506-2103,Bad State
VALLEY VILLAGE,CA,91607-2946,Bad State
CHINO HILLS,CA,91709-5247,Bad State
CHINO,CA,91710-1648,Bad State
CHINO,CA,91710-6964,Bad State
CHINO,CA,91710-7227,Bad State
CLAREMONT,CA,91711-5443,Bad State
EL MONTE,CA,91732-1238,Bad State
EL MONTE,CA,91733,Bad State
GLENDORA,CA,91741-1858,Bad State
CITY OF INDUSTRY,CA,91748-1043,Bad State
ONTARIO,CA,91761-2607,Bad State
TEMPLE CITY,CA,91780-2112,Bad State
TEMPLE CITY,CA,91780-3100,Bad State
ALHAMBRA,CA,91801-2553,Bad State
CHULA VISTA,CA,91913-1651,Bad State
CARLSBAD,CA,92008-3375,Bad State
CARLSBAD,CA,92009-6968,Bad State
CARLSBAD,CA,92009-8501,Bad State
CARLSBAD,CA,92009-9301,Bad State
CARLSBAD,CA,92011-3933,Bad State
CARLSBAD,CA,92011-3968,Bad State
CARLSBAD,CA,92018-1368,Bad State
EL CAJON,CA,92019-3436,Bad State
EL CAJON,CA,92019-5001,Bad State
ENCINITAS,CA,92024-1969,Bad State
LA JOLLA,CA,92037-6006,Bad State
OCEANSIDE,CA,92057-8419,Bad State
RAMONA,CA,92065-6806,Bad State
SOLANA BEACH,CA,92075-1313,Bad State
SAN MARCOS,CA,92078-5167,Bad State
VALLEY CENTER,CA,92082-4435,Bad State
VALLEY CENTER,CA,92082-6607,Bad State
SAN DIEGO,CA,92116-2701,Bad State
SAN DIEGO,CA,92119-3026,Bad State
SAN DIEGO,CA,92120-4619,Bad State
SAN DIEGO,CA,92121-1958,Bad State
SAN DIEGO,CA,92122-2505,Bad State
SAN DIEGO,CA,92122-3731,Bad State
SAN DIEGO,CA,92122-4618,Bad State
SAN DIEGO,CA,92123-2003,Bad State
SAN DIEGO,CA,92123-3037,Bad State
SAN DIEGO,CA,92126-4841,Bad State
SAN DIEGO,CA,92126-5920,Bad State
SAN DIEGO,CA,92127,Bad State
SAN DIEGO,CA,92127-2880,Bad State
SAN DIEGO,CA,92127-3434,Bad State
SAN DIEGO,CA,92127-3676,Bad State
SAN DIEGO,CA,92127-3677,Bad State
SAN DIEGO,CA,92127-3708,Bad State
SAN DIEGO,CA,92127-4415,Bad State
SAN DIEGO,CA,92127-5310,Bad State
SAN DIEGO,CA,92127-8824,Bad State
SAN DIEGO,CA,92127-8837,Bad State
SAN DIEGO,CA,92128-1301,Bad State
SAN DIEGO,CA,92128-1806,Bad State
SAN DIEGO,CA,92128-4084,Bad State
SAN DIEGO,CA,92128-4328,Bad State
SAN DIEGO,CA,92128-4515,Bad State
SAN DIEGO,CA,92129-2281,Bad State
SAN DIEGO,CA,92129-2873,Bad State
SAN DIEGO,CA,92129-3780,Bad State
SAN DIEGO,CA,92129-4131,Bad State
SAN DIEGO,CA,92129-5713,Bad State
SAN DIEGO,CA,92130,Bad State
SAN DIEGO,CA,92130-2175,Bad State
SAN DIEGO,CA,92130-3212,Bad State
SAN DIEGO,CA,92130-5653,Bad State
SAN DIEGO,CA,92130-5660,Bad State
SAN DIEGO,CA,92130-5705,Bad State
SAN DIEGO,CA,92130-5746,Bad State
SAN DIEGO,CA,92130-6821,Bad State
SAN DIEGO,CA,92130-6866,Bad State
SAN DIEGO,CA,92131-1419,Bad State
SAN DIEGO,CA,92131-1550,Bad State
SAN DIEGO,CA,92131-2248,Bad State
SAN DIEGO,CA,92131-2628,Bad State
SAN DIEGO,CA,92131-3552,Bad State
SAN DIEGO,CA,92131-3831,Bad State
SAN DIEGO,CA,92131-4211,Bad State
SAN DIEGO,CA,92150-4085,Bad State
SAN DIEGO,CA,92154-5407,Bad State
SAN DIEGO,CA,92169-3398,Bad State
CATHEDRAL CITY,CA,92234-4819,Bad State
LA QUINTA,CA,92253-8266,Bad State
PALM SPRINGS,CA,92262-5713,Bad State
PALM SPRINGS,CA,92264-8547,Bad State
RANCHO MIRAGE,CA,92270-2731,Bad State
BARSTOW,CA,92311-7260,Bad State
FONTANA,CA,92336-3824,Bad State
FONTANA,CA,92336-4733,Bad State
FONTANA,CA,92336-5920,Bad State
HIGHLAND,CA,92346-6389,Bad State
WRIGHTWOOD,CA,92397-0068,Bad State
SAN BERNARDINO,CA,92407-5194,Bad State
RIVERSIDE,CA,92507-2732,Bad State
WILDOMAR,CA,92595-6909,Bad State
IRVINE,CA,92602-2433,Bad State
IRVINE,CA,92603-3432,Bad State
IRVINE,CA,92603-4226,Bad State
IRVINE,CA,92604-2358,Bad State
IRVINE,CA,92604-4504,Bad State
IRVINE,CA,92606-2124,Bad State
IRVINE,CA,92606-4801,Bad State
LAKE FOREST,CA,92610-3003,Bad State
IRVINE,CA,92612-1903,Bad State
IRVINE,CA,92614-5992,Bad State
IRVINE,CA,92614-7289,Bad State
IRVINE,CA,92617-4108,Bad State
IRVINE,CA,92618-1050,Bad State
IRVINE,CA,92618-1514,Bad State
IRVINE,CA,92618-2244,Bad State
IRVINE,CA,92618-4566,Bad State
IRVINE,CA,92618-6902,Bad State
IRVINE,CA,92620-3278,Bad State
IRVINE,CA,92620-3442,Bad State
IRVINE,CA,92620-7911,Bad State
COSTA MESA,CA,92626-5936,Bad State
COSTA MESA,CA,92627-9027,Bad State
DANA POINT,CA,92629-3248,Bad State
LAKE FOREST,CA,92630-8364,Bad State
LAGUNA  WOODS,CA,92637,Bad State
LAGUNA WOODS,CA,92637-2884,Bad State
LAGUNA WOODS,CA,92637-3250,Bad State
LAGUNA WOODS,CA,92637-5935,Bad State
HUNTINGTON BEACH,CA,92648-1415,Bad State
HUNTINGTON BEACH,CA,92648-5248,Bad State
HUNTINGTON BEACH,CA,92648-6654,Bad State
HUNTINGTON BEACH,CA,92649-2209,Bad State
HUNTINGTON BEACH,CA,92649-6429,Bad State
LAGUNA BEACH,CA,92651-1150,Bad State
LAGUNA BEACH,CA,92651-7000,Bad State
NEWPORT BEACH,CA,92657-1600,Bad State
NEWPORT BEACH,CA,92660-2616,Bad State
SAN CLEMENTE,CA,92672,Bad State
SAN CLEMENTE,CA,92672-2615,Bad State
RANCHO SANTA MARGARITA,CA,92688-4136,Bad State
MISSION VIEJO,CA,92692-1602,Bad State
MISSION VIEJO,CA,92692-4740,Bad State
MISSION VIEJO,CA,92692-4741,Bad State
SANTA ANA,CA,92705-1516,Bad State
SANTA ANA,CA,92705-2750,Bad State
SANTA ANA,CA,92705-5914,Bad State
TUSTIN,CA,92781-3275,Bad State
TUSTIN,CA,92782-5106,Bad State
ANAHEIM,CA,92805-5957,Bad State
ANAHEIM,CA,92807-4310,Bad State
BREA,CA,92823-7004,Bad State
FULLERTON,CA,92831-2830,Bad State
FULLERTON,CA,92831-4309,Bad State
GARDEN GROVE,CA,92844-2571,Bad State
PLACENTIA,CA,92870-1717,Bad State
CORONA,CA,92882-3622,Bad State
YORBA LINDA,CA,92886-2741,Bad State
YORBA LINDA,CA,92886-6244,Bad State
YORBA LINDA,CA,92887-3332,Bad State
VENTURA,CA,93001-2345,Bad State
VENTURA,CA,93003-4762,Bad State
OJAI,CA,93023-2845,Bad State
GOLETA,CA,93117-1221,Bad State
SANTA BARBARA,CA,93117-9776,Bad State
PORTERVILLE,CA,93257,Bad State
PORTVILLE,CA,93257,Bad State
BAKERSFIELD,CA,93306-3250,Bad State
SAN LUIS OBISPO,CA,93401-7688,Bad State
PISMO BEACH,CA,93449-3049,Bad State
LANCASTER,CA,93536-2371,Bad State
PALMDALE,CA,93550-7050,Bad State
FRESNO,CA,93710-3941,Bad State
FRESNO,CA,93711-2432,Bad State
FRESNO,CA,93720-1430,Bad State
PACIFIC GROVE,CA,93950-2838,Bad State
SEASIDE,CA,93955-6531,Bad State
BELMONT,CA,94002-2959,Bad State
BURLINGAME,CA,94010-3956,Bad State
BURLINGAME,CA,94010-5231,Bad State
HALF MOON BAY,CA,94019-2238,Bad State
HALF MOON BAY,CA,94019-5107,Bad State
LOS ALTOS,CA,94022-1026,Bad State
LOS ALTOS,CA,94022-3950,Bad State
LOS ALTOS,CA,94024-3155,Bad State
LOS ALTOS,CA,94024-5031,Bad State
LOS ALTOS HILLS,CA,94024-5301,Bad State
LOS ALTOS,CA,94024-5865,Bad State
LOS ALTOS,CA,94024-6820,Bad State
LOS ALTOS,CA,94024-7229,Bad State
ATHERTON,CA,94027-4034,Bad State
MILLBRAE,CA,94030-1004,Bad State
MONTARA,CA,94037-0229,Bad State
MOUNTAIN VIEW,CA,94040-1161,Bad State
MOUNTAIN VIEW,CA,94040-1427,Bad State
MOUNTAIN VIEW,CA,94040-1453,Bad State
MOUNTAIN VIEW,CA,94040-3529,Bad State
MOUNTAIN VIEW,CA,94040-4531,Bad State
MOUNTAIN VIEW,CA,94041-1276,Bad State
MOUNTAIN VIEW,CA,94041-1676,Bad State
MOUNTAIN VIEW,CA,94041-1681,Bad State
MOUNTAIN VIEW,CA,94041-2154,Bad State
MOUNTAIN VIEW,CA,94042,Bad State
MOUNTAIN VIEW,CA,94043-1808,Bad State
MOUNTAIN VIEW,CA,94043-2715,Bad State
MOUNTAIN VIEW,CA,94043-3134,Bad State
MOUNTAIN VIEW,CA,94043-4456,Bad State
MOUNTAIN VIEW,CA,94043-5242,Bad State
MOUNTAIN VIEW,CA,94043-5261,Bad State
MOUNTAIN VIEW,CA,94043-5501,Bad State
PACIFICA,CA,94044-1316,Bad State
REDWOOD CITY,CA,94061-1725,Bad State
REDWOOD CITY,CA,94061-2530,Bad State
REDWOOD CITY,CA,94061-3693,Bad State
WOODSIDE,CA,94062-2353,Bad State
REDWOOD CITY,CA,94062-4605,Bad State
REDWOOD CITY,CA,94063-1195,Bad State
REDWOOD CITY,CA,94065-1112,Bad State
REDWOOD CITY,CA,94065-1128,Bad State
SAN BRUNO,CA,94066-1228,Bad State
SAN BRUNO,CA,94066-5818,Bad State
SAN CARLOS,CA,94070-0048,Bad State
SUNNYVALE,CA,94085-0010,Bad State
SUNNYVALE,CA,94085-4014,Bad State
SUNNYVALE,CA,94085-4566,Bad State
SUNNYVALE,CA,94085-5115,Bad State
SUNNYVALE,CA,94086-7053,Bad State
SUNNYVALE,CA,94086-8473,Bad State
SUNNYVALE,CA,94087,Bad State
SUNNYVALE,CA,94087-1223,Bad State
SUNNYVALE,CA,94087-1611,Bad State
SUNNYVALE,CA,94087-1739,Bad State
SUNNYVALE,CA,94087-1920,Bad State
SUNNYVALE,CA,94087-2056,Bad State
SUNNYVALE,CA,94087-2162,Bad State
SUNNYVALE,CA,94087-2222,Bad State
SUNNYVALE,CA,94087-2328,Bad State
SUNNYVALE,CA,94087-2834,Bad State
SUNNYVALE,CA,94087-3264,Bad State
SUNNYVALE,CA,94087-3617,Bad State
SUNNYVALE,CA,94087-3731,Bad State
SUNNYVALE,CA,94089-1765,Bad State
SUNNYVALE,CA,94089-2056,Bad State
SUNNYVALE,CA,94089-2334,Bad State
SUNNYVALE,CA,94089-4510,Bad State
SAN FRANCISCO,CA,94102-5314,Bad State
SAN FRANCISCO,CA,94103-3561,Bad State
SAN FRANCISCO,CA,94105-4629,Bad State
SAN FRANCISCO,CA,94108-3351,Bad State
SAN FRANCISCO,CA,94109-3350,Bad State
SAN FRANCISCO,CA,94110-1224,Bad State
SAN FRANCISCO,CA,94110-2420,Bad State
SAN FRANCISCO,CA,94111-1124,Bad State
SAN FRANCISCO,CA,94112-2203,Bad State
SAN FRANCISCO,CA,94112-4237,Bad State
SAN FRANCISCO,CA,94114-1816,Bad State
SAN FRANCISCO,CA,94114-2342,Bad State
SAN FRANCISCO,CA,94115-4938,Bad State
SAN FRANCISCO,CA,94117-2468,Bad State
SAN FRANCISCO,CA,94117-2855,Bad State
SAN FRANCISCO,CA,94117-3078,Bad State
SAN FRANCISCO,CA,94117-3949,Bad State
SAN FRANCISCO,CA,94122-1306,Bad State
SAN FRANCISCO,CA,94122-4500,Bad State
SAN FRANCISCO,CA,94123-3604,Bad State
SAN FRANCISCO,CA,94127-1935,Bad State
SAN FRANCISCO,CA,94134-3373,Bad State
PALO ALTO,CA,94303-3850,Bad State
PALO ALTO,CA,94303-4009,Bad State
PALO ALTO,CA,94303-4249,Bad State
PALO ALTO,CA,94303-4410,Bad State
PALO ALTO,CA,94306-2859,Bad State
PALO ALTO,CA,94306-3804,Bad State
PALO ALTO,CA,94306-4249,Bad State
SAN MATEO,CA,94402-1661,Bad State
SAN MATEO,CA,94402-3604,Bad State
SAN MATEO,CA,94403-1396,Bad State
SAN MATEO,CA,94403-2390,Bad State
SAN MATEO,CA,94403-2817,Bad State
SAN MATEO,CA,94403-5043,Bad State
FOSTER CITY,CA,94404-1701,Bad State
FOSTER CITY,CA,94404-1823,Bad State
FOSTER CITY,CA,94404-2580,Bad State
FOSTER CITY,CA,94404-3759,Bad State
ALAMEDA,CA,94501-5924,Bad State
ALAMEDA,CA,94501-6243,Bad State
DANVILLE,CA,94506-4613,Bad State
DANVILLE,CA,94506-4736,Bad State
DANVILLE,CA,94506-4754,Bad State
ALAMO,CA,94507-1074,Bad State
ALAMO,CA,94507-2062,Bad State
ALAMO,CA,94507-4033,Bad State
BRENTWOOD,CA,94513-6577,Bad State
CLAYTON,CA,94517-1060,Bad State
CONCORD,CA,94521,Bad State
PLEASANT HILL,CA,94523-1718,Bad State
PLEASANT HILL,CA,94523-3317,Bad State
DANVILLE,CA,94526-3611,Bad State
DANVILLE,CA,94526-4319,Bad State
EL CERRITO,CA,94530-1812,Bad State
ANTIOCH,CA,94531-5026,Bad State
ANTIOCH,CA,94531-6392,Bad State
FAIRFIELD,CA,94533-8715,Bad State
FREMONT,CA,94536-0893,Bad State
FREMONT,CA,94536-3210,Bad State
FREMONT,CA,94536-3247,Bad State
FREMONT,CA,94536-3544,Bad State
FREMONT,CA,94536-3666,Bad State
FREMONT,CA,94536-4307,Bad State
FREMONT,CA,94536-4641,Bad State
FREMONT,CA,94536-4644,Bad State
FREMONT,CA,94536-4710,Bad State
FREMONT,CA,94536-4755,Bad State
FREMONT,CA,94536-5700,Bad State
FREMONT,CA,94536-6231,Bad State
FREMONT,CA,94536-6323,Bad State
FREMONT,CA,94536-6580,Bad State
FREMONT,CA,94536-6630,Bad State
FREMONT,CA,94536-7044,Bad State
FREMONT,CA,94538-1038,Bad State
FREMONT,CA,94538-1328,Bad State
FREMONT,CA,94538-1499,Bad State
FREMONT,CA,94538-2245,Bad State
FREMONT,CA,94538-2254,Bad State
FREMONT,CA,94538-2757,Bad State
FREMONT,CA,94538-3203,Bad State
FREMONT,CA,94538-3382,Bad State
FREMONT,CA,94538-4159,Bad State
FREMONT,CA,94538-5214,Bad State
FREMONT,CA,94538-5351,Bad State
FREMONT,CA,94538-7021,Bad State
FREMONT,CA,94539,Bad State
FREMONT,CA,94539-3748,Bad State
FREMONT,CA,94539-3790,Bad State
FREMONT,CA,94539-4580,Bad State
FREMONT,CA,94539-4703,Bad State
FREMONT,CA,94539-4735,Bad State
FREMONT,CA,94539-5632,Bad State
FREMONT,CA,94539-6333,Bad State
FREMONT,CA,94539-6559,Bad State
FREMONT,CA,94539-6669,Bad State
FREMONT,CA,94539-6754,Bad State
FREMONT,CA,94539-6860,Bad State
FREMONT,CA,94539-6866,Bad State
FREMONT,CA,94539-6926,Bad State
FREMONT,CA,94539-7211,Bad State
FREMONT,CA,94539-7235,Bad State
FREMONT,CA,94539-7520,Bad State
FREMONT,CA,94539-7749,Bad State
FREMONT,CA,94539-8092,Bad State
FREMONT,CA,94539-8366,Bad State
FREMONT,CA,94539-8416,Bad State
FREMONT,CA,94539-8464,Bad State
FAIRVIEW,CA,94542-2226,Bad State
HAYWARD,CA,94544-6670,Bad State
HAYWARD,CA,94544-6707,Bad State
HAYWARD,CA,94545-1340,Bad State
LIVERMORE,CA,94550-2540,Bad State
LIVERMORE,CA,94550-5125,Bad State
LIVERMORE,CA,94550-8046,Bad State
LIVERMORE,CA,94551-8926,Bad State
CASTRO VALLEY,CA,94552-5071,Bad State
CASTRO VALLEY,CA,94552-5375,Bad State
CASTRO VALLEY,CA,94552-5502,Bad State
MARTINEZ,CA,94553-3719,Bad State
FREMONT,CA,94555-1287,Bad State
FREMONT,CA,94555-1455,Bad State
FREMONT,CA,94555-1460,Bad State
FREMONT,CA,94555-1507,Bad State
FREMONT,CA,94555-2940,Bad State
FREMONT,CA,94555-3386,Bad State
FREMONT,CA,94555-3510,Bad State
FREMONT,CA,94555-3519,Bad State
FREMONT,CA,94555-3853,Bad State
MORAGA,CA,94556-2279,Bad State
MORAGA,CA,94556-2613,Bad State
MORAGA,CA,94556-2614,Bad State
NEWARK,CA,94560-1607,Bad State
NEWARK,CA,94560-1849,Bad State
NEWARK,CA,94560-5573,Bad State
NEWARK,CA,94560-5576,Bad State
NEWARK,CA,94560-7348,Bad State
OAKLEY,CA,94561-2494,Bad State
PITTSBURG,CA,94565-7616,Bad State
PLEASANTON,CA,94566-2271,Bad State
PLEASANTON,CA,94566-4505,Bad State
PLEASANTON,CA,94566-4555,Bad State
PLEASANTON,CA,94566-5323,Bad State
PLEASANTON,CA,94566-5330,Bad State
PLEASANTON,CA,94566-5719,Bad State
PLEASANTON,CA,94566-5794,Bad State
PLEASANTON,CA,94566-5796,Bad State
PLEASANTON,CA,94566-6316,Bad State
PLEASANTON,CA,94566-6803,Bad State
PLEASANTON,CA,94566-6915,Bad State
PLEASANTON,CA,94566-7933,Bad State
DUBLIN,CA,94568-2234,Bad State
DUBLIN,CA,94568-3252,Bad State
DUBLIN,CA,94568-4227,Bad State
DUBLIN,CA,94568-4295,Bad State
DUBLIN,CA,94568-4652,Bad State
DUBLIN,CA,94568-4670,Bad State
DUBLIN,CA,94568-4685,Bad State
DUBLIN,CA,94568-4711,Bad State
DUBLIN,CA,94568-4753,Bad State
DUBLIN,CA,94568-4758,Bad State
DUBLIN,CA,94568-4915,Bad State
DUBLIN,CA,94568-6757,Bad State
DUBLIN,CA,94568-7518,Bad State
DUBLIN,CA,94568-7690,Bad State
DUBLIN,CA,94568-7845,Bad State
DUBLIN,CA,94568-8745,Bad State
DUBLIN,CA,94568-8780,Bad State
DUBLIN,CA,94568-8828,Bad State
DUBLIN,CA,94568-8829,Bad State
SAN LEANDRO,CA,94577-3655,Bad State
SAN LEANDRO,CA,94577-6332,Bad State
SAN RAMON,CA,94582-1363,Bad State
SAN RAMON,CA,94582-2503,Bad State
SAN RAMON,CA,94582-2510,Bad State
SAN RAMON,CA,94582-3098,Bad State
SAN RAMON,CA,94582-4614,Bad State
SAN RAMON,CA,94582-5069,Bad State
SAN RAMON,CA,94582-5099,Bad State
SAN RAMON,CA,94582-5284,Bad State
SAN RAMON,CA,94582-5296,Bad State
SAN RAMON,CA,94582-5433,Bad State
SAN RAMON,CA,94582-5475,Bad State
SAN RAMON,CA,94582-5545,Bad State
SAN RAMON,CA,94582-5591,Bad State
SAN RAMON,CA,94582-5652,Bad State
SAN RAMON,CA,94582-5682,Bad State
SAN RAMON,CA,94582-5770,Bad State
SAN RAMON,CA,94582-5806,Bad State
SAN RAMON,CA,94582-5902,Bad State
SAN RAMON,CA,94582-5920,Bad State
SAN RAMON,CA,94583-2228,Bad State
SAN RAMON,CA,94583-2941,Bad State
SAN RAMON,CA,94583-3010,Bad State
SAN RAMON,CA,94583-3145,Bad State
SAN RAMON,CA,94583-3169,Bad State
SAN RAMON,CA,94583-3805,Bad State
UNION CITY,CA,94587-1658,Bad State
UNION CITY,CA,94587-4709,Bad State
UNION CITY,CA,94587-5529,Bad State
PLEASANTON,CA,94588-2651,Bad State
PLEASANTON,CA,94588-2930,Bad State
PLEASANTON,CA,94588-3089,Bad State
PLEASANTON,CA,94588-3477,Bad State
PLEASANTON,CA,94588-3520,Bad State
PLEASANTON,CA,94588-3592,Bad State
PLEASANTON,CA,94588-3624,Bad State
PLEASANTON,CA,94588-3644,Bad State
PLEASANTON,CA,94588-3686,Bad State
PLEASANTON,CA,94588-3907,Bad State
PLEASANTON,CA,94588-4902,Bad State
PLEASANTON,CA,94588-8363,Bad State
PLEASANTON,CA,94588-9779,Bad State
WALNUT CREEK,CA,94595-3542,Bad State
WALNUT CREEK,CA,94596-6610,Bad State
WALNUT CREEK,CA,94597-2849,Bad State
WALNUT CREEK,CA,94597-3181,Bad State
WALNUT CREEK,CA,94598-2308,Bad State
WALNUT CREEK,CA,94598-4150,Bad State
OAKLAND,CA,94607-1593,Bad State
OAKLAND,CA,94607-1644,Bad State
EMERYVILLE,CA,94608-2429,Bad State
OAKLAND,CA,94611-1178,Bad State
PIEDMONT,CA,94611-3418,Bad State
OAKLAND,CA,94621-2759,Bad State
BERKELEY,CA,94702-1502,Bad State
BERKELEY,CA,94705-2513,Bad State
BERKELEY,CA,94707-2116,Bad State
BERKELEY,CA,94707-2711,Bad State
KENSINGTON,CA,94708-1147,Bad State
RICHMOND,CA,94806-5255,Bad State
SAN RAFAEL,CA,94901-1742,Bad State
GREENBRAE,CA,94904-1125,Bad State
NOVATO,CA,94948-0240,Bad State
PETALUMA,CA,94952-2073,Bad State
SAUSALITO,CA,94965-1417,Bad State
AROMAS,CA,95004-0516,Bad State
CAMPBELL,CA,95008-0312,Bad State
CAMPBELL,CA,95008-0512,Bad State
CAMPBELL,CA,95008-0912,Bad State
CUPERTINO,CA,95014-0348,Bad State
CUPERTINO,CA,95014-0537,Bad State
CUPERTINO,CA,95014-1014,Bad State
CUPERTINO,CA,95014-2312,Bad State
CUPERTINO,CA,95014-2733,Bad State
CUPERTINO,CA,95014-2861,Bad State
CUPERTINO,CA,95014-2979,Bad State
CUPERTINO,CA,95014-2981,Bad State
CUPERTINO,CA,95014-3542,Bad State
CUPERTINO,CA,95014-3690,Bad State
CUPERTINO,CA,95014-4130,Bad State
CUPERTINO,CA,95014-4420,Bad State
CUPERTINO,CA,95014-4950,Bad State
GILROY,CA,95020-6304,Bad State
GILROY,CA,95020-7778,Bad State
LOS GATOS,CA,95030-4109,Bad State
LOS GATOS,CA,95030-6342,Bad State
LOS GATOS,CA,95032-3441,Bad State
LOS GATOS,CA,95032-3447,Bad State
LOS GATOS,CA,95032-3638,Bad State
LOS GATOS,CA,95032-3725,Bad State
LOS GATOS,CA,95032-4554,Bad State
LOS GATOS,CA,95032-4628,Bad State
MILPITAS,CA,95035,Bad State
MILPITAS,CA,95035-2405,Bad State
MILPITAS,CA,95035-2428,Bad State
MILPITAS,CA,95035-2434,Bad State
MILPITAS,CA,95035-2616,Bad State
MILPITAS,CA,95035-3007,Bad State
MILPITAS,CA,95035-3533,Bad State
MILPITAS,CA,95035-3535,Bad State
MILPITAS,CA,95035-3637,Bad State
MILPITAS,CA,95035-3858,Bad State
MILPITAS,CA,95035-4214,Bad State
MILPITAS,CA,95035-4401,Bad State
MILPITAS,CA,95035-4762,Bad State
MILPITAS,CA,95035-4816,Bad State
MILPITAS,CA,95035-6142,Bad State
MILPITAS,CA,95035-6682,Bad State
MILPITAS,CA,95035-6937,Bad State
MILPITAS,CA,95035-7026,Bad State
MILPITAS,CA,95035-7804,Bad State
MILPITAS,CA,95035-8146,Bad State
MILPITAS,CA,95035-8216,Bad State
MILPITAS,CA,95035-8649,Bad State
MILPITAS,CA,95035-9033,Bad State
MORGAN HILL,CA,95037-2536,Bad State
MORGAN HILL,CA,95037-6926,Bad State
MORGAN HILL,CA,95037-9084,Bad State
SANTA CLARA,CA,95050-3307,Bad State
SANTA CLARA,CA,95050-4051,Bad State
SANTA CLARA,CA,95050-5119,Bad State
SANTA CLARA,CA,95050-5587,Bad State
SANTA CLARA,CA,95050-6366,Bad State
SANTA CLARA,CA,95051-3206,Bad State
SANTA CLARA,CA,95051-3854,Bad State
SANTA CLARA,CA,95051-3922,Bad State
SANTA CLARA,CA,95051-4622,Bad State
SANTA CLARA,CA,95051-5227,Bad State
SANTA CLARA,CA,95051-5550,Bad State
SANTA CLARA,CA,95051-5648,Bad State
SANTA CLARA,CA,95051-5731,Bad State
SANTA CLARA,CA,95051-6079,Bad State
SANTA CLARA,CA,95051-6083,Bad State
SANTA CLARA,CA,95051-6236,Bad State
SANTA CLARA,CA,95051-6833,Bad State
SANTA CLARA,CA,95054-1358,Bad State
SANTA CLARA,CA,95054-1789,Bad State
SANTA CLARA,CA,95054-3515,Bad State
SANTA CLARA,CA,95054-3737,Bad State
SANTA CLARA,CA,95054-4134,Bad State
SANTA CLARA,CA,95054-4174,Bad State
SANTA CLARA,CA,95056-6633,Bad State
SANTA CRUZ,CA,95060-9104,Bad State
SARATOGA,CA,95070-3025,Bad State
SARATOGA,CA,95070-4036,Bad State
SARATOGA,CA,95070-4405,Bad State
SARATOGA,CA,95070-4570,Bad State
SARATOGA,CA,95070-4853,Bad State
SARATOGA,CA,95070-5123,Bad State
SARATOGA,CA,95070-5125,Bad State
SARATOGA,CA,95070-5135,Bad State
SARATOGA,CA,95070-5315,Bad State
SARATOGA,CA,95070-5441,Bad State
SARATOGA,CA,95070-5542,Bad State
SARATOGA,CA,95070-5992,Bad State
WATSONVILLE,CA,95076-2757,Bad State
WATSONVILLE,CA,95076-6642,Bad State
SAN JOSE,CA,95111-1713,Bad State
SAN JOSE,CA,95111-1820,Bad State
SAN JOSE,CA,95117-2327,Bad State
SAN JOSE,CA,95117-2605,Bad State
SAN JOSE,CA,95117-2923,Bad State
SAN JOSE,CA,95118-1758,Bad State
SAN JOSE,CA,95118-3543,Bad State
SAN JOSE,CA,95119-1849,Bad State
SAN JOSE,CA,95120-2017,Bad State
SAN JOSE,CA,95120-2225,Bad State
SAN JOSE,CA,95120-3033,Bad State
SAN JOSE,CA,95120-4110,Bad State
SAN JOSE,CA,95120-4181,Bad State
SAN JOSE,CA,95120-5312,Bad State
SAN JOSE,CA,95120-5322,Bad State
SAN JOSE,CA,95120-5818,Bad State
SAN JOSE,CA,95121-1267,Bad State
SAN JOSE,CA,95121-1411,Bad State
SAN JOSE,CA,95123-1304,Bad State
SAN JOSE,CA,95123-1502,Bad State
SAN JOSE,CA,95123-2114,Bad State
SAN JOSE,CA,95123-2483,Bad State
SAN JOSE,CA,95123-3504,Bad State
SAN JOSE,CA,95124-1725,Bad State
SAN JOSE,CA,95124-2253,Bad State
SAN JOSE,CA,95124-3331,Bad State
SAN JOSE,CA,95124-3716,Bad State
SAN JOSE,CA,95124-4607,Bad State
SAN JOSE,CA,95124-4917,Bad State
SAN JOSE,CA,95124-5147,Bad State
SAN JOSE,CA,95124-5521,Bad State
SAN JOSE,CA,95124-5552,Bad State
SAN JOSE,CA,95124-5652,Bad State
SAN JOSE,CA,95125-2306,Bad State
SAN JOSE,CA,95125-2707,Bad State
SAN JOSE,CA,95125-6632,Bad State
SAN JOSE,CA,95126-1104,Bad State
SAN JOSE,CA,95126-1808,Bad State
SAN JOSE,CA,95126-3277,Bad State
SAN JOSE,CA,95126-5127,Bad State
SAN JOSE,CA,95128-3187,Bad State
SAN JOSE,CA,95129,Bad State
SAN JOSE,CA,95129-1146,Bad State
SAN JOSE,CA,95129-1678,Bad State
SAN JOSE,CA,95129-2208,Bad State
SAN JOSE,CA,95129-2918,Bad State
SAN JOSE,CA,95129-3162,Bad State
SAN JOSE,CA,95129-3166,Bad State
SAN JOSE,CA,95129-4103,Bad State
SAN JOSE,CA,95129-4265,Bad State
SAN JOSE,CA,95129-4710,Bad State
SAN JOSE,CA,95130-1027,Bad State
SAN JOSE,CA,95130-1257,Bad State
SAN JOSE,CA,95130-1834,Bad State
SAN JOSE,CA,95131-2766,Bad State
SAN JOSE,CA,95131-3021,Bad State
SAN JOSE,CA,95131-3238,Bad State
SAN JOSE,CA,95131-4002,Bad State
SAN JOSE,CA,95131-4020,Bad State
SAN JOSE,CA,95132-1659,Bad State
SAN JOSE,CA,95132-3121,Bad State
SAN JOSE,CA,95132-3521,Bad State
SAN JOSE,CA,95134-2753,Bad State
SAN JOSE,CA,95134-3221,Bad State
SAN JOSE,CA,95135-2209,Bad State
SAN JOSE,CA,95135-2313,Bad State
SAN JOSE,CA,95135-2346,Bad State
SAN JOSE,CA,95135-2368,Bad State
SAN JOSE,CA,95136-2684,Bad State
SAN JOSE,CA,95138-2231,Bad State
SAN JOSE,CA,95138-2353,Bad State
SAN JOSE,CA,95138-2727,Bad State
SAN JOSE,CA,95138-2728,Bad State
SAN JOSE,CA,95148-3714,Bad State
SAN JOSE,CA,95148-4340,Bad State
SAN JOSE,CA,95158-8084,Bad State
STOCKTON,CA,95207-2537,Bad State
COLUMBIA,CA,95310-9715,Bad State
MODESTO,CA,95358-9767,Bad State
TRACY,CA,95376-4449,Bad State
TRACY,CA,95377-8863,Bad State
TRACY,CA,95377-8875,Bad State
MOUNTAIN HOUSE,CA,95391-1347,Bad State
MOUNTAIN HOUSE,CA,95391-1507,Bad State
TRACY,CA,95391-8812,Bad State
SONOMA,CA,95476-7048,Bad State
CARMICHAEL,CA,95608-6046,Bad State
DAVIS,CA,95616-0136,Bad State
DIAMOND SPRINGS,CA,95619-1706,Bad State
EL DORADO,CA,95623-4882,Bad State
ELK GROVE,CA,95624-6061,Bad State
FAIR OAKS,CA,95628-1000,Bad State
FOLSOM,CA,95630-6681,Bad State
FOLSOM,CA,95630-6940,Bad State
ROSEVILLE,CA,95661-3230,Bad State
ORANGEVALE,CA,95662-2149,Bad State
PLACERVILLE,CA,95667-8447,Bad State
CAMERON PARK,CA,95682-9234,Bad State
ROCKLIN,CA,95765-5195,Bad State
ROCKLIN,CA,95765-6262,Bad State
WOODLAND,CA,95776-5473,Bad State
SACRAMENTO,CA,95825-1474,Bad State
SACRAMENTO,CA,95826-2238,Bad State
SACRAMENTO,CA,95835-1501,Bad State
SACRAMENTO,CA,95835-1879,Bad State
CHICO,CA,95926-2941,Bad State
GRASS VALLEY,CA,95945-9005,Bad State
PENN VALLEY,CA,95946,Bad State
REDDING,CA,96003-2506,Bad State
APO,AP,96218-0010,Bad State
FPO,AP,96349-0016,Bad State
EWA BEACH,HI,96706-6218,Bad State
KAILUA,HI,96734-4115,Bad State
KAILUA KONA,HI,96740-8810,Bad State
KANEOHE,HI,96744-6422,Bad State
KAILUA KONA,HI,96745-4739,Bad State
LIHUE,HI,96766-1475,Bad State
LIHUE,HI,96766-1477,Bad State
MILILANI,HI,96789-2833,Bad State
HONOLULU,HI,96814-5224,Bad State
HONOLULU,HI,96818-4921,Bad State
HONOLULU,HI,96825-1828,Bad State
YIGO,GU,96929-2369,Bad State
BEAVERTON,OR,97008-6724,Bad State
LAKE OSWEGO,OR,97035-2409,Bad State
LAKE OSWEGO,OR,97035-7865,Bad State
PORTLAND,OR,97203-3540,Bad State
PORTLAND,OR,97212-3132,Bad State
PORTLAND,OR,97217-2327,Bad State
PORTLAND,OR,97222-3500,Bad State
PORTLAND,OR,97223-3422,Bad State
PORTLAND,OR,97229-2572,Bad State
PORTLAND,OR,97229-4844,Bad State
PORTLAND,OR,97232-2511,Bad State
BROOKINGS,OR,97415-8203,Bad State
SUNRIVER,OR,97707-0696,Bad State
BELLEVUE,WA,98004-1064,Bad State
BELLEVUE,WA,98004-1947,Bad State
BELLEVUE,WA,98004-3510,Bad State
BELLEVUE,WA,98005-1323,Bad State
BELLEVUE,WA,98005-1619,Bad State
BELLEVUE,WA,98005-2967,Bad State
BELLEVUE,WA,98006-1362,Bad State
BELLEVUE,WA,98006-3611,Bad State
BELLEVUE,WA,98006-4362,Bad State
BELLEVUE,WA,98006-5640,Bad State
BELLEVUE,WA,98006-5823,Bad State
BELLEVUE,WA,98008-4054,Bad State
BELLEVUE,WA,98008-6104,Bad State
BOTHELL,WA,98012-5081,Bad State
BOTHELL,WA,98012-6785,Bad State
BOTHELL,WA,98012-6900,Bad State
BOTHELL,WA,98012-7504,Bad State
BOTHELL,WA,98012-7632,Bad State
BOTHELL,WA,98012-7646,Bad State
BOTHELL,WA,98012-8588,Bad State
MILL CREEK,WA,98012-8946,Bad State
EDMONDS,WA,98020-4050,Bad State
BOTHELL,WA,98028-7400,Bad State
KIRKLAND,WA,98033-7505,Bad State
KIRKLAND,WA,98033-8344,Bad State
KIRKLAND,WA,98034-1829,Bad State
KIRKLAND,WA,98034-9216,Bad State
MAPLE VALLEY,WA,98038-6933,Bad State
MERCER ISLAND,WA,98040,Bad State
REDMOND,WA,98052-0528,Bad State
REDMOND,WA,98052-4829,Bad State
REDMOND,WA,98052-5760,Bad State
REDMOND,WA,98053-2108,Bad State
REDMOND,WA,98053-7914,Bad State
RENTON,WA,98058-3869,Bad State
RENTON,WA,98058-8519,Bad State
RENTON,WA,98059-4843,Bad State
SNOQUALMIE,WA,98065-8903,Bad State
WOODINVILLE,WA,98072-8940,Bad State
SAMMAMISH,WA,98074-5102,Bad State
SAMMAMISH,WA,98074-6323,Bad State
SAMMAMISH,WA,98074-7273,Bad State
SAMMAMISH,WA,98075,Bad State
SAMMAMISH,WA,98075-5015,Bad State
SAMMAMISH,WA,98075-6804,Bad State
SAMMAMISH,WA,98075-8140,Bad State
SAMMAMISH,WA,98075-9173,Bad State
SAMMAMISH,WA,98075-9721,Bad State
WOODINVILLE,WA,98077-8205,Bad State
SEATTLE,WA,98109-2572,Bad State
SEATTLE,WA,98109-5969,Bad State
SEATTLE,WA,98109-6915,Bad State
SEATTLE,WA,98116-3305,Bad State
SEATTLE,WA,98117-1100,Bad State
SEATTLE,WA,98117-3527,Bad State
SEATTLE,WA,98119-2822,Bad State
SEATTLE,WA,98119-4379,Bad State
SEATTLE,WA,98121-2280,Bad State
SEATTLE,WA,98125-6616,Bad State
LAKE FOREST PARK,WA,98155-2620,Bad State
LAKE FOREST PARK,WA,98155-5647,Bad State
SEATTLE,WA,98199-1047,Bad State
EVERETT,WA,98204-4642,Bad State
BELLINGHAM,WA,98225-2979,Bad State
BELLINGHAM,WA,98226-8176,Bad State
SNOHOMISH,WA,98296-5179,Bad State
GIG HARBOR,WA,98335-1619,Bad State
UNIVERSITY PLACE,WA,98466-7502,Bad State
UNIVERSITY PLACE,WA,98467-2183,Bad State
OLYMPIA,WA,98501-2057,Bad State
RIDGEFIELD,WA,98642-7631,Bad State
VANCOUVER,WA,98683-1839,Bad State
SPOKANE VALLEY,WA,99037-8543,Bad State
WALLA WALLA,WA,99362-3345,Bad State
ANCHORAGE,AK,99507-6474,Bad State
ANCHORAGE,AK,99515-2257,Bad State
STERLING,AK,99672-1235,Bad State
FAIRBANKS,AK,99701-3545,Bad State
FAIRBANKS,AK,99701-4335,Bad State
FAIRBANKS,AK,99709-3130,Bad State
INDIANAPOLIS,IN,46204-1012,Bad State
LITTLETON,MA,01460-1820,Bad State
NEW BRITAIN,CT,06051-4223,Bad State
BROOKLYN,NY,11235-5015,Bad State
ASHBURN,VA,20148,Bad State
CHANTILLY,VA,20151-1410,Bad State
BALTIMORE,MD,21224-5834,Bad State
CHESAPEAKE,VA,23322-4282,Bad State
VIRGINIA BEACH,VA,23451-4092,Bad State
SAVANNAH,GA,31406-5234,Bad State
THOMASVILLE,GA,31799-1184,Bad State
DELRAY BEACH,FL,33484-8183,Bad State
LEXINGTON,KY,40503-1380,Bad State
BEACHWOOD,OH,44122-5693,Bad State
WEST BLOOMFIELD,MI,48323-1821,Bad State
BELOIT,WI,53511-4466,Bad State
OAK LAWN,IL,60453-2741,Bad State
OAK BROOK,IL,60523-1890,Bad State
O FALLON,MO,63368-2239,Bad State
DALLAS,TX,75206-5144,Bad State
SANTA MONICA,CA,90403-1652,Bad State
HONOLULU,HI,96813-4405,Bad State
HUMACAO,PR,00791,Bad State
SAN JUAN,PR,00926-2620,Bad State
LEOMINSTER,MA,01453-4782,Bad State
SHREWSBURY,MA,01545-8116,Bad State
WESTBOROUGH,MA,01581-1274,Bad State
WESTBOROUGH,MA,01581-3658,Bad State
WORCESTER,MA,01604-3211,Bad State
BOXBOROUGH,MA,01719-1138,Bad State
ASHLAND,MA,01721-3023,Bad State
BEDFORD,MA,01730-1680,Bad State
HOLLISTON,MA,01746-3309,Bad State
HOPKINTON,MA,01748-1337,Bad State
SOUTHBOROUGH,MA,01772-1127,Bad State
BILLERICA,MA,01821-5518,Bad State
TYNGSBORO,MA,01879-2535,Bad State
WAKEFIELD,MA,01880-3729,Bad State
WESTFORD,MA,01886-6800,Bad State
LYNNFIELD,MA,01940-1126,Bad State
CANTON,MA,02021-2035,Bad State
FOXBOROUGH,MA,02035-2729,Bad State
WESTWOOD,MA,02090-3001,Bad State
WEST ROXBURY,MA,02132-6204,Bad State
SOMERVILLE,MA,02144-2324,Bad State
SOMERVILLE,MA,02145-1662,Bad State
MALDEN,MA,02148-7426,Bad State
REVERE,MA,02151-2145,Bad State
MEDFORD,MA,02155-2851,Bad State
QUINCY,MA,02169-5464,Bad State
MELROSE,MA,02176-6400,Bad State
BROCKTON,MA,02301-1900,Bad State
PEMBROKE,MA,02359-1726,Bad State
LEXINGTON,MA,02421-7528,Bad State
NEWTON,MA,02460-1837,Bad State
NEWTON,MA,02465-2701,Bad State
WATERTOWN,MA,02472-3518,Bad State
NEEDHAM HEIGHTS,MA,02494-1833,Bad State
OSTERVILLE,MA,02655-5192,Bad State
RAYNHAM,MA,02767-1624,Bad State
BARRINGTON,RI,02806-1338,Bad State
EAST GREENWICH,RI,02818-2431,Bad State
NORTH KINGSTOWN,RI,02852-1305,Bad State
PAWTUCKET,RI,02860-5605,Bad State
RICHMOND,RI,02892-1002,Bad State
WOONSOCKET,RI,02895-5711,Bad State
AMHERST,NH,03031-2528,Bad State
AMHERST,NH,03031-3032,Bad State
FREMONT,NH,03044-3317,Bad State
NASHUA,NH,03060-5523,Bad State
NASHUA,NH,03062-2552,Bad State
NASHUA,NH,03062-3085,Bad State
NASHUA,NH,03062-3086,Bad State
NASHUA,NH,03062-3400,Bad State
BEDFORD,NH,03110-5106,Bad State
EXETER,NH,03833-2635,Bad State
NEWMARKET,NH,03857-1855,Bad State
WESTBROOK,ME,04092-2342,Bad State
NORTHPORT,ME,04849-3021,Bad State
ELLINGTON,CT,06029-4310,Bad State
GLASTONBURY,CT,06033-3385,Bad State
WATERFORD,CT,06385-1521,Bad State
SOUTHBURY,CT,06488-2468,Bad State
TRUMBULL,CT,06611-1217,Bad State
WESTPORT,CT,06880-1251,Bad State
STAMFORD,CT,06901-3522,Bad State
STAMFORD,CT,06901-3575,Bad State
CALDWELL,NJ,07006,Bad State
LIVINGSTON,NJ,07039-1433,Bad State
LIVINGSTON,NJ,07039-3428,Bad State
MAPLEWOOD,NJ,07040-2134,Bad State
MILLBURN,NJ,07041-1503,Bad State
MONTCLAIR,NJ,07043-2027,Bad State
VERONA,NJ,07044-1615,Bad State
PARSIPPANY,NJ,07054-1926,Bad State
PARSIPPANY,NJ,07054-2962,Bad State
PARSIPPANY,NJ,07054-2969,Bad State
PARSIPPANY,NJ,07054-3443,Bad State
PARSIPPANY,NJ,07054-3451,Bad State
PARSIPPANY,NJ,07054-5209,Bad State
RAHWAY,NJ,07065-4579,Bad State
ROSELAND,NJ,07068-1135,Bad State
RUTHERFORD,NJ,07070-2219,Bad State
WEEHAWKEN,NJ,07086-1102,Bad State
ROSELLE,NJ,07203-2340,Bad State
ELIZABETH,NJ,07208-3120,Bad State
JERSEY CITY,NJ,07302-3699,Bad State
JERSEY CITY,NJ,07302-8521,Bad State
JERSEY CITY,NJ,07304-2819,Bad State
JERSEY CITY,NJ,07305-5408,Bad State
JERSEY CITY,NJ,07310-2022,Bad State
ALLENDALE,NJ,07401-2224,Bad State
WOODLAND PARK,NJ,07424-2989,Bad State
MAHWAH,NJ,07430-2282,Bad State
WYCKOFF,NJ,07481-1132,Bad State
DEMAREST,NJ,07627-2003,Bad State
NORWOOD,NJ,07648-1608,Bad State
TEANECK,NJ,07666-5641,Bad State
EATONTOWN,NJ,07724-1273,Bad State
MANALAPAN,NJ,07726-5015,Bad State
MANALAPAN,NJ,07726-9595,Bad State
FREEHOLD,NJ,07728-4657,Bad State
MIDDLETOWN,NJ,07748-2831,Bad State
MORGANVILLE,NJ,07751-0141,Bad State
MORGANVILLE,NJ,07751-4259,Bad State
MORGANVILLE,NJ,07751-4446,Bad State
ROCKAWAY,NJ,07866-4518,Bad State
RANDOLPH,NJ,07869-3305,Bad State
BASKING RIDGE,NJ,07920,Bad State
FAR HILLS,NJ,07931-2401,Bad State
GILLETTE,NJ,07933-1601,Bad State
MENDHAM,NJ,07945-0311,Bad State
MORRIS PLAINS,NJ,07950-1964,Bad State
CHERRY HILL,NJ,08002-4259,Bad State
VOORHEES,NJ,08043-7400,Bad State
LUMBERTON,NJ,08048-6207,Bad State
MOORESTOWN,NJ,08057-2153,Bad State
MOORESTOWN,NJ,08057-3119,Bad State
MULLICA HILL,NJ,08062-2849,Bad State
STRATFORD,NJ,08084-1166,Bad State
OCEAN VIEW,NJ,08230-1115,Bad State
ALLENTOWN,NJ,08501-2044,Bad State
BELLE MEAD,NJ,08502-4300,Bad State
BELLE MEAD,NJ,08502-5862,Bad State
BELLE MEAD,NJ,08502-5866,Bad State
CRANBURY,NJ,08512-3416,Bad State
CHESTERFIELD,NJ,08515-9753,Bad State
HOPEWELL,NJ,08525-1502,Bad State
JACKSON,NJ,08527-4278,Bad State
PRINCETON,NJ,08540-4637,Bad State
PRINCETON,NJ,08540-5886,Bad State
PRINCETON JUNCTION,NJ,08550-1845,Bad State
PRINCETON JUNCTION,NJ,08550-2026,Bad State
PRINCETON JCT,NJ,08550-3264,Bad State
WEST WINDSOR,NJ,08550-3608,Bad State
SKILLMAN,NJ,08558-2645,Bad State
SKILLMAN,NJ,08558-2665,Bad State
LAWRENCEVILLE,NJ,08648-1061,Bad State
BRICK,NJ,08724-1764,Bad State
POINT PLEASANT BEACH,NJ,08742-3144,Bad State
BRIDGEWATER,NJ,08807-1628,Bad State
BRIDGEWATER,NJ,08807-2235,Bad State
GREEN BROOK,NJ,08812-1858,Bad State
E BRUNSWICK,NJ,08816-1608,Bad State
EDISON,NJ,08817-2239,Bad State
EDISON,NJ,08817-2519,Bad State
EDISON,NJ,08817-2776,Bad State
EDISON,NJ,08817-4131,Bad State
EDISON,NJ,08820-1192,Bad State
EDISON,NJ,08820-1705,Bad State
EDISON,NJ,08820-2554,Bad State
EDISON,NJ,08820-3626,Bad State
GLEN GARDNER,NJ,08826-3289,Bad State
ISELIN,NJ,08830-2187,Bad State
MONROE,NJ,08831-2166,Bad State
MONROE TOWNSHIP,NJ,08831-3294,Bad State
MONROE TOWNSHIP,NJ,08831-5358,Bad State
MONROE TOWNSHIP,NJ,08831-5360,Bad State
MONROE TOWNSHIP,NJ,08831-7311,Bad State
MONROE,NJ,08831-7809,Bad State
EDISON,NJ,08837-7000,Bad State
HILLSBOROUGH,NJ,08844-2334,Bad State
HILLSBOROUGH,NJ,08844-2551,Bad State
HILLSBOROUGH,NJ,08844-3009,Bad State
MONMOUTH,NJ,08852,Bad State
PISCATAWAY,NJ,08854-2274,Bad State
FORDS,NJ,08863-1223,Bad State
SOMERSET,NJ,08873-6201,Bad State
SOMERSET,NJ,08873-7280,Bad State
SOMERSET,NJ,08873-7718,Bad State
SOUTH RIVER,NJ,08882-1476,Bad State
WHITEHOUSE STATION,NJ,08889-3023,Bad State
NORTH BRUNSWICK,NJ,08902-1139,Bad State
HIGHLAND PARK,NJ,08904-2624,Bad State
APO,AE,09012-0113,Bad State
APO,AE,09034-0164,Bad State
DPO,AE,09170-0528,Bad State
APO,AE,09263-1006,Bad State
DPO,AE,09831-0098,Bad State
NEW YORK,NY,10001-1726,Bad State
NEW YORK,NY,10001-3086,Bad State
NEW YORK,NY,10003-4168,Bad State
NEW YORK,NY,10003-9219,Bad State
NEW YORK,NY,10014-4353,Bad State
NEW YORK,NY,10019,Bad State
NEW YORK,NY,10024-3665,Bad State
NEW YORK,NY,10028-0134,Bad State
NEW HYDE PARK,NY,10040,Bad State
NEW YORK,NY,10280-1192,Bad State
BRONX,NY,10451-2706,Bad State
BRONX,NY,10451-5510,Bad State
BRONX,NY,10459-3348,Bad State
BRONX,NY,10461-1527,Bad State
ARDSLEY,NY,10502-2124,Bad State
BEDFORD,NY,10506-1604,Bad State
CROTON ON HUDSON,NY,10520-3416,Bad State
DOBBS FERRY,NY,10522-3202,Bad State
ELMSFORD,NY,10523-3741,Bad State
MOUNT VERNON,NY,10552-2411,Bad State
SCARSDALE,NY,10583-1130,Bad State
YORKTOWN HEIGHTS,NY,10598-2603,Bad State
YORKTOWN HEIGHTS,NY,10598-4705,Bad State
WHITE PLAINS,NY,10607-1712,Bad State
YONKERS,NY,10701-3167,Bad State
YONKERS,NY,10703-1136,Bad State
PELHAM,NY,10803-7522,Bad State
NEW ROCHELLE,NY,10805-3107,Bad State
CHESTER,NY,10918-3135,Bad State
BARDONIA,NY,10954-2024,Bad State
WEST NYACK,NY,10994-1760,Bad State
FLORAL PARK,NY,11001-1300,Bad State
ELMONT,NY,11003-2702,Bad State
FRANKLIN SQ,NY,11010-1918,Bad State
FRANKLIN SQUARE,NY,11010-2409,Bad State
FRANKLIN SQUARE,NY,11010-2902,Bad State
GREAT NECK,NY,11021-3614,Bad State
GREAT NECK,NY,11021-4421,Bad State
NEW HYDE PARK,NY,11040-1201,Bad State
LONG ISLAND CITY,NY,11101-4256,Bad State
BROOKLYN,NY,11201-7378,Bad State
BROOKLYN,NY,11208-3525,Bad State
BROOKLYN,NY,11209-7840,Bad State
BROOKLYN,NY,11210-3938,Bad State
BROOKLYN,NY,11230-6456,Bad State
WHITESTONE,NY,11357-2359,Bad State
FLUSHING,NY,11358-3919,Bad State
LITTLE NECK,NY,11362-2112,Bad State
QUEENS,NY,11364,Bad State
FRESH MEADOWS,NY,11365-3416,Bad State
FRESH MEADOWS,NY,11366-1412,Bad State
FLUSHING,NY,11367-2713,Bad State
FOREST HILLS,NY,11375-1231,Bad State
MIDDLE VILLAGE,NY,11379-5243,Bad State
HOWARD BEACH,NY,11414-4040,Bad State
JAMAICA,NY,11432-2163,Bad State
JAMAICA,NY,11432-5010,Bad State
MINEOLA,NY,11501-2348,Bad State
NORTH BALDWIN,NY,11510-1045,Bad State
GARDEN CITY,NY,11530-2601,Bad State
GARDEN CITY,NY,11530-3008,Bad State
EAST MEADOW,NY,11554-2105,Bad State
LONG BEACH,NY,11561-1729,Bad State
OCEANSIDE,NY,11572-3534,Bad State
ROOSEVELT,NY,11575-1511,Bad State
ROSLYN,NY,11576-1646,Bad State
VALLEY STREAM,NY,11580-1214,Bad State
WESTBURY,NY,11590-5029,Bad State
BABYLON,NY,11704-4302,Bad State
BAY SHORE,NY,11706-8934,Bad State
BETHPAGE,NY,11714-3318,Bad State
CENTRAL ISLIP,NY,11722-3513,Bad State
COPIAGUE,NY,11726-2625,Bad State
CORAM,NY,11727-3548,Bad State
HUNTINGTON STATION,NY,11746-3246,Bad State
MELVILLE,NY,11747-8712,Bad State
JERICHO,NY,11753-2817,Bad State
EAST PATCHOGUE,NY,11772-4248,Bad State
PORT JEFFERSON STATION,NY,11776-4467,Bad State
REMSENBURG,NY,11960-2032,Bad State
E GREENBUSH,NY,12061-1673,Bad State
LATHAM,NY,12110-5469,Bad State
SPECULATOR,NY,12164-0590,Bad State
TROY,NY,12180-8304,Bad State
WOODSTOCK,NY,12498-1423,Bad State
FISHKILL,NY,12524-2985,Bad State
NEW PALTZ,NY,12561-2825,Bad State
STORMVILLE,NY,12582-5403,Bad State
CICERO,NY,13039-9778,Bad State
EAST SYRACUSE,NY,13057-1519,Bad State
FULTON,NY,13069-4452,Bad State
SYRACUSE,NY,13218-1200,Bad State
ROME,NY,13440-0800,Bad State
OWEGO,NY,13827-1151,Bad State
ELMA,NY,14059-9368,Bad State
N TONAWANDA,NY,14120-6721,Bad State
BUFFALO,NY,14218-3688,Bad State
BUFFALO,NY,14221-6164,Bad State
WEST SENECA,NY,14224-3609,Bad State
FAIRPORT,NY,14450-1908,Bad State
FAIRPORT,NY,14450-2702,Bad State
FAIRPORT,NY,14450-8435,Bad State
PITTSFORD,NY,14534-9702,Bad State
STANLEY,NY,14561-9548,Bad State
ROCHESTER,NY,14620-3253,Bad State
PAINTED POST,NY,14870-9649,Bad State
ELMIRA,NY,14903-9315,Bad State
ELMIRA,NY,14903-9393,Bad State
ELMIRA,NY,14905-1435,Bad State
BRADFORDWOODS,PA,15015-1306,Bad State
BRIDGEVILLE,PA,15017-3802,Bad State
CORAOPOLIS,PA,15108-9774,Bad State
PITTSBURGH,PA,15222-2001,Bad State
PITTSBURGH,PA,15224-2373,Bad State
PITTSBURGH,PA,15234-1002,Bad State
PITTSBURGH,PA,15237-6374,Bad State
PITTSBURGH,PA,15237-7610,Bad State
WAYNESBURG,PA,15370-3583,Bad State
DU BOIS,PA,15801-9002,Bad State
CRANBERRY TOWNSHIP,PA,16066-9052,Bad State
ALBION,PA,16401-1404,Bad State
ERIE,PA,16508-1713,Bad State
ALTOONA,PA,16602-1412,Bad State
EAST BERLIN,PA,17316-9652,Bad State
NEW FREEDOM,PA,17349-8729,Bad State
LITITZ,PA,17543-5003,Bad State
LANCASTER,PA,17601-3076,Bad State
BREINIGSVILLE,PA,18031-1570,Bad State
COOPERSBURG,PA,18036-3934,Bad State
WHITEHALL,PA,18052-3035,Bad State
CHALFONT,PA,18914-1844,Bad State
CHALFONT,PA,18914-3701,Bad State
NEWTOWN,PA,18940-1790,Bad State
WARRINGTON,PA,18976-1796,Bad State
FORT WASHINGTON,PA,19034,Bad State
LANGHORNE,PA,19047-2727,Bad State
GARNET VALLEY,PA,19060-2132,Bad State
UPPER CHICHESTER,PA,19061-4056,Bad State
PHILADELPHIA,PA,19102-4593,Bad State
PHILADELPHIA,PA,19125-3104,Bad State
PHILADELPHIA,PA,19130-1815,Bad State
PHILADELPHIA,PA,19146-4535,Bad State
CHADDS FORD,PA,19317-8917,Bad State
DOWNINGTOWN,PA,19335-3171,Bad State
DOWNINGTOWN,PA,19335-4435,Bad State
DOWNINGTOWN,PA,19335-5309,Bad State
EXTON,PA,19341-1532,Bad State
LANDENBERG,PA,19350-1400,Bad State
MALVERN,PA,19355-8807,Bad State
WEST CHESTER,PA,19382-1502,Bad State
COLLEGEVILLE,PA,19426-2833,Bad State
HARLEYSVILLE,PA,19438-1954,Bad State
PLYMOUTH MEETING,PA,19462-1223,Bad State
READING,PA,19608-9618,Bad State
NEWARK,DE,19702-6902,Bad State
NEWARK,DE,19702-7700,Bad State
WILMINGTON,DE,19805-3332,Bad State
WILMINGTON,DE,19806-3230,Bad State
LEWES,DE,19958-3772,Bad State
WASHINGTON,DC,20001-2071,Bad State
WASHINGTON,DC,20002-2689,Bad State
WASHINGTON,DC,20004-2525,Bad State
WASHINGTON,DC,20008-5310,Bad State
WASHINGTON,DC,20011-5428,Bad State
WASHINGTON,DC,20011-6510,Bad State
WASHINGTON,DC,20032-2202,Bad State
WASHINGTON,DC,20036-6023,Bad State
ALDIE,VA,20105-2085,Bad State
ALDIE,VA,20105-5935,Bad State
ALDIE,VA,20105-5948,Bad State
ALDIE,VA,20105-6062,Bad State
CENTREVILLE,VA,20120-6433,Bad State
BLUEMONT,VA,20135-1852,Bad State
ASHBURN,VA,20147-4781,Bad State
ASHBURN,VA,20147-4865,Bad State
ASHBURN,VA,20147-5534,Bad State
ASHBURN,VA,20147-6074,Bad State
ASHBURN,VA,20147-6511,Bad State
ASHBURN,VA,20148-4354,Bad State
BRAMBLETON,VA,20148-5705,Bad State
BRAMBLETON,VA,20148-5707,Bad State
ASHBURN,VA,20148-5799,Bad State
BRAMBLETON,VA,20148-6455,Bad State
BRAMBLETON,VA,20148-6863,Bad State
BRAMBLETON,VA,20148-6881,Bad State
ASHBURN,VA,20148-7346,Bad State
ASHBURN,VA,20148-7412,Bad State
BRAMBLETON,VA,20148-7454,Bad State
BRAMBLETON,VA,20148-7657,Bad State
BRAMBLETON,VA,20148-7662,Bad State
ASHBURN,VA,20148-8105,Bad State
ASHBURN,VA,20148-8179,Bad State
CHANTILLY,VA,20152-4162,Bad State
CHANTILLY,VA,20152-5981,Bad State
GAINESVILLE,VA,20155-3893,Bad State
HAYMARKET,VA,20169-3166,Bad State
HERNDON,VA,20170-2362,Bad State
HERNDON,VA,20171-4470,Bad State
HERNDON,VA,20171-4564,Bad State
OAK HILL,VA,20171-5355,Bad State
HERNDON,VA,20171-6229,Bad State
LEESBURG,VA,20176-4121,Bad State
WATERFORD,VA,20197-1670,Bad State
WALDORF,MD,20603-5702,Bad State
LAUREL,MD,20723-1990,Bad State
MARYLAND CITY,MD,20724-2328,Bad State
FT WASHINGTON,MD,20744-5571,Bad State
OXON HILL,MD,20745-1574,Bad State
SUITLAND,MD,20746-1253,Bad State
CHEVY CHASE,MD,20815-4628,Bad State
ROCKVILLE,MD,20852-1441,Bad State
POTOMAC,MD,20854-2366,Bad State
CLARKSBURG,MD,20871-4342,Bad State
GERMANTOWN,MD,20874-2927,Bad State
GERMANTOWN,MD,20876-6972,Bad State
GAITHERSBURG,MD,20882-1024,Bad State
SILVER SPRING,MD,20910-6277,Bad State
BEL AIR,MD,21014-2400,Bad State
ELLICOTT CITY,MD,21042-2596,Bad State
ELLICOTT CITY,MD,21043-6540,Bad State
ELLICOTT CITY,MD,21043-7517,Bad State
ELLICOTT CITY,MD,21043-7545,Bad State
ELLICOTT CITY,MD,21043-7915,Bad State
COLUMBIA,MD,21044-4913,Bad State
COLUMBIA,MD,21045-4901,Bad State
COLUMBIA,MD,21046-1059,Bad State
FOREST HILL,MD,21050-2011,Bad State
HAMPSTEAD,MD,21074-1859,Bad State
HANOVER,MD,21076-1836,Bad State
LUTHERVILLE TIMONIUM,MD,21093-2714,Bad State
MILLERS,MD,21102-2234,Bad State
SPARKS GLENCOE,MD,21152-9100,Bad State
WOODSTOCK,MD,21163-1433,Bad State
BALTIMORE,MD,21202-5185,Bad State
ANNAPOLIS,MD,21403-3816,Bad State
NEW MARKET,MD,21774-6865,Bad State
ANNANDALE,VA,22003-5448,Bad State
DUMFRIES,VA,22025-3105,Bad State
DUNN LORING,VA,22027-1153,Bad State
FAIRFAX,VA,22030-1102,Bad State
FAIRFAX,VA,22030-4413,Bad State
FAIRFAX,VA,22030-5724,Bad State
FAIRFAX,VA,22031-4733,Bad State
FAIRFAX,VA,22032-2432,Bad State
FAIRFAX,VA,22032-2834,Bad State
FAIRFAX,VA,22033-3116,Bad State
FAIRFAX,VA,22033-3524,Bad State
FALLS CHURCH,VA,22043-1825,Bad State
LORTON,VA,22079-3259,Bad State
MC LEAN,VA,22101-4156,Bad State
MC LEAN,VA,22101-5453,Bad State
MC LEAN,VA,22102-2769,Bad State
MC LEAN,VA,22102-3211,Bad State
MC LEAN,VA,22102-4944,Bad State
SPRINGFIELD,VA,22152-1625,Bad State
SPRINGFIELD,VA,22153-1230,Bad State
VIENNA,VA,22180-6476,Bad State
VIENNA,VA,22181-6077,Bad State
VIENNA,VA,22182-5032,Bad State
VIENNA,VA,22182-5160,Bad State
ARLINGTON,VA,22203-2077,Bad State
ARLINGTON,VA,22204-4656,Bad State
ARLINGTON,VA,22205-2017,Bad State
ALEXANDRIA,VA,22304-7517,Bad State
ALEXANDRIA,VA,22307-6547,Bad State
ALEXANDRIA,VA,22309-3124,Bad State
ALEXANDRIA,VA,22312-3945,Bad State
ALEXANDRIA,VA,22315-4102,Bad State
ALEXANDRIA,VA,22315-5552,Bad State
FREDERICKSBURG,VA,22405-2858,Bad State
ROCKINGHAM,VA,22801-5324,Bad State
LURAY,VA,22835-6800,Bad State
CUMBERLAND,VA,23040-2678,Bad State
GLEN ALLEN,VA,23059-2540,Bad State
GLEN ALLEN,VA,23059-2651,Bad State
GLEN ALLEN,VA,23059-5778,Bad State
GLEN ALLEN,VA,23059-5938,Bad State
HAYES,VA,23072-3584,Bad State
MIDLOTHIAN,VA,23113-6378,Bad State
MECHANICSVILLE,VA,23116-5106,Bad State
RICHMOND,VA,23224-2365,Bad State
RICHMOND,VA,23225-8470,Bad State
RICHMOND,VA,23230-3532,Bad State
HENRICO,VA,23233-1628,Bad State
NORTH CHESTERFIELD,VA,23235-2729,Bad State
CHESAPEAKE,VA,23320-2106,Bad State
EASTVILLE,VA,23347-0555,Bad State
VIRGINIA BEACH,VA,23452-4644,Bad State
VIRGINIA BEACH,VA,23454-1030,Bad State
VIRGINIA BEACH,VA,23456-2494,Bad State
VIRGINIA BEACH,VA,23464-8743,Bad State
NEWPORT NEWS,VA,23602-6252,Bad State
HAMPTON,VA,23661-3136,Bad State
PORTSMOUTH,VA,23703-2230,Bad State
CHESTERFIELD,VA,23832-8414,Bad State
COLONIAL HEIGHTS,VA,23834-1782,Bad State
SKIPWITH,VA,23968-1502,Bad State
SOUTH HILL,VA,23970-7172,Bad State
ROANOKE,VA,24012-6267,Bad State
BLACKSBURG,VA,24060-2408,Bad State
BLACKSBURG,VA,24060-2591,Bad State
BLACKSBURG,VA,24060-4111,Bad State
FANCY GAP,VA,24328-0179,Bad State
GALAX,VA,24333-4554,Bad State
LYNCHBURG,VA,24502-3625,Bad State
LYNCHBURG,VA,24503-5090,Bad State
DANVILLE,VA,24541-5204,Bad State
HALIFAX,VA,24558-0997,Bad State
CHARLESTON,WV,25304-1024,Bad State
CHARLESTON,WV,25304-1026,Bad State
CHARLESTON,WV,25361-0341,Bad State
MARTINSBURG,WV,25404-7619,Bad State
CHAPMANVILLE,WV,25508-1522,Bad State
SCOTT DEPOT,WV,25560-8901,Bad State
MOUNT HOPE,WV,25880-8987,Bad State
WALKER,WV,26180-5512,Bad State
WASHINGTON,WV,26181-8219,Bad State
FRENCH CREEK,WV,26218-7148,Bad State
FAIRMONT,WV,26554-1264,Bad State
CAMDEN,SC,29020-3528,Bad State
LEXINGTON,SC,29072-9750,Bad State
PROSPERITY,SC,29127-9622,Bad State
COLUMBIA,SC,29205-1023,Bad State
COLUMBIA,SC,29206-3312,Bad State
WOODRUFF,SC,29388-8461,Bad State
NORTH CHARLESTON,SC,29405-4757,Bad State
AWENDAW,SC,29429-0339,Bad State
MOUNT PLEASANT,SC,29466-8082,Bad State
SUMMERVILLE,SC,29483-5262,Bad State
DANIEL ISLAND,SC,29492-7313,Bad State
MYRTLE BEACH,SC,29572-7207,Bad State
MYRTLE BEACH,SC,29575-5854,Bad State
MURRELLS INLET,SC,29576-7785,Bad State
MYRTLE BEACH,SC,29579-3379,Bad State
MYRTLE BEACH,SC,29579-5341,Bad State
MYRTLE BEACH,SC,29579-8068,Bad State
NORTH MYRTLE BEACH,SC,29582-4928,Bad State
NORTH MYRTLE BEACH,SC,29582-4938,Bad State
NORTH MYRTLE BEACH,SC,29582-6186,Bad State
PAWLEYS ISLAND,SC,29585-7051,Bad State
NORTH MYRTLE BEACH,SC,29597-0621,Bad State
CLEMSON,SC,29631-2080,Bad State
SIMPSONVILLE,SC,29680-7112,Bad State
SIMPSONVILLE,SC,29681-3656,Bad State
FORT MILL,SC,29708-0075,Bad State
FORT MILL,SC,29708-0221,Bad State
FORT MILL,SC,29715-0141,Bad State
FORT MILL,SC,29715-6037,Bad State
FORT MILL,SC,29715-7845,Bad State
ROCK HILL,SC,29730-8116,Bad State
ROCK HILL,SC,29732-8298,Bad State
YORK,SC,29745-8668,Bad State
AIKEN,SC,29803-9749,Bad State
OKATIE,SC,29909-2052,Bad State
ALPHARETTA,GA,30004-0648,Bad State
ALPHARETTA,GA,30005-4553,Bad State
ALPHARETTA,GA,30005-8790,Bad State
ALPHARETTA,GA,30009-8803,Bad State
DACULA,GA,30019-3294,Bad State
JOHNS CREEK,GA,30024-1552,Bad State
SUWANEE,GA,30024-4775,Bad State
SUWANEE,GA,30024-8531,Bad State
CUMMING,GA,30028-5408,Bad State
CUMMING,GA,30028-9174,Bad State
CUMMING,GA,30040-9803,Bad State
CUMMING,GA,30041-1641,Bad State
CUMMING,GA,30041-4832,Bad State
CUMMING,GA,30041-6234,Bad State
LAWRENCEVILLE,GA,30044-2310,Bad State
MARIETTA,GA,30060-1220,Bad State
MARIETTA,GA,30062-6608,Bad State
MARIETTA,GA,30067-5253,Bad State
SNELLVILLE,GA,30078-2097,Bad State
TUCKER,GA,30084-1319,Bad State
DULUTH,GA,30097-3718,Bad State
WOODSTOCK,GA,30188-5143,Bad State
STOCKBRIDGE,GA,30281-6001,Bad State
ATLANTA,GA,30309-3646,Bad State
ATLANTA,GA,30309-7703,Bad State
ATLANTA,GA,30316-2496,Bad State
SANDY SPRINGS,GA,30328-5918,Bad State
ATLANTA,GA,30329-5101,Bad State
ATLANTA,GA,30339-1696,Bad State
ATLANTA,GA,30341-8102,Bad State
SANDY SPRINGS,GA,30342-1313,Bad State
COLLEGE PARK,GA,30349-1904,Bad State
SANDY SPRINGS,GA,30350-1091,Bad State
BUFORD,GA,30518-1135,Bad State
WATKINSVILLE,GA,30677-2061,Bad State
HARLEM,GA,30814-4314,Bad State
AUGUSTA,GA,30907-8979,Bad State
SAINT AUGUSTINE,FL,32092-3612,Bad State
YULEE,FL,32097-0046,Bad State
DAYTONA BEACH,FL,32118,Bad State
DAYTONA BEACH,FL,32118-3182,Bad State
FLAGLER BEACH,FL,32136-2752,Bad State
THE VILLAGES,FL,32162-1605,Bad State
THE VILLAGES,FL,32162-3140,Bad State
THE VILLAGES,FL,32162-7761,Bad State
THE VILLAGES,FL,32163-0162,Bad State
THE VILLAGES,FL,32163-2146,Bad State
NEW SMYRNA BEACH,FL,32169-4031,Bad State
JACKSONVILLE BEACH,FL,32250-6380,Bad State
CARRABELLE,FL,32322-8046,Bad State
PENSACOLA,FL,32507-8674,Bad State
GAINESVILLE,FL,32605-3938,Bad State
GAINESVILLE,FL,32606-9273,Bad State
GAINESVILLE,FL,32609-4026,Bad State
LAKE MARY,FL,32746-4120,Bad State
TITUSVILLE,FL,32780-4856,Bad State
BELLE ISLE,FL,32809-6859,Bad State
ORLANDO,FL,32817-2603,Bad State
ORLANDO,FL,32819-5043,Bad State
ORLANDO,FL,32825-4807,Bad State
INDIALANTIC,FL,32903-3731,Bad State
PALM BAY,FL,32909-8842,Bad State
MELBOURNE,FL,32940-6773,Bad State
MERRITT ISLAND,FL,32952-5473,Bad State
ROCKLEDGE,FL,32955-5401,Bad State
VERO BEACH,FL,32964-3039,Bad State
MIAMI LAKES,FL,33016,Bad State
MIRAMAR,FL,33025-0786,Bad State
PEMBROKE PINES,FL,33028-2367,Bad State
PEMBROKE PINES,FL,33029-1001,Bad State
KEY LARGO,FL,33037-3844,Bad State
POMPANO BEACH,FL,33060-9521,Bad State
CORAL SPRINGS,FL,33065-2162,Bad State
PARKLAND,FL,33067-3320,Bad State
CORAL GABLES,FL,33134,Bad State
CORAL GABLES,FL,33134-4480,Bad State
MIAMI,FL,33137-3301,Bad State
MIAMI,FL,33155-4921,Bad State
MIAMI,FL,33185,Bad State
MIAMI,FL,33185-4264,Bad State
FT LAUDERDALE,FL,33301-1963,Bad State
PLANTATION,FL,33323-1817,Bad State
DAVIE,FL,33325-6342,Bad State
SW RANCHES,FL,33331-1831,Bad State
WEST PALM BEACH,FL,33401-5468,Bad State
WEST PALM BEACH,FL,33406-6802,Bad State
BOYNTON BEACH,FL,33426-2908,Bad State
BOYNTON BEACH,FL,33436-5427,Bad State
DELRAY BEACH,FL,33444-1758,Bad State
DELRAY BEACH,FL,33445-8263,Bad State
DELRAY BEACH,FL,33446-9751,Bad State
LAKE WORTH,FL,33449-8606,Bad State
HOBE SOUND,FL,33455-3824,Bad State
DELRAY BEACH,FL,33483-4911,Bad State
APOLLO BEACH,FL,33572-3019,Bad State
RIVERVIEW,FL,33579-7770,Bad State
VALRICO,FL,33594-5163,Bad State
TAMPA,FL,33611-1525,Bad State
TAMPA,FL,33611-5682,Bad State
TAMPA,FL,33612-5194,Bad State
TAMPA,FL,33624-3408,Bad State
TAMPA,FL,33631-3601,Bad State
TAMPA,FL,33635-6238,Bad State
TAMPA,FL,33637-2008,Bad State
TAMPA,FL,33647-3136,Bad State
CLEARWATER,FL,33761-1612,Bad State
WINTER HAVEN,FL,33881-1158,Bad State
NORTH FORT MYERS,FL,33903-6976,Bad State
MIROMAR LAKES,FL,33913,Bad State
CAPE CORAL,FL,33914-8005,Bad State
ESTERO,FL,33928-9131,Bad State
SANIBEL,FL,33957-2023,Bad State
SANIBEL,FL,33957-4119,Bad State
DPO,AA,34024-0077,Bad State
NAPLES,FL,34104-0906,Bad State
NAPLES,FL,34104-4164,Bad State
NAPLES,FL,34110-6029,Bad State
NAPLES,FL,34114-9425,Bad State
NAPLES,FL,34116,Bad State
SARASOTA,FL,34238-2502,Bad State
NORTH PORT,FL,34289-5265,Bad State
CRYSTAL RIVER,FL,34428-7326,Bad State
BEVERLY HILLS,FL,34465-2574,Bad State
CLERMONT,FL,34711-7940,Bad State
LEESBURG,FL,34748-1800,Bad State
KISSIMMEE,FL,34759-4059,Bad State
OCOEE,FL,34761-5029,Bad State
FORT PIERCE,FL,34950-1535,Bad State
BIRMINGHAM,AL,35253-0292,Bad State
VESTAVIA HILLS,AL,35266-0709,Bad State
TUSCALOOSA,AL,35407-2167,Bad State
HUNTSVILLE,AL,35801-5229,Bad State
MONTGOMERY,AL,36104-5580,Bad State
MURFREESBORO,TN,37128-5891,Bad State
NASHVILLE,TN,37214-3931,Bad State
SIGNAL MTN,TN,37377-2915,Bad State
BRISTOL,TN,37620-4132,Bad State
KINGSPORT,TN,37663-2018,Bad State
KINGSPORT,TN,37664-5467,Bad State
RUTLEDGE,TN,37861-5905,Bad State
KNOXVILLE,TN,37934-3933,Bad State
COLLIERVILLE,TN,38017-2176,Bad State
LEOMA,TN,38468-7024,Bad State
OXFORD,MS,38655-8267,Bad State
GAUTIER,MS,39553-1838,Bad State
PROSPECT,KY,40059-9426,Bad State
SHEPHERDSVILLE,KY,40165-9463,Bad State
LOUISVILLE,KY,40229-4903,Bad State
DUBLIN,OH,43016-3271,Bad State
DUBLIN,OH,43016-7674,Bad State
DUBLIN,OH,43017-1039,Bad State
HOWARD,OH,43028-9679,Bad State
PLAIN CITY,OH,43064-6045,Bad State
POWELL,OH,43065-5120,Bad State
COLUMBUS,OH,43204-5019,Bad State
PERRYSBURG,OH,43551-3051,Bad State
TWINSBURG,OH,44087-3275,Bad State
BEACHWOOD,OH,44122-1233,Bad State
BEACHWOOD,OH,44122-7200,Bad State
CLEVELAND,OH,44181-8081,Bad State
AURORA,OH,44202-5211,Bad State
WADSWORTH,OH,44281-1650,Bad State
WADSWORTH,OH,44281-8517,Bad State
HAMILTON,OH,45013-6313,Bad State
MILFORD,OH,45150-3134,Bad State
CINCINNATI,OH,45233-4260,Bad State
WEST CHESTER,OH,45241-3863,Bad State
XENIA,OH,45385-8504,Bad State
CARMEL,IN,46074-3103,Bad State
W LAFAYETTE,IN,47906-0618,Bad State
TROY,MI,48084-3857,Bad State
CANTON,MI,48188-4206,Bad State
CANTON,MI,48188-7222,Bad State
CLARKSTON,MI,48346,Bad State
MILFORD,MI,48381-4507,Bad State
GRAND RAPIDS,MI,49546-1355,Bad State
WAUKEE,IA,50263-2111,Bad State
CLEAR LAKE,IA,50428-1846,Bad State
LE CLAIRE,IA,52753-2000,Bad State
ELM GROVE,WI,53122-1732,Bad State
WATERFORD,WI,53185-4753,Bad State
MILWAUKEE,WI,53202-4129,Bad State
DEFOREST,WI,53532-1754,Bad State
MADISON,WI,53718-3049,Bad State
MARSHFIELD,WI,54449-3364,Bad State
RHINELANDER,WI,54501-3854,Bad State
EAGAN,MN,55123-1868,Bad State
MINNEAPOLIS,MN,55401-5713,Bad State
PLYMOUTH,MN,55446-2979,Bad State
MINNEAPOLIS,MN,55449-5119,Bad State
SIOUX FALLS,SD,57108-7572,Bad State
SPEARFISH,SD,57783-1148,Bad State
BILLINGS,MT,59105-3654,Bad State
BOZEMAN,MT,59718-5837,Bad State
LAKESIDE,MT,59922-0146,Bad State
ARLINGTON HEIGHTS,IL,60005-3731,Bad State
LAKE ZURICH,IL,60047-9790,Bad State
PARK RIDGE,IL,60068-4671,Bad State
WHEELING,IL,60090-3945,Bad State
WHEELING,IL,60090-5233,Bad State
ADDISON,IL,60101-4862,Bad State
BARTLETT,IL,60103-2324,Bad State
CAROL STREAM,IL,60188-1905,Bad State
HOFFMAN ESTATES,IL,60192-1301,Bad State
RIVER FOREST,IL,60305-1324,Bad State
HICKORY HILLS,IL,60457-1917,Bad State
COUNTRY CLUB HILLS,IL,60478-4442,Bad State
CHICAGO,IL,60605-3247,Bad State
CHICAGO,IL,60616-3235,Bad State
CHICAGO,IL,60690-3878,Bad State
DUNLAP,IL,61525-9811,Bad State
PEORIA,IL,61606-1114,Bad State
URBANA,IL,61801-4005,Bad State
CHAMPAIGN,IL,61822-3563,Bad State
CHESTERFIELD,MO,63005-1297,Bad State
SAINT LOUIS,MO,63131-3246,Bad State
MALDEN,MO,63863-1255,Bad State
KANSAS CITY,MO,64151-3740,Bad State
WEATHERBY LAKE,MO,64152-1526,Bad State
SPRINGFIELD,MO,65809-3536,Bad State
OVERLAND PARK,KS,66221-8083,Bad State
OVERLAND PARK,KS,66221-8414,Bad State
GARDEN CITY,KS,67846-6384,Bad State
BATON ROUGE,LA,70820-5078,Bad State
ALEXANDRIA,LA,71303-6004,Bad State
LEESVILLE,LA,71446-9458,Bad State
MAUMELLE,AR,72113-7436,Bad State
SALEM,AR,72576-9469,Bad State
EDMOND,OK,73025-2979,Bad State
OKLAHOMA CITY,OK,73106-6034,Bad State
ENID,OK,73703-8343,Bad State
TULSA,OK,74137-6717,Bad State
ALLEN,TX,75013-4731,Bad State
COPPELL,TX,75019-4769,Bad State
FLOWER MOUND,TX,75022-2905,Bad State
FLOWER MOUND,TX,75022-5176,Bad State
PLANO,TX,75024-6320,Bad State
PLANO,TX,75025-4363,Bad State
ROCKWALL,TX,75032-0198,Bad State
FRISCO,TX,75035-0116,Bad State
FRISCO,TX,75035-8693,Bad State
FRISCO,TX,75036-3034,Bad State
IRVING,TX,75063-3528,Bad State
IRVING,TX,75063-3575,Bad State
MCKINNEY,TX,75070-1700,Bad State
MCKINNEY,TX,75071-2358,Bad State
PROSPER,TX,75078-2166,Bad State
PROSPER,TX,75078-3040,Bad State
ROWLETT,TX,75088-4432,Bad State
CEDAR HILL,TX,75104-1016,Bad State
DALLAS,TX,75204-2205,Bad State
DALLAS,TX,75219-7612,Bad State
DALLAS,TX,75229-5557,Bad State
DALLAS,TX,75254-1327,Bad State
DALLAS,TX,75287-5440,Bad State
ARLINGTON,TX,76016-1000,Bad State
AZLE,TX,76020-1594,Bad State
COLLEYVILLE,TX,76034-6515,Bad State
GRAPEVINE,TX,76051-1138,Bad State
SOUTHLAKE,TX,76092-0111,Bad State
FORT WORTH,TX,76102-5945,Bad State
FORT WORTH,TX,76123-2555,Bad State
AUBREY,TX,76227-1845,Bad State
JUSTIN,TX,76247-4423,Bad State
KELLER,TX,76248-2078,Bad State
HOUSTON,TX,77007-1121,Bad State
HOUSTON,TX,77007-5622,Bad State
HOUSTON,TX,77057-4006,Bad State
MAGNOLIA,TX,77355-5205,Bad State
SPRING,TX,77379-6426,Bad State
THE WOODLANDS,TX,77380-3294,Bad State
THE WOODLANDS,TX,77381-2520,Bad State
THE WOODLANDS,TX,77382-5108,Bad State
FULSHEAR,TX,77441-2069,Bad State
MISSOURI CITY,TX,77459-1319,Bad State
LEAGUE CITY,TX,77573-7317,Bad State
COLLEGE STATION,TX,77845-7161,Bad State
BOERNE,TX,78015-5196,Bad State
SAN ANTONIO,TX,78232-2625,Bad State
SAN ANTONIO,TX,78244-1484,Bad State
SAN ANTONIO,TX,78249-1608,Bad State
SAN ANTONIO,TX,78256-2455,Bad State
LEANDER,TX,78641-3257,Bad State
LEANDER,TX,78641-4273,Bad State
LEANDER,TX,78641-4468,Bad State
LEANDER,TX,78641-5218,Bad State
LEANDER,TX,78641-5219,Bad State
LEANDER,TX,78641-5540,Bad State
LIBERTY HILL,TX,78642-2542,Bad State
PFLUGERVILLE,TX,78660-2337,Bad State
AUSTIN,TX,78704-1718,Bad State
AUSTIN,TX,78704-2727,Bad State
AUSTIN,TX,78732-2017,Bad State
AUSTIN,TX,78732-2379,Bad State
AUSTIN,TX,78733-3266,Bad State
AUSTIN,TX,78747-3007,Bad State
AUSTIN,TX,78759-8576,Bad State
RANSOM CANYON,TX,79366,Bad State
ALPINE,TX,79830-7572,Bad State
BROOMFIELD,CO,80020-1526,Bad State
LAFAYETTE,CO,80026-9147,Bad State
WESTMINSTER,CO,80031-6836,Bad State
GREENWOOD VILLAGE,CO,80111-3507,Bad State
ENGLEWOOD,CO,80111-4008,Bad State
HIGHLANDS RANCH,CO,80126-7567,Bad State
PARKER,CO,80134-3780,Bad State
PARKER,CO,80134-5882,Bad State
DENVER,CO,80209-1724,Bad State
DACONO,CO,80514-5001,Bad State
ERIE,CO,80516-7590,Bad State
FORT COLLINS,CO,80521-2567,Bad State
JOHNSTOWN,CO,80534-2828,Bad State
WOODLAND PARK,CO,80863-1356,Bad State
COLORADO SPGS,CO,80923-5446,Bad State
COLORADO SPRINGS,CO,80927-4199,Bad State
FRUITA,CO,81521-3187,Bad State
WOLCOTT,CO,81655-0656,Bad State
CHEYENNE,WY,82009-2842,Bad State
IDAHO FALLS,ID,83404-8318,Bad State
BOISE,ID,83706-5091,Bad State
HIGHLAND,UT,84003-2610,Bad State
SANDY,UT,84070-6640,Bad State
SOUTH JORDAN,UT,84095-7801,Bad State
SALT LAKE CITY,UT,84103-4440,Bad State
SALT LAKE CITY,UT,84111-5505,Bad State
HOLLADAY,UT,84117-7614,Bad State
PHOENIX,AZ,85004-1531,Bad State
PHOENIX,AZ,85012-1038,Bad State
PHOENIX,AZ,85018-9183,Bad State
MESA,AZ,85206-3501,Bad State
MESA,AZ,85212-6454,Bad State
CHANDLER,AZ,85224-6492,Bad State
GILBERT,AZ,85234-2840,Bad State
SUN LAKES,AZ,85248-7639,Bad State
SCOTTSDALE,AZ,85254-1584,Bad State
SCOTTSDALE,AZ,85255-5473,Bad State
TEMPE,AZ,85281,Bad State
CHANDLER,AZ,85286-1662,Bad State
GILBERT,AZ,85298-4894,Bad State
SUN CITY,AZ,85373-1702,Bad State
HUACHUCA CITY,AZ,85616-9669,Bad State
TUCSON,AZ,85704-8270,Bad State
HENDERSON,NV,89014-6818,Bad State
LAS VEGAS,NV,89134-8562,Bad State
INCLINE VILLAGE,NV,89450-4379,Bad State
RENO,NV,89523-6802,Bad State
LOS ANGELES,CA,90019-3807,Bad State
LOS ANGELES,CA,90024-5038,Bad State
LOS ANGELES,CA,90036-4909,Bad State
LOS ANGELES,CA,90039-3321,Bad State
LOS ANGELES,CA,90065-2494,Bad State
LOS ANGELES,CA,90066-6125,Bad State
DOWNEY,CA,90242-5231,Bad State
EL SEGUNDO,CA,90245-4779,Bad State
HERMOSA BEACH,CA,90254-4525,Bad State
MANHATTAN BEACH,CA,90266-3451,Bad State
REDONDO BEACH,CA,90277-2979,Bad State
PLAYA DEL REY,CA,90293-7607,Bad State
INGLEWOOD,CA,90301-4204,Bad State
SANTA MONICA,CA,90402-1651,Bad State
TORRANCE,CA,90504-4034,Bad State
TORRANCE,CA,90504-6549,Bad State
TORRANCE,CA,90505-4240,Bad State
CERRITOS,CA,90703-1220,Bad State
CERRITOS,CA,90703-2340,Bad State
LONG BEACH,CA,90806-3032,Bad State
LONG BEACH,CA,90808-1312,Bad State
ARCADIA,CA,91007-6222,Bad State
MONROVIA,CA,91016-2762,Bad State
PASADENA,CA,91106-3833,Bad State
GLENDALE,CA,91203-3577,Bad State
CALABASAS,CA,91302,Bad State
WEST HILLS,CA,91307-2811,Bad State
WEST HILLS,CA,91307-3402,Bad State
NORTHRIDGE,CA,91326-1808,Bad State
VALENCIA,CA,91355-5116,Bad State
THOUSAND OAKS,CA,91362-5306,Bad State
WOODLAND HILLS,CA,91364-1316,Bad State
WOODLAND HILLS,CA,91367-1772,Bad State
WOODLAND HILLS,CA,91367-6388,Bad State
SHERMAN OAKS,CA,91403-2045,Bad State
SHERMAN OAKS,CA,91403-3801,Bad State
CHINO,CA,91708-7622,Bad State
CHINO,CA,91708-9600,Bad State
CHINO HILLS,CA,91709-6705,Bad State
ROWLAND HEIGHTS,CA,91748-4883,Bad State
MONTEREY PARK,CA,91755-5707,Bad State
ROSEMEAD,CA,91770-3159,Bad State
SAN GABRIEL,CA,91775-1843,Bad State
CARLSBAD,CA,92008-1461,Bad State
CARLSBAD,CA,92009-8713,Bad State
CARLSBAD,CA,92011-3600,Bad State
CARLSBAD,CA,92011-5001,Bad State
EL CAJON,CA,92020-1056,Bad State
ENCINITAS,CA,92024-1609,Bad State
LA JOLLA,CA,92037-6636,Bad State
LA JOLLA,CA,92037-7345,Bad State
POWAY,CA,92064-1322,Bad State
SAN DIEGO,CA,92101-1450,Bad State
SAN DIEGO,CA,92113-4191,Bad State
SAN DIEGO,CA,92121-4230,Bad State
SAN DIEGO,CA,92123-6453,Bad State
SAN DIEGO,CA,92127-7613,Bad State
SAN DIEGO,CA,92130-6940,Bad State
SAN DIEGO,CA,92131-3629,Bad State
SAN DIEGO,CA,92198-1601,Bad State
PALM DESERT,CA,92260-3438,Bad State
IRVINE,CA,92603-3320,Bad State
IRVINE,CA,92604-3220,Bad State
IRVINE,CA,92606-8849,Bad State
IRVINE,CA,92614-0262,Bad State
IRVINE,CA,92614-7531,Bad State
IRVINE,CA,92620-1908,Bad State
IRVINE,CA,92620-2139,Bad State
IRVINE,CA,92620-2156,Bad State
CORONA DEL MAR,CA,92625-2187,Bad State
LAGUNA WOODS,CA,92637-4100,Bad State
HUNTINGTON BEACH,CA,92646-6721,Bad State
LAGUNA HILLS,CA,92653-5893,Bad State
ALISO VIEJO,CA,92656-6045,Bad State
LAGUNA NIGUEL,CA,92677-4537,Bad State
TRABUCO CANYON,CA,92679,Bad State
MISSION VIEJO,CA,92692-4717,Bad State
SANTA ANA,CA,92707-4613,Bad State
FOUNTAIN VALLEY,CA,92708-1525,Bad State
ANAHEIM,CA,92804,Bad State
FULLERTON,CA,92833-1901,Bad State
FULLERTON,CA,92835-4410,Bad State
GARDEN GROVE,CA,92843-2700,Bad State
PLACENTIA,CA,92870-1822,Bad State
YORBA LINDA,CA,92886-2217,Bad State
VENTURA,CA,93004-3434,Bad State
CAMARILLO,CA,93010-1700,Bad State
CAMARILLO,CA,93010-7476,Bad State
CAMARILLO,CA,93010-8462,Bad State
CAMARILLO,CA,93012-4058,Bad State
CAMARILLO,CA,93012-4306,Bad State
CAMARILLO,CA,93012-8133,Bad State
SANTA ROSA VALLEY,CA,93012-8211,Bad State
OJAI,CA,93023-4159,Bad State
SIMI VALLEY,CA,93065-6818,Bad State
SAN LUIS OBISPO,CA,93405-1043,Bad State
ARROYO GRANDE,CA,93420-6575,Bad State
FRESNO,CA,93729-5352,Bad State
MARINA,CA,93933-3932,Bad State
BELMONT,CA,94002-1729,Bad State
BELMONT,CA,94002-2845,Bad State
BELMONT,CA,94002-3363,Bad State
BURLINGAME,CA,94010-3808,Bad State
DALY CITY,CA,94015-2137,Bad State
DALY CITY,CA,94015-3545,Bad State
LOS ALTOS,CA,94022-1502,Bad State
LOS ALTOS,CA,94024-0381,Bad State
MENLO PARK,CA,94025-2834,Bad State
MENLO PARK,CA,94025-6367,Bad State
MOUNTAIN VIEW,CA,94040-2932,Bad State
MOUNTAIN VIEW,CA,94043-2033,Bad State
REDWOOD CITY,CA,94061-2702,Bad State
WOODSIDE,CA,94062-2431,Bad State
REDWOOD CITY,CA,94062-3941,Bad State
SAN CARLOS,CA,94070-3823,Bad State
SOUTH SAN FRANCISCO,CA,94080-5045,Bad State
SUNNYVALE,CA,94085-2019,Bad State
SUNNYVALE,CA,94086-6920,Bad State
SUNNYVALE,CA,94086-7826,Bad State
SUNNYVALE,CA,94086-8231,Bad State
SUNNYVALE,CA,94087-4148,Bad State
SUNNYVALE,CA,94089-4643,Bad State
SAN FRANCISCO,CA,94105-2379,Bad State
SAN FRANCISCO,CA,94107-1325,Bad State
SAN FRANCISCO,CA,94109-4228,Bad State
SAN FRANCISCO,CA,94112-1860,Bad State
SAN FRANCISCO,CA,94115-3293,Bad State
SAN FRANCISCO,CA,94122-3231,Bad State
SAN FRANCISCO,CA,94132-2949,Bad State
SAN FRANCISCO,CA,94158-2160,Bad State
PALO ALTO,CA,94301-3233,Bad State
PALO ALTO,CA,94303-3454,Bad State
PALO ALTO,CA,94303-4001,Bad State
PALO ALTO,CA,94303-4719,Bad State
PALO ALTO,CA,94303-4732,Bad State
PALO ALTO,CA,94306-2726,Bad State
PALO ALTO,CA,94306-3810,Bad State
SAN MATEO,CA,94403-3576,Bad State
SAN MATEO,CA,94403-6850,Bad State
FOSTER CITY,CA,94404-1413,Bad State
FOSTER CITY,CA,94404-1904,Bad State
FOSTER CITY,CA,94404-3609,Bad State
DANVILLE,CA,94506-1267,Bad State
DANVILLE,CA,94506-6240,Bad State
BENICIA,CA,94510-4564,Bad State
BRENTWOOD,CA,94513-2427,Bad State
BRENTWOOD,CA,94513-6181,Bad State
PLEASANT HILL,CA,94523-2951,Bad State
DANVILLE,CA,94526-3754,Bad State
DANVILLE,CA,94526-4420,Bad State
DANVILLE,CA,94526-6266,Bad State
ANTIOCH,CA,94531-6219,Bad State
FREMONT,CA,94536-3218,Bad State
FREMONT,CA,94536-3351,Bad State
FREMONT,CA,94536-4288,Bad State
FREMONT,CA,94536-4983,Bad State
FREMONT,CA,94536-5428,Bad State
FREMONT,CA,94536-6006,Bad State
FREMONT,CA,94536-6052,Bad State
FREMONT,CA,94536-6565,Bad State
FREMONT,CA,94536-6701,Bad State
FREMONT,CA,94536-7172,Bad State
FREMONT,CA,94538-1035,Bad State
FREMONT,CA,94538-3978,Bad State
FREMONT,CA,94538-4807,Bad State
FREMONT,CA,94538-5912,Bad State
FREMONT,CA,94538-6662,Bad State
FREMONT,CA,94539-3051,Bad State
FREMONT,CA,94539-3662,Bad State
FREMONT,CA,94539-4415,Bad State
FREMONT,CA,94539-4448,Bad State
FREMONT,CA,94539-4586,Bad State
FREMONT,CA,94539-4720,Bad State
FREMONT,CA,94539-6524,Bad State
FREMONT,CA,94539-7704,Bad State
FREMONT,CA,94539-8345,Bad State
FREMONT,CA,94539-8419,Bad State
CASTRO VALLEY,CA,94546-3410,Bad State
CASTRO VALLEY,CA,94552-5449,Bad State
FREMONT,CA,94555-3327,Bad State
FREMONT,CA,94555-3432,Bad State
NEWARK,CA,94560-1137,Bad State
NEWARK,CA,94560-1727,Bad State
NEWARK,CA,94560-3322,Bad State
NEWARK,CA,94560-3332,Bad State
NEWARK,CA,94560-3335,Bad State
NEWARK,CA,94560-3558,Bad State
NEWARK,CA,94560-5344,Bad State
NEWARK,CA,94560-5612,Bad State
NEWARK,CA,94560-7345,Bad State
PLEASANTON,CA,94566-4636,Bad State
PLEASANTON,CA,94566-5812,Bad State
PLEASANTON,CA,94566-5870,Bad State
PLEASANTON,CA,94566-6466,Bad State
DUBLIN,CA,94568,Bad State
DUBLIN,CA,94568-3253,Bad State
DUBLIN,CA,94568-3954,Bad State
DUBLIN,CA,94568-4293,Bad State
DUBLIN,CA,94568-4592,Bad State
DUBLIN,CA,94568-4892,Bad State
DUBLIN,CA,94568-6702,Bad State
DUBLIN,CA,94568-6708,Bad State
DUBLIN,CA,94568-6752,Bad State
DUBLIN,CA,94568-7257,Bad State
SAN RAMON,CA,94582-2879,Bad State
SAN RAMON,CA,94582-3062,Bad State
SAN RAMON,CA,94582-5023,Bad State
SAN RAMON,CA,94582-5230,Bad State
SAN RAMON,CA,94582-5573,Bad State
SAN RAMON,CA,94582-5769,Bad State
SAN RAMON,CA,94582-5785,Bad State
SAN RAMON,CA,94582-5793,Bad State
SAN RAMON,CA,94582-5950,Bad State
SAN RAMON,CA,94582-6003,Bad State
SAN RAMON,CA,94583-3054,Bad State
SAN RAMON,CA,94583-3469,Bad State
UNION CITY,CA,94587-3634,Bad State
UNION CITY,CA,94587-3663,Bad State
UNION CITY,CA,94587-4929,Bad State
UNION CITY,CA,94587-5016,Bad State
UNION CITY,CA,94587-5151,Bad State
UNION CITY,CA,94587-5520,Bad State
PLEASANTON,CA,94588-4233,Bad State
WALNUT CREEK,CA,94598-3640,Bad State
WALNUT CREEK,CA,94598-4632,Bad State
OAKLAND,CA,94605-5626,Bad State
CORTE MADERA,CA,94925-1809,Bad State
LARKSPUR,CA,94939-1458,Bad State
MILL VALLEY,CA,94941-2695,Bad State
CAMPBELL,CA,95008-0310,Bad State
CAMPBELL,CA,95008-2984,Bad State
CAMPBELL,CA,95008-4461,Bad State
CAMPBELL,CA,95008-5115,Bad State
CAMPBELL,CA,95008-6422,Bad State
CUPERTINO,CA,95014-1872,Bad State
CUPERTINO,CA,95014-2222,Bad State
CUPERTINO,CA,95014-2223,Bad State
CUPERTINO,CA,95014-2817,Bad State
CUPERTINO,CA,95014-2867,Bad State
CUPERTINO,CA,95014-4544,Bad State
CUPERTINO,CA,95014-4606,Bad State
CUPERTINO,CA,95014-4628,Bad State
CUPERTINO,CA,95014-4719,Bad State
CUPERTINO,CA,95014-5439,Bad State
LOS GATOS,CA,95032-1104,Bad State
LOS GATOS,CA,95032-3912,Bad State
MILPITAS,CA,95035-3205,Bad State
MILPITAS,CA,95035-3864,Bad State
MILPITAS,CA,95035-3869,Bad State
MILPITAS,CA,95035-3871,Bad State
MILPITAS,CA,95035-4431,Bad State
MILPITAS,CA,95035-4508,Bad State
MILPITAS,CA,95035-6224,Bad State
MILPITAS,CA,95035-6601,Bad State
MILPITAS,CA,95035-7835,Bad State
MILPITAS,CA,95035-8680,Bad State
MORGAN HILL,CA,95037-3922,Bad State
SANTA CLARA,CA,95050-4559,Bad State
SANTA CLARA,CA,95050-6948,Bad State
SANTA CLARA,CA,95051-6426,Bad State
SANTA CLARA,CA,95054-1316,Bad State
SANTA CLARA,CA,95054-3922,Bad State
SANTA CLARA,CA,95054-4172,Bad State
SANTA CRUZ,CA,95062-3473,Bad State
SARATOGA,CA,95070-3406,Bad State
SARATOGA,CA,95070-4569,Bad State
SARATOGA,CA,95070-4728,Bad State
SARATOGA,CA,95070-6060,Bad State
SARATOGA,CA,95070-6514,Bad State
SAN JOSE,CA,95111-3182,Bad State
SAN JOSE,CA,95112-4070,Bad State
SAN JOSE,CA,95118-1329,Bad State
SAN JOSE,CA,95118-2269,Bad State
SAN JOSE,CA,95118-3517,Bad State
SAN JOSE,CA,95119-1770,Bad State
SAN JOSE,CA,95120-3119,Bad State
SAN JOSE,CA,95120-4283,Bad State
SAN JOSE,CA,95120-5413,Bad State
SAN JOSE,CA,95120-5524,Bad State
SAN JOSE,CA,95121-1227,Bad State
SAN JOSE,CA,95121-1367,Bad State
SAN JOSE,CA,95122-1702,Bad State
SAN JOSE,CA,95123,Bad State
SAN JOSE,CA,95123-6824,Bad State
SAN JOSE,CA,95124-2044,Bad State
SAN JOSE,CA,95124-5429,Bad State
SAN JOSE,CA,95124-6035,Bad State
SAN JOSE,CA,95124-6204,Bad State
SAN JOSE,CA,95124-6323,Bad State
SAN JOSE,CA,95125-3222,Bad State
SAN JOSE,CA,95125-3609,Bad State
SAN JOSE,CA,95125-4066,Bad State
SAN JOSE,CA,95127-1042,Bad State
SAN JOSE,CA,95127-1719,Bad State
SAN JOSE,CA,95128,Bad State
SAN JOSE,CA,95128-4049,Bad State
SAN JOSE,CA,95129-1252,Bad State
SAN JOSE,CA,95129-2338,Bad State
SAN JOSE,CA,95129-2907,Bad State
SAN JOSE,CA,95129-4050,Bad State
SAN JOSE,CA,95129-4878,Bad State
SAN JOSE,CA,95131-1857,Bad State
SAN JOSE,CA,95131-2952,Bad State
SAN JOSE,CA,95132-1610,Bad State
SAN JOSE,CA,95132-1701,Bad State
SAN JOSE,CA,95132-2251,Bad State
SAN JOSE,CA,95132-2942,Bad State
SAN JOSE,CA,95133-1408,Bad State
SAN JOSE,CA,95133-1500,Bad State
SAN JOSE,CA,95134-2417,Bad State
SAN JOSE,CA,95134-3486,Bad State
SAN JOSE,CA,95135,Bad State
SAN JOSE,CA,95135-1101,Bad State
SAN JOSE,CA,95135-2018,Bad State
SAN JOSE,CA,95135-2081,Bad State
SAN JOSE,CA,95135-2388,Bad State
SAN JOSE,CA,95136-2825,Bad State
SAN JOSE,CA,95138-1840,Bad State
SAN JOSE,CA,95138-2218,Bad State
SAN JOSE,CA,95138-2424,Bad State
SAN JOSE,CA,95148-3206,Bad State
SAN JOSE,CA,95148-3457,Bad State
SAN JOSE,CA,95148-4344,Bad State
SAN JOSE,CA,95148-4376,Bad State
ANGELS CAMP,CA,95222-9465,Bad State
ATWATER,CA,95301-4271,Bad State
MANTECA,CA,95337-7909,Bad State
MOUNTAIN HOUSE,CA,95391-1403,Bad State
MOUNTAIN HOUSE,CA,95391-1506,Bad State
SANTA ROSA,CA,95403-8613,Bad State
SEBASTOPOL,CA,95472-2028,Bad State
CARMICHAEL,CA,95608-5523,Bad State
FOLSOM,CA,95630,Bad State
FOLSOM,CA,95630-6295,Bad State
FOLSOM,CA,95630-6367,Bad State
FOLSOM,CA,95630-8059,Bad State
WOODLAND,CA,95695-3325,Bad State
GRANITE BAY,CA,95746-5874,Bad State
ROSEVILLE,CA,95747-4704,Bad State
ROCKLIN,CA,95765-5283,Bad State
SACRAMENTO,CA,95832-1261,Bad State
GRASS VALLEY,CA,95945-9341,Bad State
HONOLULU,HI,96819-4805,Bad State
HONOLULU,HI,96825-3005,Bad State
BEAVERTON,OR,97003-6519,Bad State
HILLSBORO,OR,97123-2950,Bad State
PORTLAND,OR,97229,Bad State
PORTLAND,OR,97229-7341,Bad State
GOLD BEACH,OR,97444,Bad State
BEND,OR,97702-9774,Bad State
BELLEVUE,WA,98005,Bad State
MILL CREEK,WA,98012-4270,Bad State
BOTHELL,WA,98021-5039,Bad State
BOTHELL,WA,98021-7281,Bad State
BOTHELL,WA,98021-7328,Bad State
ISSAQUAH,WA,98027-2601,Bad State
ISSAQUAH,WA,98029-3609,Bad State
ISSAQUAH,WA,98029-5052,Bad State
SAMMAMISH,WA,98029-5619,Bad State
SAMMAMISH,WA,98029-6322,Bad State
REDMOND,WA,98052,Bad State
REDMOND,WA,98052-0567,Bad State
REDMOND,WA,98052-2404,Bad State
REDMOND,WA,98052-4657,Bad State
REDMOND,WA,98052-7080,Bad State
REDMOND,WA,98052-7846,Bad State
REDMOND,WA,98052-9622,Bad State
REDMOND,WA,98053-5851,Bad State
REDMOND,WA,98053-5919,Bad State
REDMOND,WA,98053-7822,Bad State
NEWCASTLE,WA,98056-9150,Bad State
SEATTLE,WA,98106-1321,Bad State
SEATTLE,WA,98107-3637,Bad State
SEATTLE,WA,98109-3648,Bad State
SEATTLE,WA,98121-1662,Bad State
SEATTLE,WA,98121-2910,Bad State
SEATTLE,WA,98177-4508,Bad State
BREMERTON,WA,98311-9271,Bad State
DUPONT,WA,98327-8749,Bad State
SEATTLE,WA,98816,Bad State
BOTHELL,WA,98012-7998,Bad State
ACTON,MA,01720-5351,Bad State
SHARON,MA,02067-1439,Bad State
MILFORD,CT,06461-1881,Bad State
WARREN,NJ,07059-5673,Bad State
JERSEY CITY,NJ,07310-2113,Bad State
BASKING RIDGE,NJ,07920-3179,Bad State
PRINCETON,NJ,08540-7659,Bad State
VEST WINDSOR,NJ,08550,Bad State
EAST BRUNSWICK,NJ,08816-2634,Bad State
EDISON,NJ,08817-4319,Bad State
MONROE TOWNSHIP,NJ,08831-5348,Bad State
MONROE,NJ,08831-5365,Bad State
MARTINSVILLE,NJ,08836-2256,Bad State
NEW YORK,NY,10021-4821,Bad State
NEW YORK,NY,10029-6313,Bad State
GREAT NECK,NY,11020-1509,Bad State
BROOKLYN,NY,11207-8905,Bad State
CORONA,NY,11368-4742,Bad State
BAY SHORE,NY,11706-6314,Bad State
BINGHAMTON,NY,13903-0101,Bad State
CHESWICK,PA,15024-2335,Bad State
DOWNINGTOWN,PA,19335-3177,Bad State
EAGLEVILLE,PA,19403-5273,Bad State
READING,PA,19605-2144,Bad State
WILMINGTON,DE,19808-3360,Bad State
REHOBOTH BEACH,DE,19971-4020,Bad State
WASHINGTON,DC,20059-1004,Bad State
ASHBURN,VA,20148-5789,Bad State
ASHBURN,VA,20148-7045,Bad State
BRAMBLETON,VA,20148-7342,Bad State
POOLESVILLE,MD,20837-2202,Bad State
POOLESVILLE,MD,20837-8514,Bad State
MONTGOMERY VILLAGE,MD,20886-4594,Bad State
ELLICOTT CITY,MD,21042-2175,Bad State
HANOVER,MD,21076-3167,Bad State
WOODSTOCK,MD,21163-1416,Bad State
FALLS CHURCH,VA,22043-1072,Bad State
FALLS CHURCH,VA,22043-1353,Bad State
ALEXANDRIA,VA,22314-4101,Bad State
GLEN ALLEN,VA,23059,Bad State
VIRGINIA BEACH,VA,23456-6730,Bad State
DANVILLE,VA,24541-5175,Bad State
MALABAR,FL,32950-3613,Bad State
CORAL SPRINGS,FL,33065-2348,Bad State
NAPLES,FL,34109-6158,Bad State
NASHVILLE,TN,37211-8599,Bad State
KNOXVILLE,TN,37932-4453,Bad State
HILLIARD,OH,43026-7350,Bad State
CAMBRIDGE,OH,43725-9639,Bad State
DAYTON,OH,45459-2935,Bad State
ATHENS,OH,45701-2917,Bad State
HOLLY,MI,48442-9197,Bad State
URBANA,IL,61801-2302,Bad State
ADDISON,TX,75001-3015,Bad State
CARROLLTON,TX,75010-4315,Bad State
SAN ANTONIO,TX,78258-7000,Bad State
AUSTIN,TX,78738-6074,Bad State
LAS VEGAS,NV,89134-7808,Bad State
REDONDO BEACH,CA,90277-4522,Bad State
PASADENA,CA,91107-5341,Bad State
LA MESA,CA,91942-0335,Bad State
CLOVIS,CA,93619-4844,Bad State
SUNNYVALE,CA,94086-3235,Bad State
ALAMO,CA,94507-1746,Bad State
FREMONT,CA,94536-5762,Bad State
FREMONT,CA,94536-7635,Bad State
FREMONT,CA,94539-3401,Bad State
HAYWARD,CA,94544-1116,Bad State
FREMONT,CA,94555-3823,Bad State
PLEASANTON,CA,94566-8656,Bad State
SAN RAMON,CA,94583-4726,Bad State
CUPERTINO,CA,95014-2640,Bad State
SANTA CLARA,CA,95054-1667,Bad State
SARATOGA,CA,95070-5040,Bad State
SAN JOSE,CA,95129-1007,Bad State
SAN JOSE,CA,95129-4614,Bad State
SAN JOSE,CA,95131-3031,Bad State
SAN JOSE,CA,95135-1183,Bad State
SAN JOSE,CA,95138-1399,Bad State
SAN JOSE,CA,95138-2314,Bad State
LATHROP,CA,95330-8399,Bad State
FOLSOM,CA,95630-3848,Bad State
CHICO,CA,95928-7813,Bad State
BELLEVUE,WA,98007-5618,Bad State
BOTHELL,WA,98011-7662,Bad State
REDMOND,WA,98052-4962,Bad State
MIDLOTHIAN,VA,23113-3774,Bad State
ATHENS,GA,30601-2423,Bad State
NAPLES,FL,34110-8619,Bad State
CHAGRIN FALLS,OH,44023-5821,Bad State
GALESBURG,IL,61401-9506,Bad State
SARATOGA,CA,95070-3416,Bad State
ALPHARETTA,GA,30004-8576,Bad State
BUFFALO GROVE,IL,60089-1168,Bad State
CUPERTINO,CA,95014-2878,Bad State
REDMOND,WA,98052-2755,Bad State
RUTHERFORD,NJ,07070-2412,Bad State
FARMINGDALE,NY,11735-4329,Bad State
STAMFORD,NY,12167-2056,Bad State
MALVERN,PA,19355-0108,Bad State
HERNDON,VA,20171-5360,Bad State
ELLICOTT CITY,MD,21043-7540,Bad State
ARLINGTON,VA,22204-2731,Bad State
DULUTH,GA,30096-9003,Bad State
WEST LAFAYETTE,IN,47906-8742,Bad State
FAYETTEVILLE,AR,72701-6068,Bad State
PROSPER,TX,75078-1958,Bad State
SUGAR LAND,TX,77479-6634,Bad State
FRIENDSWOOD,TX,77546-6178,Bad State
AUSTIN,TX,78705-2425,Bad State
DENVER,CO,80238-4333,Bad State
SAN DIEGO,CA,92129-2241,Bad State
MOUNTAIN VIEW,CA,94043-4531,Bad State
NEWARK,CA,94560-3341,Bad State
SARATOGA,CA,95070-4630,Bad State
HOBOKEN,NJ,07030-5618,Bad State
PARSIPPANY,NJ,07054-6353,Bad State
MANAHAWKIN,NJ,08050-3717,Bad State
LAKEWOOD,NJ,08701-7031,Bad State
NY,NY,10018,Bad State
NEW YORK,NY,10075-0467,Bad State
WHITE PLAINS,NY,10603-1021,Bad State
UNIONDALE,NY,11556-3815,Bad State
PITTSBURGH,PA,15205,Bad State
WAYNE,PA,19087-4018,Bad State
RADNOR,PA,19087-4558,Bad State
BRISTOW,VA,20136-2017,Bad State
CROFTON,MD,21114-2466,Bad State
SUFFOLK,VA,23435-2767,Bad State
VIRGINIA BEACH,VA,23452-7332,Bad State
VIRGINIA BEACH,VA,23455-1692,Bad State
IRMO,SC,29063-7804,Bad State
ATLANTA,GA,30339-5989,Bad State
MACON,GA,31220-6717,Bad State
PARKLAND,FL,33076-4430,Bad State
PALM BEACH GARDENS,FL,33418-6984,Bad State
GREENACRES,FL,33463-2904,Bad State
LARGO,FL,33774-2442,Bad State
JENSEN BEACH,FL,34957-2693,Bad State
FORT WAYNE,IN,46804-7926,Bad State
BLOOMFIELD HILLS,MI,48304-5119,Bad State
W BLOOMFIELD,MI,48322-5306,Bad State
WEST BLOOMFIELD,MI,48322-5306,Bad State
BAY CITY,MI,48706-2028,Bad State
BUCHANAN,MI,49107,Bad State
BORGER,TX,79007-8251,Bad State
DENVER,CO,80222-4118,Bad State
HENDERSON,NV,89011-5491,Bad State
LOS ANGELES,CA,90067-4505,Bad State
CARLSBAD,CA,92008-3752,Bad State
SAN DIEGO,CA,92130-2739,Bad State
LADERA RANCH,CA,92694-0510,Bad State
CAMARILLO,CA,93011-1088,Bad State
SANTA BARBARA,CA,93108-2430,Bad State
PALO ALTO,CA,94303-2804,Bad State
PLEASANTON,CA,94566-3552,Bad State
SAN JOSE,CA,95120-3806,Bad State
SAN JOSE,CA,95128-2075,Bad State
ST JOHN,VI,00831-0075,Bad State
HAMPDEN,MA,01036-9781,Bad State
SOUTHAMPTON,MA,01073-9104,Bad State
AUBURN,MA,01501-2767,Bad State
WESTBOROUGH,MA,01581-1848,Bad State
ACTON,MA,01720-3002,Bad State
ANDOVER,MA,01810-2831,Bad State
BOSTON,MA,02135-1003,Bad State
CAMBRIDGE,MA,02138-1417,Bad State
REVERE,MA,02151-3729,Bad State
LEXINGTON,MA,02420-2326,Bad State
ARLINGTON,MA,02474-3425,Bad State
EAST PROVIDENCE,RI,02914-5372,Bad State
PELHAM,NH,03076-3586,Bad State
GRAFTON,NH,03240-3016,Bad State
PORTLAND,CT,06480-1133,Bad State
BROOKFIELD,CT,06804-5019,Bad State
GREENWICH,CT,06830-6534,Bad State
NORWALK,CT,06854-4116,Bad State
BOONTON,NJ,07005-8904,Bad State
EAST ORANGE,NJ,07018-3587,Bad State
EDGEWATER,NJ,07020-2117,Bad State
FORT LEE,NJ,07024-2740,Bad State
WARREN,NJ,07059-5793,Bad State
RUTHERFORD,NJ,07070-2620,Bad State
WESTFIELD,NJ,07090-1660,Bad State
WOODBRIDGE,NJ,07095-1118,Bad State
ELIZABETH,NJ,07202-1214,Bad State
JERSEY CITY,NJ,07310-2160,Bad State
PARAMUS,NJ,07652-3403,Bad State
DENVILLE,NJ,07834-9608,Bad State
BASKING RIDGE,NJ,07920-2205,Bad State
MORRISTOWN,NJ,07960-4738,Bad State
PLAINSBORO,NJ,08536-1407,Bad State
LAWRENCE TOWNSHIP,NJ,08648-2339,Bad State
LAKEWOOD,NJ,08701,Bad State
EAST BRUNSWICK,NJ,08816-2311,Bad State
EDISON,NJ,08817-2635,Bad State
EDISON,NJ,08820-4679,Bad State
KENDALL PARK,NJ,08824,Bad State
"APO,",AE,09180,Bad State
DPO,AE,09727-0009,Bad State
NEW YORK,NY,10004-2614,Bad State
NEW YORK,NY,10013-0980,Bad State
NEW YORK,NY,10022-3410,Bad State
NEW YORK,NY,10023-3908,Bad State
NEW YORK,NY,10065-8709,Bad State
STATEN ISLAND,NY,10303-2573,Bad State
GREAT NECK,NY,11024-1639,Bad State
NEW HYDE PARK,NY,11040-4255,Bad State
NEW HYDE PARK,NY,11040-4710,Bad State
BROOKLYN,NY,11207-1304,Bad State
BROOKLYN,NY,11209-1113,Bad State
BROOKLYN,NY,11226-4309,Bad State
FLUSHING,NY,11354-4215,Bad State
BAYSIDE,NY,11360-2220,Bad State
ELMHURST,NY,11373-3458,Bad State
REGO PARK,NY,11374-2930,Bad State
WOODHAVEN,NY,11421-2265,Bad State
WESTBURY,NY,11568-0210,Bad State
MEDFORD,NY,11763-3740,Bad State
PORT JEFFERSON STATION,NY,11776-3157,Bad State
PORT JEFFERSON STATION,NY,11776-4009,Bad State
SYOSSET,NY,11791-6337,Bad State
COEYMANS HOLLOW,NY,12046-2106,Bad State
SPRINGVILLE,NY,14141-1168,Bad State
FAIRPORT,NY,14450-2505,Bad State
FAIRPORT,NY,14450-4114,Bad State
PITTSBURGH,PA,15213-2765,Bad State
CANONSBURG,PA,15317-2772,Bad State
MC MURRAY,PA,15317-3607,Bad State
LAKE ARIEL,PA,18436-9770,Bad State
NEW HOPE,PA,18938-9559,Bad State
YARDLEY,PA,19067-1977,Bad State
PHILADELPHIA,PA,19103-7308,Bad State
GLEN MILLS,PA,19342-1400,Bad State
PHOENIXVILLE,PA,19460-1338,Bad State
WASHINGTON,DC,20001-5414,Bad State
WASHINGTON,DC,20019-6870,Bad State
CENTREVILLE,VA,20121-3881,Bad State
ASHBURN,VA,20147-2855,Bad State
ASHBURN,VA,20148-1757,Bad State
CHANTILLY,VA,20152-6098,Bad State
HERNDON,VA,20171-2869,Bad State
RESTON,VA,20190-4813,Bad State
ACCOKEEK,MD,20607-3131,Bad State
FT WASHINGTON,MD,20744-5923,Bad State
GREENBELT,MD,20770-4079,Bad State
HYATTSVILLE,MD,20782-2188,Bad State
BETHESDA,MD,20816-1696,Bad State
BETHESDA,MD,20817-3723,Bad State
ROCKVILLE,MD,20850-2886,Bad State
ROCKVILLE,MD,20850-3144,Bad State
ROCKVILLE,MD,20852-4140,Bad State
ROCKVILLE,MD,20852-7611,Bad State
POTOMAC,MD,20854-4800,Bad State
NORTH POTOMAC,MD,20878-2519,Bad State
BALTIMORE,MD,21230-1910,Bad State
FREDERICK,MD,21703-2221,Bad State
COLORA,MD,21917-1537,Bad State
FAIRFAX,VA,22030-7231,Bad State
MCLEAN,VA,22102,Bad State
VIENNA,VA,22180-4803,Bad State
VIENNA,VA,22181-4807,Bad State
ALEXANDRIA,VA,22309-1853,Bad State
ALEXANDRIA,VA,22314-5515,Bad State
FRONT ROYAL,VA,22630-7366,Bad State
MAIDENS,VA,23102-2433,Bad State
MOSELEY,VA,23120-2434,Bad State
CHESAPEAKE,VA,23322-7121,Bad State
CHESAPEAKE,VA,23323-3908,Bad State
BOYDTON,VA,23917-4749,Bad State
ROANOKE,VA,24016-4710,Bad State
ROANOKE,VA,24019-8439,Bad State
RADFORD,VA,24141-5136,Bad State
UNION HALL,VA,24176-2300,Bad State
ABINGDON,VA,24210-8388,Bad State
VIENNA,WV,26105-3015,Bad State
MURRELLS INLET,SC,29576-0350,Bad State
NORTH MYRTLE,SC,29582,Bad State
BLUFFTON,SC,29909-6144,Bad State
DECATUR,GA,30030-2938,Bad State
MARIETTA,GA,30066-4699,Bad State
WATKINSVILLE,GA,30677-2345,Bad State
SAINT SIMONS ISLAND,GA,31522-3918,Bad State
AMELIA ISLAND,FL,32034-6578,Bad State
GREEN COVE SPRINGS,FL,32043-3443,Bad State
PONTE VEDRA BEACH,FL,32082-4083,Bad State
JACKSONVILLE,FL,32224-7000,Bad State
JACKSONVILLE,FL,32226-4827,Bad State
OVIEDO,FL,32766-7091,Bad State
ORLANDO,FL,32804-7003,Bad State
ORLANDO,FL,32812-6020,Bad State
ORLANDO,FL,32833-5003,Bad State
MELBOURNE,FL,32904-7469,Bad State
COCOA BEACH,FL,32931-5069,Bad State
COCONUT CREEK,FL,33073-3625,Bad State
SUNNY ISLES BEACH,FL,33160-4261,Bad State
FORT LAUDERDALE,FL,33301-3182,Bad State
FT LAUDERDALE,FL,33334-3618,Bad State
VALRICO,FL,33596-6452,Bad State
ST PETE BEACH,FL,33736-7068,Bad State
DAVENPORT,FL,33896-6835,Bad State
FORT MYERS,FL,33966-8321,Bad State
ESTERO,FL,34135-8406,Bad State
SARASOTA,FL,34233-5079,Bad State
HOOVER,AL,35242-8501,Bad State
HUNTSVILLE,AL,35810-6100,Bad State
HUNTSVILLE,AL,35824-4024,Bad State
FRANKLIN,TN,37064-5736,Bad State
JOHNSON CITY,TN,37604-3458,Bad State
KINGSPORT,TN,37660-9006,Bad State
MARYVILLE,TN,37801-8966,Bad State
MARYVILLE,TN,37804-4363,Bad State
COLLIERVILLE,TN,38017-2186,Bad State
OLIVE BRANCH,MS,38654-0995,Bad State
PASS CHRISTIAN,MS,39571-0419,Bad State
LEWIS CENTER,OH,43035-8635,Bad State
UPPER ARLNGTN,OH,43220-4841,Bad State
STRONGSVILLE,OH,44136-7111,Bad State
CINCINNATI,OH,45213-2603,Bad State
CINCINNATI,OH,45230-4354,Bad State
DAYTON,OH,45458-5805,Bad State
FINDLAY,OH,45840-9689,Bad State
NEW ALBANY,IN,47150-5202,Bad State
BIRMINGHAM,MI,48009-4124,Bad State
TROY,MI,48085-1414,Bad State
PLYMOUTH,MI,48170-6377,Bad State
SOUTH LYON,MI,48178-9294,Bad State
BLOOMFIELD HILLS,MI,48304-3738,Bad State
ROCHESTER,MI,48306-1492,Bad State
SHELBY TOWNSHIP,MI,48317-3403,Bad State
WEST BLOOMFIELD,MI,48323-1529,Bad State
NOVI,MI,48374,Bad State
GRAND BLANC,MI,48439-9660,Bad State
BROOKFIELD,WI,53005-1321,Bad State
NEW BERLIN,WI,53151-2463,Bad State
BOX ELDER,SD,57719-7600,Bad State
ELGIN,IL,60124-8936,Bad State
GLEN ELLYN,IL,60137-6202,Bad State
CHICAGO,IL,60605-2319,Bad State
CHICAGO,IL,60614-4147,Bad State
CHICAGO,IL,60647-3974,Bad State
DANVILLE,IL,61832-1207,Bad State
SAINT CHARLES,MO,63304-2668,Bad State
WICHITA,KS,67230-1729,Bad State
OMAHA,NE,68124-2217,Bad State
NEW ORLEANS,LA,70124-2514,Bad State
LITTLE ROCK,AR,72212-3953,Bad State
OKLAHOMA CITY,OK,73135-1132,Bad State
PLANO,TX,75025-4125,Bad State
FRISCO,TX,75033-7380,Bad State
FRISCO,TX,75035-9044,Bad State
DALLAS,TX,75201-7849,Bad State
DALLAS,TX,75253-4522,Bad State
HOUSTON,TX,77070-2472,Bad State
SAN ANTONIO,TX,78251-1708,Bad State
CEDAR PARK,TX,78613-1627,Bad State
CEDAR PARK,TX,78613-4879,Bad State
CEDAR PARK,TX,78630-0884,Bad State
ROUND ROCK,TX,78681-1478,Bad State
AUSTIN,TX,78738-6190,Bad State
AURORA,CO,80013-5560,Bad State
CENTENNIAL,CO,80112-1533,Bad State
MONUMENT,CO,80132-6043,Bad State
DENVER,CO,80221-2699,Bad State
PEYTON,CO,80831-8411,Bad State
DRAPER,UT,84020-7688,Bad State
HERRIMAN,UT,84096-1421,Bad State
CHANDLER,AZ,85225-1693,Bad State
SCOTTSDALE,AZ,85255-2447,Bad State
SIERRA VISTA,AZ,85635-5098,Bad State
PRESCOTT,AZ,86301-5727,Bad State
HENDERSON,NV,89002-9109,Bad State
NORTH LAS VEGAS,NV,89032-2432,Bad State
LAS VEGAS,NV,89134-8623,Bad State
LOS ANGELES,CA,90004-1301,Bad State
LOS ANGELES,CA,90031-1129,Bad State
LOS ANGELES,CA,90043-0164,Bad State
TORRANCE,CA,90504-1504,Bad State
LOS ALAMITOS,CA,90720-4657,Bad State
TUJUNGA,CA,91042-1811,Bad State
GLENDALE,CA,91208-2236,Bad State
NORTHRIDGE,CA,91326-1452,Bad State
WESTLAKE VILLAGE,CA,91362-3817,Bad State
DIAMOND BAR,CA,91765-4029,Bad State
ENCINITAS,CA,92024-4652,Bad State
SAN DIEGO,CA,92128-5069,Bad State
SAN DIEGO,CA,92129,Bad State
SAN DIEGO,CA,92130-6611,Bad State
YUCCA VALLEY,CA,92284-6008,Bad State
HESPERIA,CA,92340-3856,Bad State
TEMECULA,CA,92592-8006,Bad State
IRVINE,CA,92602-1876,Bad State
ALISO VIEJO,CA,92656-5301,Bad State
SAN CLEMENTE,CA,92672-2139,Bad State
SAN CLEMENTE,CA,92672-3715,Bad State
LAGUNA NIGUEL,CA,92677-2125,Bad State
SANTA ANA,CA,92704-4938,Bad State
HALF MOON BAY,CA,94019-1563,Bad State
MENLO PARK,CA,94026-0257,Bad State
SUNNYVALE,CA,94087-4615,Bad State
SAN FRANCISCO,CA,94102-4174,Bad State
SAN FRANCISCO,CA,94116-1425,Bad State
SAN FRANCISCO,CA,94116-3032,Bad State
SAN FRANCISCO,CA,94121-2313,Bad State
SAN MATEO,CA,94403-1237,Bad State
SAN MATEO,CA,94403-5002,Bad State
SAN MATEO,CA,94404-0171,Bad State
FOSTER CITY,CA,94404-2928,Bad State
ALAMEDA,CA,94501-3046,Bad State
DANVILLE,CA,94506-6044,Bad State
BENICIA,CA,94510-3932,Bad State
FREMONT,CA,94539-6335,Bad State
FREMONT,CA,94539-7034,Bad State
LIVERMORE,CA,94550-7157,Bad State
FREEMONT,CA,94555,Bad State
FREMONT,CA,94555-2921,Bad State
NAPA,CA,94558-5208,Bad State
NEWARK,CA,94560-1747,Bad State
PLEASANTON,CA,94566-3609,Bad State
PLEASANTON,CA,94566-5537,Bad State
PLEASANTON,CA,94566-5900,Bad State
PLEASANTON,CA,94566-5961,Bad State
DUBLIN,CA,94568-4812,Bad State
SAN RAMON,CA,94582-5195,Bad State
SAN RAMON,CA,94583-3613,Bad State
UNION CITY,CA,94587-4657,Bad State
WALNUT CREEK,CA,94596-7331,Bad State
OAKLAND,CA,94606-1064,Bad State
OAKLAND,CA,94607-4095,Bad State
OAKLAND,CA,94619-2351,Bad State
CAMPBELL,CA,95008-0650,Bad State
CAMPBELL,CA,95008-3923,Bad State
CUPERTINO,CA,95014-4212,Bad State
CUPERTINO,CA,95014-6315,Bad State
CUPERTINO,CA,95014-6614,Bad State
LOS GATOS,CA,95032-1211,Bad State
SANTA CLARA,CA,95051-5727,Bad State
SANTA CLARA,CA,95054-3718,Bad State
SAN JOSE,CA,95116-3128,Bad State
SAN JOSE,CA,95118-3523,Bad State
SAN JOSE,CA,95121-1973,Bad State
SAN JOSE,CA,95124-2533,Bad State
SAN JOSE,CA,95124-3815,Bad State
SAN JOSE,CA,95124-3831,Bad State
SAN JOSE,CA,95124-5151,Bad State
SAN JOSE,CA,95129-2218,Bad State
SAN JOSE,CA,95132-1733,Bad State
SAN JOSE,CA,95134-3660,Bad State
SAN JOSE,CA,95148-4310,Bad State
MOUNTAIN HOUSE,CA,95391-1407,Bad State
CAMERON PARK,CA,95682-8128,Bad State
ROSEVILLE,CA,95747-6907,Bad State
PAIA,HI,96779-8110,Bad State
HONOLULU,HI,96818-6231,Bad State
HONOLULU,HI,96822-1707,Bad State
EUGENE,OR,97401-8835,Bad State
BELLEVUE,WA,98006-4308,Bad State
BELLEVUE,WA,98006-8902,Bad State
MILL CREEK,WA,98012-5695,Bad State
SEATTLE,WA,98109-3587,Bad State
SEATTLE,WA,98116-4485,Bad State
SHORELINE,WA,98133-5436,Bad State
OLYMPIA,WA,98512-7041,Bad State
SUMMIT,NJ,07901-1620,Bad State
HORSEHEADS,NY,14845-2286,Bad State
UPPR MARLBORO,MD,20772-2976,Bad State
UPPER MARLBORO,MD,20772-6408,Bad State
GLEN ALLEN,VA,23059-5776,Bad State
MARIETTA,GA,30060-2015,Bad State
PEMBROKE PINES,FL,33024-6422,Bad State
NOVI,MI,48377-2555,Bad State
HORTON,MI,49246-9663,Bad State
SAN RAMON,CA,94582-4867,Bad State
AGUADILLA,PR,00605-3677,Bad State
SPRINGFIELD,MA,01129-2034,Bad State
PITTSFIELD,MA,01201-6452,Bad State
WORCESTER,MA,01604-1136,Bad State
ASHLAND,MA,01721-1875,Bad State
HOPKINTON,MA,01748-2411,Bad State
NATICK,MA,01760-5939,Bad State
SUDBURY,MA,01776-2914,Bad State
WOBURN,MA,01801-1053,Bad State
CHELMSFORD,MA,01824-1207,Bad State
WAKEFIELD,MA,01880-6241,Bad State
WILMINGTON,MA,01887-1096,Bad State
LYNNFIELD,MA,01940-1944,Bad State
DEDHAM,MA,02026-6228,Bad State
BOSTON,MA,02116-5734,Bad State
DORCHESTER,MA,02125-3525,Bad State
SOUTH BOSTON,MA,02127-7838,Bad State
BOSTON,MA,02131-4105,Bad State
CAMBRIDGE,MA,02139-4403,Bad State
LEXINGTON,MA,02421-4304,Bad State
LEXINGTON,MA,02421-8641,Bad State
BROOKLINE,MA,02446-6371,Bad State
WALTHAM,MA,02453-1439,Bad State
NEWTON,MA,02458-1745,Bad State
CHESTNUT HILL,MA,02467-2911,Bad State
WATERTOWN,MA,02471-9177,Bad State
EAST FALMOUTH,MA,02536-6202,Bad State
COVENTRY,RI,02816-8203,Bad State
BEDFORD,NH,03110-4513,Bad State
ALSTEAD,NH,03602-3817,Bad State
DRYDEN,ME,04225-0266,Bad State
NEW HARBOR,ME,04554-4613,Bad State
NOBLEBORO,ME,04555-9260,Bad State
BRATTLEBORO,VT,05301-6601,Bad State
ST GEORGE,VT,05495-8167,Bad State
BARRE,VT,05641-4319,Bad State
AVON,CT,06001-3804,Bad State
BRISTOL,CT,06010-3349,Bad State
FARMINGTON,CT,06032-3082,Bad State
ORANGE,CT,06477-2226,Bad State
STRATFORD,CT,06614-3953,Bad State
DANBURY,CT,06810-6321,Bad State
NEW CANAAN,CT,06840-5103,Bad State
NEW CANAAN,CT,06840-5537,Bad State
SOUTHPORT,CT,06890-1074,Bad State
STAMFORD,CT,06902-7841,Bad State
STAMFORD,CT,06905-2813,Bad State
CLIFTON,NJ,07011-1114,Bad State
MONTVILLE,NJ,07045-9335,Bad State
MOUNTAIN LAKES,NJ,07046-1517,Bad State
WALLINGTON,NJ,07057-1932,Bad State
WARREN,NJ,07059-6704,Bad State
PLAINFIELD,NJ,07063-1660,Bad State
JERSEY CITY,NJ,07302-8523,Bad State
JERSEY CITY,NJ,07307-1429,Bad State
FAIR LAWN,NJ,07410-1737,Bad State
FAIR LAWN,NJ,07410-5131,Bad State
RAMSEY,NJ,07446-1177,Bad State
WANAQUE,NJ,07465-2302,Bad State
BERGENFIELD,NJ,07621-1103,Bad State
TEANECK,NJ,07666-5645,Bad State
FAIR HAVEN,NJ,07704-3227,Bad State
FLANDERS,NJ,07836-0230,Bad State
SUMMIT,NJ,07901-4603,Bad State
NEW PROVIDENCE,NJ,07974-2772,Bad State
COLUMBUS,NJ,08022-1331,Bad State
WOOLWICH TOWNSHIP,NJ,08085-2523,Bad State
SEA ISLE CITY,NJ,08243-0728,Bad State
BELLE MEAD,NJ,08502-4930,Bad State
BELLE MEAD,NJ,08502-5860,Bad State
BORDENTOWN,NJ,08505-4447,Bad State
PLAINSBORO,NJ,08536-1955,Bad State
PLAINSBORO,NJ,08536-2059,Bad State
PRINCETON,NJ,08540-4411,Bad State
PRINCETON JUNCTION,NJ,08550-1318,Bad State
SKILLMAN,NJ,08558-2251,Bad State
LAWRENCE TWP,NJ,08648-3527,Bad State
LAKEWOOD,NJ,08701-1738,Bad State
MANASQUAN,NJ,08736-1124,Bad State
BOUND BROOK,NJ,08805-0311,Bad State
DAYTON,NJ,08810-1450,Bad State
FLEMINGTON,NJ,08822-4100,Bad State
HILLSBOROUGH,NJ,08844-4387,Bad State
HILLSBOROUGH,NJ,08844-7128,Bad State
PHILLIPSBURG,NJ,08865-7317,Bad State
SOUTH RIVER,NJ,08882-2604,Bad State
N BRUNSWICK,NJ,08902-3318,Bad State
DPO,AE,09831-0185,Bad State
NEW YORK,NY,10002-4785,Bad State
NEW YORK,NY,10003-1603,Bad State
NEW YORK,NY,10009-7471,Bad State
NEW YORK,NY,10014-3907,Bad State
NEW YORK,NY,10017-2427,Bad State
NEW YORK,NY,10017-3628,Bad State
NEW YORK,NY,10017-8113,Bad State
NEW YORK,NY,10019-5343,Bad State
NEW YORK,NY,10021-0009,Bad State
NEW YORK,NY,10021-0569,Bad State
NEW YORK,NY,10022-4336,Bad State
NEW YORK,NY,10024-4978,Bad State
NEW YORK,NY,10030-2921,Bad State
NEW YORK,NY,10037-1636,Bad State
NEW YORK,NY,10065-6848,Bad State
NEW YORK,NY,10102-7606,Bad State
NEW YORK,NY,10279-2503,Bad State
STATEN ISLAND,NY,10310,Bad State
BRONX,NY,10463,Bad State
BRONX,NY,10466-2230,Bad State
BRONX,NY,10467-6429,Bad State
BRONX,NY,10471-1317,Bad State
BRONX,NY,10473-1107,Bad State
ELMSFORD,NY,10523-0464,Bad State
HAWTHORNE,NY,10532-1952,Bad State
WHITE PLAINS,NY,10603-2861,Bad State
WHITE PLAINS,NY,10606-2018,Bad State
WHITE PLAINS,NY,10606-2072,Bad State
YONKERS,NY,10701-1955,Bad State
YONKERS,NY,10704,Bad State
NANUET,NY,10954-5105,Bad State
NANUET,NY,10954-5203,Bad State
SPRING VALLEY,NY,10977-1971,Bad State
SPRING VALLEY,NY,10977-5729,Bad State
GREAT NECK,NY,11021-1945,Bad State
PORT WASHINGTON,NY,11050-3503,Bad State
BROOKLYN,NY,11201-1389,Bad State
BROOKLYN,NY,11204-6518,Bad State
BROOKLYN,NY,11207-7529,Bad State
BROOKLYN,NY,11215-5954,Bad State
BROOKLYN,NY,11216-1021,Bad State
BROOKLYN,NY,11220-1577,Bad State
BROOKLYN,NY,11221-4648,Bad State
BROOKLYN,NY,11223-4905,Bad State
BROOKLYN,NY,11231-4707,Bad State
BROOKLYN,NY,11234-4617,Bad State
BROOKLYN,NY,11234-5501,Bad State
BROOKLYN,NY,11236-4407,Bad State
BROOKLYN,NY,11238-3265,Bad State
FLUSHING,NY,11354-2441,Bad State
WHITESTONE,NY,11357,Bad State
FOREST HILLS,NY,11375-4325,Bad State
CAMBRIA HEIGHTS,NY,11411-2127,Bad State
SAINT ALBANS,NY,11412-2733,Bad State
BELLEROSE,NY,11426-2117,Bad State
JAMAICA,NY,11433-1437,Bad State
NORTH BALDWIN,NY,11510-2421,Bad State
BALDWIN,NY,11510-4540,Bad State
GLEN COVE,NY,11542-3355,Bad State
LONG BEACH,NY,11561-2806,Bad State
BRIGHTWATERS,NY,11718-1725,Bad State
HOLTSVILLE,NY,11742-2610,Bad State
HUNTINGTON STATION,NY,11746-1294,Bad State
DIX HILLS,NY,11746-8025,Bad State
MELVILLE,NY,11747-1503,Bad State
JERICHO,NY,11753-1036,Bad State
PORT JEFFERSON STATION,NY,11776-3519,Bad State
SEAFORD,NY,11783-2004,Bad State
STONY BROOK,NY,11790-1112,Bad State
SYOSSET,NY,11791-2925,Bad State
WANTAGH,NY,11793-4141,Bad State
PLAINVIEW,NY,11803-2715,Bad State
BRIDGEHAMPTON,NY,11932-0970,Bad State
POUGHKEEPSIE,NY,12601,Bad State
GLENS FALLS,NY,12801-3209,Bad State
DIAMOND POINT,NY,12824-1813,Bad State
SYRACUSE,NY,13203-1004,Bad State
SYRACUSE,NY,13217-6969,Bad State
NEW HARTFORD,NY,13413-2347,Bad State
PITTSFORD,NY,14534-2965,Bad State
BADEN,PA,15005-2452,Bad State
WEXFORD,PA,15090-9594,Bad State
PITTSBURGH,PA,15212-5708,Bad State
PITTSBURGH,PA,15241-1517,Bad State
EIGHTY FOUR,PA,15330-2895,Bad State
EXPORT,PA,15632-9395,Bad State
BUTLER,PA,16002-3954,Bad State
RENFREW,PA,16053-9726,Bad State
FRYBURG,PA,16326-0101,Bad State
STATE COLLEGE,PA,16801-4317,Bad State
MECHANICSBURG,PA,17050-4100,Bad State
MECHANICSBURG,PA,17050-8221,Bad State
LANCASTER,PA,17602-5726,Bad State
JESSUP,PA,18434-1236,Bad State
SCRANTON,PA,18505-2247,Bad State
PITTSTON,PA,18640-3707,Bad State
JAMISON,PA,18929-1642,Bad State
BALA CYNWYD,PA,19004-2056,Bad State
EDGEMONT,PA,19028-1298,Bad State
LANSDOWNE,PA,19050-2310,Bad State
WAYNE,PA,19087-3869,Bad State
WAYNE,PA,19087-4235,Bad State
PHILADELPHIA,PA,19103-6701,Bad State
PHILADELPHIA,PA,19119-4126,Bad State
PHILADELPHIA,PA,19121-1826,Bad State
PHILADELPHIA,PA,19129-1602,Bad State
PHILADELPHIA,PA,19145-1810,Bad State
BLUE BELL,PA,19422-3015,Bad State
PLYMOUTH MEETING,PA,19462-1428,Bad State
VALLEY FORGE,PA,19482-0965,Bad State
WILMINGTON,DE,19801-1151,Bad State
WILMINGTON,DE,19808-1632,Bad State
WASHINGTON,DC,20001-6198,Bad State
WASHINGTON,DC,20002-7104,Bad State
WASHINGTON,DC,20003-4411,Bad State
WASHINGTON,DC,20005-4941,Bad State
WASHINGTON,DC,20005-5603,Bad State
WASHINGTON,DC,20017-0423,Bad State
WASHINGTON,DC,20018-1512,Bad State
WASHINGTON,DC,20020-7586,Bad State
WASHINGTON,DC,20024-3701,Bad State
WASHINGTON,DC,20036-2682,Bad State
CENTREVILLE,VA,20120-1272,Bad State
CENTREVILLE,VA,20121-3826,Bad State
CENTREVILLE,VA,20122-0627,Bad State
BRISTOW,VA,20136-2560,Bad State
ASHBURN,VA,20147-5115,Bad State
ASHBURN,VA,20147-6789,Bad State
ASHBURN,VA,20148-4344,Bad State
BRAMBLETON,VA,20148-4959,Bad State
ASHBURN,VA,20148-5741,Bad State
ASHBURN,VA,20148-7074,Bad State
ASHBURN,VA,20148-7342,Bad State
BRAMBLETON,VA,20148-7638,Bad State
CHANTILLY,VA,20152-2519,Bad State
CHANTILLY,VA,20152-4412,Bad State
GAINESVILLE,VA,20155-3218,Bad State
STERLING,VA,20164-5303,Bad State
HERNDON,VA,20171-2975,Bad State
HERNDON,VA,20171-4317,Bad State
DULLES,VA,20189-6260,Bad State
CALIFORNIA,MD,20619-3158,Bad State
BOWIE,MD,20715-4467,Bad State
BOWIE,MD,20721-4239,Bad State
CAPITOL HEIGHTS,MD,20743-2977,Bad State
FORT WASHINGTON,MD,20744-1146,Bad State
DISTRICT HEIGHTS,MD,20747-1500,Bad State
TEMPLE HILLS,MD,20748-2943,Bad State
UPPER MARLBORO,MD,20774-8035,Bad State
UPPER MARLBORO,MD,20774-9222,Bad State
BETHESDA,MD,20817-3548,Bad State
BETHESDA,MD,20817-6277,Bad State
BOYDS,MD,20841-4333,Bad State
ROCKVILLE,MD,20850-3052,Bad State
ROCKVILLE,MD,20852-4229,Bad State
CLARKSBURG,MD,20871-4019,Bad State
GAITHERSBURG,MD,20878-7816,Bad State
GAITHERSBURG,MD,20879-1790,Bad State
SILVER SPRING,MD,20901-5018,Bad State
SILVER SPRING,MD,20906-6711,Bad State
COLUMBIA,MD,21044-6060,Bad State
MILLERSVILLE,MD,21108-3003,Bad State
SEVERN,MD,21144-5010,Bad State
SPARKS GLENCOE,MD,21152-9423,Bad State
BALTIMORE,MD,21216-4824,Bad State
DUNDALK,MD,21222-1435,Bad State
ANNAPOLIS,MD,21401-1624,Bad State
FREDERICK,MD,21703-8512,Bad State
ELKTON,MD,21921-7658,Bad State
FAIRFAX,VA,22030-5380,Bad State
FAIRFAX,VA,22031-2435,Bad State
FALLS CHURCH,VA,22041-3566,Bad State
FALLS CHURCH,VA,22043-3412,Bad State
LORTON,VA,22079-2908,Bad State
MC LEAN,VA,22101-1531,Bad State
MC LEAN,VA,22102-4845,Bad State
MOUNT VERNON,VA,22121-0042,Bad State
VIENNA,VA,22180-6454,Bad State
VIENNA,VA,22180-6872,Bad State
VIENNA,VA,22181-6160,Bad State
ALEXANDRIA,VA,22301-2220,Bad State
ALEXANDRIA,VA,22303-1627,Bad State
ALEXANDRIA,VA,22306-2704,Bad State
ALEXANDRIA,VA,22314-3473,Bad State
ALEXANDRIA,VA,22315-4052,Bad State
FREDERICKSBURG,VA,22407-5006,Bad State
GORE,VA,22637-2633,Bad State
LURAY,VA,22835-1319,Bad State
SHENANDOAH,VA,22849-3631,Bad State
CHARLOTTESVILLE,VA,22902-5793,Bad State
CHARLOTTESVILLE,VA,22911-5655,Bad State
ASHLAND,VA,23005-6700,Bad State
GLEN ALLEN,VA,23059-5502,Bad State
GLEN ALLEN,VA,23059-7536,Bad State
GLEN ALLEN,VA,23060,Bad State
GLEN ALLEN,VA,23060-3126,Bad State
GLEN ALLEN,VA,23060-6517,Bad State
GLOUCESTER,VA,23061-3909,Bad State
GLOUCESTER POINT,VA,23062-2310,Bad State
MIDLOTHIAN,VA,23112-3460,Bad State
MIDLOTHIAN,VA,23114-5538,Bad State
POWHATAN,VA,23139-7400,Bad State
RICHMOND,VA,23221-3707,Bad State
RICHMOND,VA,23223-5851,Bad State
RICHMOND,VA,23225-1724,Bad State
NORTH CHESTERFIELD,VA,23225-5505,Bad State
CHESAPEAKE,VA,23320-1604,Bad State
SUFFOLK,VA,23434-8104,Bad State
SUFFOLK,VA,23434-8473,Bad State
SUFFOLK,VA,23435-3381,Bad State
VIRGINIA BEACH,VA,23452-5768,Bad State
VIRGINIA BEACH,VA,23453-6667,Bad State
VIRGINIA BEACH,VA,23456-4462,Bad State
VIRGINIA BEACH,VA,23462-3460,Bad State
NEWPORT NEWS,VA,23606-2679,Bad State
NEWPORT NEWS,VA,23607-2420,Bad State
YORKTOWN,VA,23692-3318,Bad State
PORTSMOUTH,VA,23702-2910,Bad State
PORTSMOUTH,VA,23707-1047,Bad State
CHESTERFIELD,VA,23838-4333,Bad State
VALENTINES,VA,23887-2321,Bad State
FARMVILLE,VA,23901-1744,Bad State
BOYDTON,VA,23917-2444,Bad State
BRACEY,VA,23919-1884,Bad State
ROANOKE,VA,24018-3234,Bad State
ROANOKE,VA,24018-7871,Bad State
ROANOKE,VA,24019-5829,Bad State
DANVILLE,VA,24541-5225,Bad State
SOUTH BOSTON,VA,24592-1624,Bad State
DUCK,WV,25063,Bad State
MARTINSBURG,WV,25401-2221,Bad State
MARTINSBURG,WV,25401-3332,Bad State
HARPERS FERRY,WV,25425-3086,Bad State
DANESE,WV,25831-7088,Bad State
MCLEAN,VA,27519,Bad State
BISHOPVILLE,SC,29010-0814,Bad State
BLYTHEWOOD,SC,29016-9450,Bad State
BLYTHEWOOD,SC,29016-9541,Bad State
ELGIN,SC,29045-1279,Bad State
IRMO,SC,29063-9071,Bad State
LEXINGTON,SC,29072-1917,Bad State
WEST COLUMBIA,SC,29169-3456,Bad State
WEST COLUMBIA,SC,29169-5406,Bad State
COLUMBIA,SC,29229-9485,Bad State
SPARTANBURG,SC,29307-3168,Bad State
CHESNEE,SC,29323-8025,Bad State
CHARLESTON,SC,29401-4501,Bad State
CHARLESTON,SC,29402-0242,Bad State
CHARLESTON,SC,29403-3429,Bad State
CHARLESTON,SC,29403-7123,Bad State
CHARLESTON,SC,29414-6943,Bad State
ISLE OF PALMS,SC,29451-2800,Bad State
KIAWAH ISLAND,SC,29455-5512,Bad State
MONCKS CORNER,SC,29461-5239,Bad State
MT PLEASANT,SC,29464-2663,Bad State
MT PLEASANT,SC,29464-4192,Bad State
MOUNT PLEASANT,SC,29465-1785,Bad State
SUMMERVILLE,SC,29483-5609,Bad State
DANIEL ISLAND,SC,29492-8279,Bad State
MYRTLE BEACH,SC,29572-8101,Bad State
MYRTLE BEACH,SC,29577-2706,Bad State
NORTH MYRTLE BEACH,SC,29582-0464,Bad State
NORTH MYRTLE BEACH,SC,29582-1703,Bad State
NORTH MYRTLE BEACH,SC,29582-1901,Bad State
GREENVILLE,SC,29601-3547,Bad State
GREENVILLE,SC,29615-3568,Bad State
GREENVILLE,SC,29616-0012,Bad State
BELTON,SC,29627-8771,Bad State
EASLEY,SC,29640-7767,Bad State
FOUNTAIN INN,SC,29644-9414,Bad State
GREER,SC,29651-4276,Bad State
GREER,SC,29651-5799,Bad State
TRAVELERS REST,SC,29690-2232,Bad State
INDIAN LAND,SC,29707-0205,Bad State
INDIAN LAND,SC,29707-2553,Bad State
LANCASTER,SC,29720-8227,Bad State
ROCK HILL,SC,29732-0099,Bad State
ROCK HILL,SC,29732-0510,Bad State
ROCK HILL,SC,29732-3858,Bad State
TRENTON,SC,29847-3605,Bad State
BEAUFORT,SC,29907-1784,Bad State
BLUFFTON,SC,29910-4817,Bad State
HILTON HEAD ISLAND,SC,29928-5223,Bad State
ALPHARETTA,GA,30004-6690,Bad State
ALPHARETTA,GA,30005-8713,Bad State
ALPHARETTA,GA,30009-7610,Bad State
ALPHARETTA,GA,30009-8804,Bad State
CONYERS,GA,30013-2989,Bad State
JOHNS CREEK,GA,30022-7900,Bad State
DECATUR,GA,30030-5301,Bad State
DECATUR,GA,30032-6031,Bad State
DECATUR,GA,30033-3701,Bad State
CUMMING,GA,30040-0663,Bad State
CUMMING,GA,30041-1637,Bad State
CUMMING,GA,30041-8512,Bad State
LAWRENCEVILLE,GA,30043-2866,Bad State
MARIETTA,GA,30062-4752,Bad State
MARIETTA,GA,30062-5812,Bad State
MARIETTA,GA,30062-7622,Bad State
ROSWELL,GA,30076-1729,Bad State
DULUTH,GA,30097-5271,Bad State
CANTON,GA,30114-7799,Bad State
FAYETTEVILLE,GA,30214-2600,Bad State
MCDONOUGH,GA,30252-6905,Bad State
PEACHTREE CITY,GA,30269-1023,Bad State
ATLANTA,GA,30306-4831,Bad State
ATLANTA,GA,30309-6816,Bad State
ATLANTA,GA,30316-2772,Bad State
ATLANTA,GA,30318-7229,Bad State
ATLANTA,GA,30320-0636,Bad State
ATLANTA,GA,30327-2886,Bad State
ATLANTA,GA,30331-2455,Bad State
DUNWOODY,GA,30338,Bad State
ATLANTA,GA,30338-3226,Bad State
ATLANTA,GA,30338-4325,Bad State
CHAMBLEE,GA,30341-8102,Bad State
CLARKESVILLE,GA,30523-5100,Bad State
GREENSBORO,GA,30642-5174,Bad State
WATKINSVILLE,GA,30677-1935,Bad State
AUGUSTA,GA,30909-6022,Bad State
BONAIRE,GA,31005-1716,Bad State
SAVANNAH,GA,31401-3668,Bad State
COLUMBUS,GA,31907-1768,Bad State
FERNANDINA BEACH,FL,32034-4472,Bad State
PONTE VEDRA,FL,32081-0941,Bad State
ST AUGUSTINE,FL,32095-9013,Bad State
PORT ORANGE,FL,32129-6007,Bad State
PALM COAST,FL,32135-2886,Bad State
PALM COAST,FL,32137-1323,Bad State
LADY LAKE,FL,32159-8575,Bad State
THE VILLAGES,FL,32159-9276,Bad State
THE VILLAGES,FL,32162,Bad State
THE VILLAGES,FL,32162-5121,Bad State
WEIRSDALE,FL,32195-3175,Bad State
JACKSONVILLE BEACH,FL,32250-8211,Bad State
TALLAHASSEE,FL,32312-9720,Bad State
NICEVILLE,FL,32578-1959,Bad State
APOPKA,FL,32712-4505,Bad State
LAKE MARY,FL,32746-2449,Bad State
SORRENTO,FL,32776-7113,Bad State
WINTER PARK,FL,32789-7202,Bad State
MELBOURNE,FL,32940-8722,Bad State
MERRITT ISLAND,FL,32952-5580,Bad State
VERO BEACH,FL,32963-2561,Bad State
VERO BEACH,FL,32963-2741,Bad State
DANIA,FL,33004-3622,Bad State
HIALEAH,FL,33016-1834,Bad State
HOMESTEAD,FL,33033-1739,Bad State
KEY WEST,FL,33040-6215,Bad State
LITTLE TORCH KEY,FL,33042-5504,Bad State
CORAL SPRINGS,FL,33065-6060,Bad State
COCONUT CREEK,FL,33066-2451,Bad State
CORAL SPRINGS,FL,33067-2004,Bad State
MIAMI,FL,33116-1859,Bad State
MIAMI,FL,33131-1607,Bad State
MIAMI,FL,33138-2241,Bad State
MIAMI BEACH,FL,33140-3011,Bad State
MIAMI BEACH,FL,33141-1713,Bad State
PINECREST,FL,33156-4057,Bad State
MIAMI,FL,33172-1840,Bad State
MIAMI,FL,33180-1926,Bad State
AVENTURA,FL,33180-3312,Bad State
MIAMI,FL,33193-5826,Bad State
FORT LAUDERDALE,FL,33305-2731,Bad State
FORT LAUDERDALE,FL,33308-7566,Bad State
WELLINGTON,FL,33414-1037,Bad State
DELRAY BEACH,FL,33446-3734,Bad State
JUPITER,FL,33458-3030,Bad State
WESLEY CHAPEL,FL,33543-7302,Bad State
APOLLO BEACH,FL,33572-2731,Bad State
VALRICO,FL,33594-5405,Bad State
TAMPA,FL,33616-1657,Bad State
TAMPA,FL,33618-4422,Bad State
TAMPA,FL,33624-1178,Bad State
TAMPA,FL,33629-7375,Bad State
TAMPA,FL,33647-1749,Bad State
SAINT PETERSBURG,FL,33713-8812,Bad State
CLEARWATER,FL,33763-2414,Bad State
FROSTPROOF,FL,33843-8371,Bad State
FORT MYERS,FL,33901-3267,Bad State
ESTERO,FL,33967-0527,Bad State
MATLACHA,FL,33993-9795,Bad State
NAPLES,FL,34105-3033,Bad State
UNIVERSITY PARK,FL,34201-2225,Bad State
BRADENTON,FL,34203-6874,Bad State
BRADENTON,FL,34211-7017,Bad State
OSPREY,FL,34229-9613,Bad State
SARASOTA,FL,34232-0302,Bad State
SARASOTA,FL,34232-1843,Bad State
SARASOTA,FL,34233-3227,Bad State
VENICE,FL,34292-4185,Bad State
VENICE,FL,34293-6213,Bad State
CRYSTAL RIVER,FL,34429-8549,Bad State
NEW PORT RICHEY,FL,34655-0084,Bad State
NEW PORT RICHEY,FL,34655-4748,Bad State
PALM HARBOR,FL,34684-1217,Bad State
PORT SAINT LUCIE,FL,34953-3563,Bad State
JENSEN BEACH,FL,34958-0125,Bad State
PORT ST LUCIE,FL,34983-2610,Bad State
BIRMINGHAM,AL,35209-0002,Bad State
NORTHPORT,AL,35473-1538,Bad State
NEW HOPE,AL,35760-8867,Bad State
PRATTVILLE,AL,36066-1100,Bad State
MONTGOMERY,AL,36111-1333,Bad State
DAPHNE,AL,36526-4038,Bad State
MOBILE,AL,36695-3835,Bad State
BRENTWOOD,TN,37027-7522,Bad State
CLARKSVILLE,TN,37042-1749,Bad State
NASHVILLE,TN,37201-1117,Bad State
NASHVILLE,TN,37201-2256,Bad State
NASHVILLE,TN,37203-2746,Bad State
NASHVILLE,TN,37207-5841,Bad State
NASHVILLE,TN,37209-4909,Bad State
CHATTANOOGA,TN,37416-1091,Bad State
CHATTANOOGA,TN,37421-5011,Bad State
JOHNSON CITY,TN,37604-2281,Bad State
ELIZABETHTON,TN,37643-3253,Bad State
GREENEVILLE,TN,37745-0592,Bad State
SEVIERVILLE,TN,37862-4719,Bad State
DYERSBURG,TN,38024-2344,Bad State
MEMPHIS,TN,38103-3607,Bad State
MEMPHIS,TN,38119-7243,Bad State
HUNTINGDON,TN,38344-2412,Bad State
BATESVILLE,MS,38606-8780,Bad State
OXFORD,MS,38655-5844,Bad State
HATTIESBURG,MS,39401-7984,Bad State
LOUISVILLE,KY,40222-5251,Bad State
LOUISVILLE,KY,40241-6162,Bad State
LEXINGTON,KY,40505-3526,Bad State
YOSEMITE,KY,42566-6313,Bad State
ELIZABETHTOWN,KY,42701-6981,Bad State
CAMPBELLSVILLE,KY,42718-6277,Bad State
PICKERINGTON,OH,43147-9741,Bad State
COLUMBUS,OH,43220-3834,Bad State
COLUMBUS,OH,43231-4106,Bad State
PERRYSBURG,OH,43551-5318,Bad State
NEWBURY,OH,44065-9515,Bad State
EASTLAKE,OH,44095-4028,Bad State
LAKEWOOD,OH,44107-1751,Bad State
CLEVELAND,OH,44122-6058,Bad State
BEACHWOOD,OH,44122-7326,Bad State
WESTLAKE,OH,44145-0629,Bad State
COVENTRY TOWNSHIP,OH,44319-2608,Bad State
NORTH CANTON,OH,44720-5446,Bad State
WEST CHESTER,OH,45069-1697,Bad State
CINCINNATI,OH,45202-5500,Bad State
TROY,OH,45373-4574,Bad State
INDIANAPOLIS,IN,46204-5179,Bad State
INDIANAPOLIS,IN,46240-3760,Bad State
INDIANAPOLIS,IN,46280-0615,Bad State
CRAWFORDSVILLE,IN,47933-9500,Bad State
TROY,MI,48084-5501,Bad State
LIVONIA,MI,48152-2223,Bad State
NEW HUDSON,MI,48165-8581,Bad State
W BLOOMFIELD,MI,48325-5005,Bad State
LAKE ORION,MI,48360-1265,Bad State
NOVI,MI,48375-3013,Bad State
SAULT SAINTE MARIE,MI,49783-8992,Bad State
ANKENY,IA,50023-7173,Bad State
JOHNSTON,IA,50131-2933,Bad State
DES MOINES,IA,50309-1363,Bad State
DES MOINES,IA,50392-0001,Bad State
CEDAR RAPIDS,IA,52402-3919,Bad State
HARTLAND,WI,53029-8555,Bad State
TREVOR,WI,53179-9440,Bad State
ALBANY,WI,53502-9733,Bad State
JANESVILLE,WI,53548-9129,Bad State
CHASKA,MN,55318-9507,Bad State
MINNETONKA,MN,55345-1123,Bad State
MAPLE PLAIN,MN,55359-9003,Bad State
PRIOR LAKE,MN,55372-1799,Bad State
LAKE GEORGE,MN,56458-4053,Bad State
SIOUX FALLS,SD,57103-7015,Bad State
FARGO,ND,58104-5691,Bad State
BILLINGS,MT,59101-6488,Bad State
BOZEMAN,MT,59715-1749,Bad State
CRYSTAL LAKE,IL,60014-4303,Bad State
DEERFIELD,IL,60015-0901,Bad State
GURNEE,IL,60031-4521,Bad State
LAKE FOREST,IL,60045-3953,Bad State
MCCULLOM LAKE,IL,60050-2480,Bad State
WILMETTE,IL,60091-1647,Bad State
BROADVIEW,IL,60155-4029,Bad State
JOLIET,IL,60435-4912,Bad State
CLARENDON HILLS,IL,60514-1595,Bad State
OAK BROOK,IL,60523-1106,Bad State
CHICAGO,IL,60608-2801,Bad State
CHICAGO,IL,60618-4505,Bad State
CHICAGO,IL,60654-6566,Bad State
MORTON,IL,61550-0227,Bad State
EFFINGHAM,IL,62401-0768,Bad State
CARLINVILLE,IL,62626-1819,Bad State
LINCOLN,IL,62656-1319,Bad State
CHESTERFIELD,MO,63017-7412,Bad State
SAINT CHARLES,MO,63303-4659,Bad State
O FALLON,MO,63368-8316,Bad State
KANSAS CITY,MO,64106-2003,Bad State
KANSAS CITY,KS,66111-1865,Bad State
OVERLAND PARK,KS,66211-1204,Bad State
OMAHA,NE,68152-2118,Bad State
NEW ORLEANS,LA,70114-1006,Bad State
NEW ORLEANS,LA,70119-5198,Bad State
NEW ORLEANS,LA,70125-4820,Bad State
NEW ORLEANS,LA,70131-3946,Bad State
EL DORADO,AR,71731-7300,Bad State
DE QUEEN,AR,71832-1094,Bad State
COLLINSVILLE,OK,74021-5100,Bad State
TULSA,OK,74133-5609,Bad State
TULSA,OK,74135-7714,Bad State
ALLEN,TX,75002-4844,Bad State
PARKER,TX,75002-5444,Bad State
ALLEN,TX,75013-4881,Bad State
FRISCO,TX,75034-5942,Bad State
FRISCO,TX,75036-1376,Bad State
GRAND PRAIRIE,TX,75052-8863,Bad State
IRVING,TX,75062-2226,Bad State
LEWISVILLE,TX,75067-3935,Bad State
PROSPER,TX,75078-1445,Bad State
ROWLETT,TX,75089-8625,Bad State
DALLAS,TX,75201-6992,Bad State
DALLAS,TX,75201-7310,Bad State
DALLAS,TX,75205-2789,Bad State
DALLAS,TX,75225-6137,Bad State
ARLINGTON,TX,76016-4462,Bad State
FORT WORTH,TX,76102-4133,Bad State
FORT WORTH,TX,76155-1412,Bad State
FORT WORTH,TX,76185-0843,Bad State
FORT WORTH,TX,76185-1149,Bad State
AUBREY,TX,76227-1131,Bad State
AUBREY,TX,76227-2109,Bad State
HOUSTON,TX,77005-2046,Bad State
HOUSTON,TX,77018-5309,Bad State
HOUSTON,TX,77027-9108,Bad State
HUMBLE,TX,77346-4251,Bad State
SPRING,TX,77379-4339,Bad State
THE WOODLANDS,TX,77381-4157,Bad State
THE WOODLANDS,TX,77381-6317,Bad State
BOLING,TX,77420-4036,Bad State
KATY,TX,77494-1065,Bad State
GALVESTON,TX,77550-4030,Bad State
LEAGUE CITY,TX,77573-4403,Bad State
PEARLAND,TX,77581-7590,Bad State
HOUSTON,TX,77903-4718,Bad State
SCHERTZ,TX,78108-2325,Bad State
NEW BRAUNFELS,TX,78132-4015,Bad State
SAN ANTONIO,TX,78216-6903,Bad State
SAN ANTONIO,TX,78260-6032,Bad State
ROUND ROCK,TX,78681-1677,Bad State
AUSTIN,TX,78702-0066,Bad State
AUSTIN,TX,78702-3524,Bad State
AUSTIN,TX,78703-2111,Bad State
AUSTIN,TX,78704-2048,Bad State
AUSTIN,TX,78729-3591,Bad State
AUSTIN,TX,78746-7301,Bad State
AUSTIN,TX,78756-2702,Bad State
AUSTIN,TX,78758-7732,Bad State
AUSTIN,TX,78759-5680,Bad State
MIDLAND,TX,79705-6364,Bad State
EL PASO,TX,79925-5952,Bad State
CASTLE ROCK,CO,80109-7713,Bad State
CENTENNIAL,CO,80111-6786,Bad State
HIGHLANDS RANCH,CO,80129-6279,Bad State
DENVER,CO,80210-4045,Bad State
DENVER,CO,80219-5576,Bad State
LAKEWOOD,CO,80226-2227,Bad State
BOULDER,CO,80303-2946,Bad State
PAONIA,CO,81428-0211,Bad State
CARBONDALE,CO,81623-8816,Bad State
MAYFLOWER MNT,UT,84032-1760,Bad State
SANDY,UT,84070-0544,Bad State
HOLLADAY,UT,84124-1746,Bad State
SALT LAKE CITY,UT,84150-9001,Bad State
CEDAR CITY,UT,84720-4000,Bad State
PHOENIX,AZ,85007-1909,Bad State
PHOENIX,AZ,85072-2085,Bad State
QUEEN CREEK,AZ,85142-3836,Bad State
MESA,AZ,85207-1071,Bad State
CHANDLER,AZ,85225-8720,Bad State
CHANDLER,AZ,85249-2900,Bad State
SCOTTSDALE,AZ,85250-7929,Bad State
GILBERT,AZ,85296-2634,Bad State
GILBERT,AZ,85298-0738,Bad State
CAVE CREEK,AZ,85331-3635,Bad State
TUCSON,AZ,85718-1593,Bad State
LAS VEGAS,NV,89106-4614,Bad State
LAS VEGAS,NV,89121-3611,Bad State
LAS VEGAS,NV,89148-4571,Bad State
LOS ANGELES,CA,90036-5311,Bad State
LOS ANGELES,CA,90045-1047,Bad State
LOS ANGELES,CA,90048-2669,Bad State
LOS ANGELES,CA,90064-1022,Bad State
LOS ANGELES,CA,90066-1018,Bad State
LOS ANGELES,CA,90067-6004,Bad State
BEVERLY HILLS,CA,90210-2265,Bad State
HAWTHORNE,CA,90250-8328,Bad State
MALIBU,CA,90265-4628,Bad State
REDONDO BEACH,CA,90277-1724,Bad State
SANTA MONICA,CA,90401-1923,Bad State
SANTA MONICA,CA,90405-2633,Bad State
SANTA MONICA,CA,90406-1220,Bad State
TORRANCE,CA,90501-1214,Bad State
SAN PEDRO,CA,90732-4336,Bad State
LONG BEACH,CA,90803-6104,Bad State
SUNLAND,CA,91040-2561,Bad State
PASADENA,CA,91116-6308,Bad State
GLENDALE,CA,91221-2046,Bad State
CALABASAS,CA,91302-1568,Bad State
THOUSAND OAKS,CA,91320-1956,Bad State
THOUSAND OAKS,CA,91320-2151,Bad State
SANTA CLARITA,CA,91321-3610,Bad State
TARZANA,CA,91335-6724,Bad State
NORTH HILLS,CA,91343-4836,Bad State
WOODLAND HILLS,CA,91367-3108,Bad State
WOODLAND HILLS,CA,91367-6309,Bad State
OAK PARK,CA,91377-5439,Bad State
STUDIO CITY,CA,91604-1663,Bad State
BALDWIN PARK,CA,91706-2515,Bad State
RANCHO CUCAMONGA,CA,91730-0631,Bad State
RANCHO CUCAMONGA,CA,91739-5965,Bad State
POMONA,CA,91767-2277,Bad State
ROSEMEAD,CA,91770-3711,Bad State
TEMPLE CITY,CA,91780-2252,Bad State
CARLSBAD,CA,92009-7714,Bad State
LA JOLLA,CA,92037-2721,Bad State
LA JOLLA,CA,92037-2862,Bad State
LA JOLLA,CA,92037-9019,Bad State
POWAY,CA,92064-5102,Bad State
SAN MARCOS,CA,92078-1047,Bad State
SAN DIEGO,CA,92116-3501,Bad State
SAN DIEGO,CA,92127-1678,Bad State
SAN DIEGO,CA,92127-4188,Bad State
SAN DIEGO,CA,92129-2207,Bad State
SAN DIEGO,CA,92130-4847,Bad State
PALM SPRINGS,CA,92264-7406,Bad State
HESPERIA,CA,92345-4301,Bad State
IRVINE,CA,92602-1828,Bad State
IRVINE,CA,92602-2419,Bad State
IRVINE,CA,92604-2255,Bad State
IRVINE,CA,92604-8616,Bad State
IRVINE,CA,92614-0917,Bad State
IRVINE,CA,92618-1375,Bad State
IRVINE,CA,92618-3937,Bad State
IRVINE,CA,92618-4834,Bad State
IRVINE,CA,92620-3552,Bad State
IRVINE,CA,92620-7303,Bad State
CAPISTRANO BEACH,CA,92624-1549,Bad State
COSTA MESA,CA,92627-1316,Bad State
LAKE FOREST,CA,92630-1813,Bad State
HUNTINGTON BEACH,CA,92646-4921,Bad State
MIDWAY CITY,CA,92655-2201,Bad State
RSM,CA,92688-0896,Bad State
SANTA ANA,CA,92705-5907,Bad State
PLACENTIA,CA,92870-2307,Bad State
EASTVALE,CA,92880-8613,Bad State
SANTA BARBARA,CA,93105-2519,Bad State
SANTA BARBARA,CA,93108-1660,Bad State
SANTA BARBARA,CA,93110-2019,Bad State
HANFORD,CA,93232-1935,Bad State
VISALIA,CA,93291-8884,Bad State
BAKERSFIELD,CA,93311-9446,Bad State
PASO ROBLES,CA,93446-4834,Bad State
TEMPLETON,CA,93465-4026,Bad State
LANCASTER,CA,93535-4983,Bad State
CLOVIS,CA,93619-7974,Bad State
MONTEREY,CA,93940-1933,Bad State
BELMONT,CA,94002-1512,Bad State
BELMONT,CA,94002-1526,Bad State
BELMONT,CA,94002-2515,Bad State
LOS ALTOS,CA,94022-1616,Bad State
MENLO PARK,CA,94025-2305,Bad State
MOUNTAIN VIEW,CA,94043-4995,Bad State
SUNNYVALE,CA,94085-4609,Bad State
SUNNYVALE,CA,94086-6546,Bad State
SUNNYVALE,CA,94086-7830,Bad State
SUNNYVALE,CA,94087-1316,Bad State
SUNNYVALE,CA,94087-2031,Bad State
SUNNYVALE,CA,94087-2066,Bad State
SUNNYVALE,CA,94087-4411,Bad State
SUNNYVALE,CA,94089-1628,Bad State
SUNNYVALE,CA,94089-1655,Bad State
SAN FRANCISCO,CA,94107-1563,Bad State
SAN FRANCISCO,CA,94107-2999,Bad State
SAN FRANCISCO,CA,94121-3358,Bad State
SAN FRANCISCO,CA,94122-4403,Bad State
PALO ALTO,CA,94306-2909,Bad State
FOSTER CITY,CA,94404-1727,Bad State
FOSTER CITY,CA,94404-1803,Bad State
FOSTER CITY,CA,94404-3814,Bad State
DANVILLE,CA,94506-1127,Bad State
FAIRFIELD,CA,94533-3235,Bad State
FREMONT,CA,94536-2507,Bad State
FREMONT,CA,94536-2810,Bad State
FREMONT,CA,94536-4084,Bad State
FREMONT,CA,94536-4631,Bad State
FREMONT,CA,94536-4820,Bad State
FREMONT,CA,94539-3914,Bad State
FREMONT,CA,94539-5104,Bad State
FREMONT,CA,94539-7731,Bad State
LIVERMORE,CA,94550-7176,Bad State
NEWARK,CA,94560-3329,Bad State
PLEASANTON,CA,94566-2119,Bad State
DUBLIN,CA,94568-4775,Bad State
SAN RAMON,CA,94582-5944,Bad State
SAN RAMON,CA,94583-1265,Bad State
SAN RAMON,CA,94583-3052,Bad State
SAN RAMON,CA,94583-4305,Bad State
UNION CITY,CA,94587-4924,Bad State
NA,CA,94588,Bad State
PLEASANTON,CA,94588-3524,Bad State
OAKLAND,CA,94607-4672,Bad State
CAMPBELL,CA,95008-7001,Bad State
CUPERTINO,CA,95014-2145,Bad State
CUPERTINO,CA,95014-4157,Bad State
MILPITAS,CA,95035-3017,Bad State
MILPITAS,CA,95035-3315,Bad State
MILPITAS,CA,95035-3927,Bad State
MILPITAS,CA,95035-4305,Bad State
MILPITAS,CA,95035-4457,Bad State
MILPITAS,CA,95035-6153,Bad State
MORGAN HILL,CA,95037-5196,Bad State
SANTA CLARA,CA,95050-3323,Bad State
SANTA CLARA,CA,95050-3472,Bad State
SANTA CLARA,CA,95050-5138,Bad State
SANTA CLARA,CA,95051-1140,Bad State
SANTA CLARA,CA,95051-1547,Bad State
SANTA CLARA,CA,95051-2122,Bad State
SANTA CLARA,CA,95051-4350,Bad State
SANTA CRUZ,CA,95060-6245,Bad State
SARATOGA,CA,95070-3216,Bad State
SARATOGA,CA,95070-3243,Bad State
SARATOGA,CA,95070-4527,Bad State
SARATOGA,CA,95070-6550,Bad State
SAN JOSE,CA,95117-3382,Bad State
SAN JOSE,CA,95119-1518,Bad State
SAN JOSE,CA,95120-2709,Bad State
SAN JOSE,CA,95121-1953,Bad State
SAN JOSE,CA,95125-1608,Bad State
SAN JOSE,CA,95128-1729,Bad State
SAN JOSE,CA,95128-2155,Bad State
SAN JOSE,CA,95129-3156,Bad State
SAN JOSE,CA,95129-4747,Bad State
SAN JOSE,CA,95131,Bad State
SAN JOSE,CA,95132-1054,Bad State
SAN JOSE,CA,95135-1139,Bad State
SAN JOSE,CA,95135-1142,Bad State
SAN JOSE,CA,95136-1951,Bad State
SAN JOSE,CA,95136-2778,Bad State
SAN JOSE,CA,95138-2110,Bad State
SAN JOSE,CA,95138-2318,Bad State
SAN JOSE,CA,95148-1427,Bad State
SAN JOSE,CA,95148-2835,Bad State
SAN JOSE,CA,95148-4336,Bad State
TRACY,CA,95377-1179,Bad State
MOUNTAIN HOUSE,CA,95391-8038,Bad State
ELK GROVE,CA,95757-4363,Bad State
EL DORADO HILLS,CA,95762-4159,Bad State
EL DORADO HILLS,CA,95762-6263,Bad State
SACRAMENTO,CA,95818-3400,Bad State
AIEA,HI,96701-2824,Bad State
HILO,HI,96720-1719,Bad State
HONOLULU,HI,96816-1224,Bad State
HONOLULU,HI,96825-1359,Bad State
PORTLAND,OR,97216-1325,Bad State
PORTLAND,OR,97229-1486,Bad State
PORTLAND,OR,97229-1895,Bad State
PORTLAND,OR,97229-8931,Bad State
COVE,OR,97824-8714,Bad State
BELLEVUE,WA,98004-1946,Bad State
BELLEVUE,WA,98004-5873,Bad State
BELLEVUE,WA,98004-8429,Bad State
BELLEVUE,WA,98006-5945,Bad State
BELLEVUE,WA,98007-4281,Bad State
BELLEVUE,WA,98008-5711,Bad State
BOTHELL,WA,98011-1821,Bad State
BOTHELL,WA,98012-6075,Bad State
KIRKLAND,WA,98034-3345,Bad State
KIRKLAND,WA,98034-7518,Bad State
MERCER ISLAND,WA,98040-3774,Bad State
REDMOND,WA,98052-1954,Bad State
REDMOND,WA,98053-5730,Bad State
RENTON,WA,98057-5420,Bad State
SEAHURST,WA,98062-0897,Bad State
SEATTLE,WA,98103-3621,Bad State
SEATTLE,WA,98112-4833,Bad State
SEATTLE,WA,98117-2424,Bad State
SEATTLE,WA,98122-6091,Bad State
SEATTLE,WA,98126-2662,Bad State
EASTSOUND,WA,98245-1438,Bad State
WAUNA,WA,98395-0682,Bad State
BRUSH PRAIRIE,WA,98606-6305,Bad State
WASHOUGAL,WA,98671-5218,Bad State
COLFAX,WA,99111-1940,Bad State
ANCHORAGE,AK,99504-3232,Bad State
ANCHORAGE,AK,99508-2231,Bad State
ANCHORAGE,AK,99511-1846,Bad State
CHUGIAK,AK,99567-6627,Bad State
ASHLAND,MA,01721-1323,Bad State
HOLBROOK,NY,11741-3001,Bad State
GLENMOORE,PA,19343-1729,Bad State
MOUNT PLEASANT,SC,29464-6257,Bad State
DAYTON,OH,45458-6111,Bad State
ARLINGTON HEIGHTS,IL,60004-6314,Bad State
BOTHELL,WA,98011-4039,Bad State
JEFFERSON,MA,01522-1525,Bad State
BLOOMFIELD,NJ,07003-4139,Bad State
IRVINGTON,NJ,07111-3511,Bad State
HOLBROOK,NY,11741-1140,Bad State
DUANESBURG,NY,12056-2701,Bad State
VALATIE,NY,12184-3805,Bad State
ASHBURN,VA,20148-1742,Bad State
PATUXENT RIVER,MD,20670-0006,Bad State
KENSINGTON,MD,20895-3316,Bad State
BURKE,VA,22015-2572,Bad State
BIG ISLAND,VA,24526-2894,Bad State
DANIEL ISLAND,SC,29492-7402,Bad State
LAFAYETTE,IN,47905-8561,Bad State
MINNETONKA,MN,55305-1638,Bad State
CHICAGO,IL,60661-3779,Bad State
EL PASO,TX,79938-2365,Bad State
FORT COLLINS,CO,80524-8358,Bad State
JACKSON,WY,83001-2869,Bad State
PRESCOTT VALLEY,AZ,86314-7650,Bad State
GLENDALE,CA,91205-4028,Bad State
CHINO HILLS,CA,91709-1773,Bad State
BREA,CA,92821-9108,Bad State
GRANBY,CT,06035-1714,Bad State
MITCHELLVILLE,MD,20721-4143,Bad State
MONUMENT,CO,80132-7172,Bad State
SAN JUAN,PR,00907-2501,Bad State
NORTHAMPTON,MA,01060-3631,Bad State
NORTHBOROUGH,MA,01532-2461,Bad State
SHREWSBURY,MA,01545-7731,Bad State
ACTON,MA,01720-3830,Bad State
HOPKINTON,MA,01748-1322,Bad State
BURLINGTON,MA,01803-1807,Bad State
WAKEFIELD,MA,01880-1571,Bad State
WESTFORD,MA,01886-4054,Bad State
FRANKLIN,MA,02038-2332,Bad State
FRANKLIN,MA,02038-4135,Bad State
NORWOOD,MA,02062-5125,Bad State
BOSTON,MA,02115-5113,Bad State
WEST ROXBURY,MA,02132-6003,Bad State
ALLSTON,MA,02134-1711,Bad State
BRIGHTON,MA,02135-3581,Bad State
CAMBRIDGE,MA,02139-3238,Bad State
SOMERVILLE,MA,02144-2624,Bad State
SOMERVILLE,MA,02144-2926,Bad State
BROCKTON,MA,02301-5607,Bad State
SOUTH EASTON,MA,02375-1929,Bad State
BROOKLINE,MA,02445-6912,Bad State
CRANSTON,RI,02920-4503,Bad State
CONCORD,NH,03301-7854,Bad State
EXETER,NH,03833-1813,Bad State
BRUNSWICK,ME,04011-1989,Bad State
STOWE,VT,05672-1423,Bad State
MERIDEN,CT,06450-8342,Bad State
NEW MILFORD,CT,06776-2259,Bad State
DANBURY,CT,06811-5224,Bad State
FAIRFIELD,CT,06824-1646,Bad State
FAIRFIELD,CT,06825-1914,Bad State
RIDGEFIELD,CT,06877-5212,Bad State
CALDWELL,NJ,07006-5007,Bad State
CLIFTON,NJ,07013-4105,Bad State
FORT LEE,NJ,07024-2537,Bad State
MAPLEWOOD,NJ,07040-3135,Bad State
WEST ORANGE,NJ,07052-3204,Bad State
SOUTH ORANGE,NJ,07079-0185,Bad State
SOUTH ORANGE,NJ,07079-1102,Bad State
SPRINGFIELD,NJ,07081-2505,Bad State
UNION,NJ,07083-4271,Bad State
NEWARK,NJ,07107-2414,Bad State
IRVINGTON,NJ,07111-1149,Bad State
JERSEY CITY,NJ,07310-2217,Bad State
OAKLAND,NJ,07436-3716,Bad State
WAYNE,NJ,07470-8442,Bad State
CRESSKILL,NJ,07626-1319,Bad State
ENGLEWOOD,NJ,07631-3682,Bad State
HILLSDALE,NJ,07642-1108,Bad State
MARLTON,NJ,08053-1944,Bad State
PRINCETON,NJ,08540-3080,Bad State
HAMILTON,NJ,08610-5233,Bad State
BRIDGEWATER,NJ,08807-5592,Bad State
DAYTON,NJ,08810-1498,Bad State
EDISON,NJ,08820-3050,Bad State
MONROE,NJ,08831-2379,Bad State
MONROE,NJ,08831-3212,Bad State
OLD BRIDGE,NJ,08857-3815,Bad State
SAYREVILLE,NJ,08872-2152,Bad State
NEW BRUNSWICK,NJ,08902-5515,Bad State
APO,AE,09250-1012,Bad State
APO,AE,09821-0024,Bad State
NEW YORK,NY,10001-5548,Bad State
NEW YORK,NY,10013-1810,Bad State
CANAL STREET,NY,10013-2700,Bad State
NEW YORK,NY,10016-3142,Bad State
NEW YORK,NY,10019-0624,Bad State
NEW YORK,NY,10019-1425,Bad State
NEW YORK,NY,10022-1296,Bad State
NEW YORK,NY,10023-4193,Bad State
NEW YORK,NY,10025-6472,Bad State
NEW YORK,NY,10031-6746,Bad State
NEW YORK,NY,10069-0126,Bad State
NEW YORK,NY,10101-2116,Bad State
BRONX,NY,10470-1914,Bad State
NEW CITY,NY,10956-4132,Bad State
THIELLS,NY,10984-1643,Bad State
ELMONT,NY,11003-1415,Bad State
NEW HYDE PARK,NY,11040-1528,Bad State
LONG ISLAND CITY,NY,11101-8922,Bad State
BROOKLYN,NY,11206-3934,Bad State
BROOKLYN,NY,11212-7855,Bad State
BROOKLYN,NY,11215-2513,Bad State
BROOKLYN,NY,11234-6320,Bad State
BROOKLYN,NY,11234-6711,Bad State
BROOKLYN,NY,11249-5785,Bad State
FLUSHING,NY,11355,Bad State
FRESH MEADOWS,NY,11365-2138,Bad State
FLUSHING,NY,11367-2532,Bad State
FLUSHING,NY,11367-3142,Bad State
CORONA,NY,11368-3004,Bad State
HOWARD BEACH,NY,11414-1207,Bad State
HOWARD BEACH,NY,11414-1531,Bad State
SOUTH OZONE PARK,NY,11420-4026,Bad State
GLEN COVE,NY,11542-1861,Bad State
MERRICK,NY,11566-2516,Bad State
MERRICK,NY,11566-5219,Bad State
VALLEY STREAM,NY,11582-1192,Bad State
WOODMERE,NY,11598-2016,Bad State
BAY SHORE,NY,11706-5026,Bad State
COMMACK,NY,11725-4305,Bad State
HOLTSVILLE,NY,11742-2546,Bad State
DIX HILLS,NY,11746-6206,Bad State
JERICHO,NY,11753-2106,Bad State
MASSAPEQUA PARK,NY,11762-3201,Bad State
RONKONKOMA,NY,11779-3326,Bad State
SAINT JAMES,NY,11780-3044,Bad State
SAYVILLE,NY,11782-2906,Bad State
TROY,NY,12180-8106,Bad State
ALBANY,NY,12205-1138,Bad State
NISKAYUNA,NY,12309-3025,Bad State
NEWBURGH,NY,12550-7012,Bad State
TONAWANDA,NY,14150-1117,Bad State
CANANDAIGUA,NY,14424-1314,Bad State
ROCHESTER,NY,14605-1350,Bad State
HAMMONDSPORT,NY,14840-7007,Bad State
WEST MIFFLIN,PA,15122-1251,Bad State
PITTSBURGH,PA,15212-5402,Bad State
PITTSBURGH,PA,15212-5807,Bad State
PITTSBURGH,PA,15219-3474,Bad State
TITUSVILLE,PA,16354-2168,Bad State
ERIE,PA,16506-7202,Bad State
SNOW SHOE,PA,16874-8706,Bad State
SELINSGROVE,PA,17870-8973,Bad State
BETHLEHEM,PA,18020-7685,Bad State
ALLENTOWN,PA,18104-1615,Bad State
CHINCHILLA,PA,18410-0464,Bad State
DOYLESTOWN,PA,18901-3207,Bad State
WASHINGTON CROSSING,PA,18977-1354,Bad State
CHESTER,PA,19013-3740,Bad State
CLIFTON HEIGHTS,PA,19018-2108,Bad State
SECANE,PA,19018-4428,Bad State
HAVERFORD,PA,19041-1812,Bad State
SHARON HILL,PA,19079-2505,Bad State
PHILADELPHIA,PA,19123-2203,Bad State
PHILADELPHIA,PA,19125-1301,Bad State
PHILADELPHIA,PA,19138-3114,Bad State
PHILADELPHIA,PA,19148-1140,Bad State
ROYERSFORD,PA,19468,Bad State
BIRDSBORO,PA,19508-9458,Bad State
DOUGLASSVILLE,PA,19518-9202,Bad State
HOCKESSIN,DE,19707-2097,Bad State
HOCKESSIN,DE,19707-9419,Bad State
MIDDLETOWN,DE,19709-9892,Bad State
NEWARK,DE,19711-2428,Bad State
NEWARK,DE,19711-2477,Bad State
NEWARK,DE,19711-3767,Bad State
WASHINGTON,DC,20001-3215,Bad State
WASHINGTON,DC,20003-4172,Bad State
WASHINGTON,DC,20007-2913,Bad State
WASHINGTON,DC,20007-4100,Bad State
WASHINGTON,DC,20012-1010,Bad State
WASHINGTON,DC,20015-1252,Bad State
WASHINGTON,DC,20016-4369,Bad State
WASHINGTON,DC,20019-1944,Bad State
WASHINGTON,DC,20037-3308,Bad State
WASHINGTON,DC,20039-0284,Bad State
ALDIE,VA,20105-2090,Bad State
ASHBURN,VA,20147-6084,Bad State
BRAMBLETON,VA,20148-6447,Bad State
ASHBURN,VA,20148-7470,Bad State
STERLING,VA,20166-2746,Bad State
HAYMARKET,VA,20169-1741,Bad State
OAK HILL,VA,20171-1825,Bad State
LEESBURG,VA,20175-5606,Bad State
RESTON,VA,20190-3811,Bad State
WALDORF,MD,20601-5409,Bad State
PRINCE FREDERICK,MD,20678-3859,Bad State
BELTSVILLE,MD,20705-6108,Bad State
LAUREL,MD,20723-2032,Bad State
DUNKIRK,MD,20754-2505,Bad State
HYATTSVILLE,MD,20781-1644,Bad State
HYATTSVILLE,MD,20785-1955,Bad State
BARNESVILLE,MD,20838-9745,Bad State
ROCKVILLE,MD,20850-5706,Bad State
ROCKVILLE,MD,20853-2366,Bad State
POTOMAC,MD,20854-3467,Bad State
DERWOOD,MD,20855-2018,Bad State
GAITHERSBURG,MD,20878-5498,Bad State
SILVER SPRING,MD,20905-6419,Bad State
ELLICOTT CITY,MD,21043-5143,Bad State
COLUMBIA,MD,21045-6653,Bad State
PERRY HALL,MD,21128-8952,Bad State
BALTIMORE,MD,21207-5446,Bad State
BALTIMORE,MD,21229-3632,Bad State
FREDERICK,MD,21701-1976,Bad State
FREDERICK,MD,21704-7636,Bad State
MIDDLETOWN,MD,21769-7941,Bad State
SYKESVILLE,MD,21784-5443,Bad State
SNOW HILL,MD,21863-4449,Bad State
BURKE,VA,22015-3541,Bad State
FAIRFAX,VA,22030-6073,Bad State
FAIRFAX,VA,22030-8227,Bad State
FALLS CHURCH,VA,22042-2303,Bad State
GREAT FALLS,VA,22066-3932,Bad State
SPRINGFIELD,VA,22152-3500,Bad State
VIENNA,VA,22181-6103,Bad State
VIENNA,VA,22182-3014,Bad State
ARLINGTON,VA,22201-1967,Bad State
ARLINGTON,VA,22201-4664,Bad State
ARLINGTON,VA,22207-1908,Bad State
STAFFORD,VA,22554-5335,Bad State
ROCKINGHAM,VA,22801-8399,Bad State
CHARLOTTESVILLE,VA,22901-1155,Bad State
CHARLOTTESVILLE,VA,22911-5769,Bad State
CHARLOTTESVILLE,VA,22911-5771,Bad State
CHARLOTTESVILLE,VA,22911-8537,Bad State
GLEN ALLEN,VA,23060-2334,Bad State
RICHMOND,VA,23226-3404,Bad State
RICHMOND,VA,23226-3791,Bad State
RICHMOND,VA,23229-7139,Bad State
RICHMOND,VA,23230-2150,Bad State
HENRICO,VA,23233-1629,Bad State
VIRGINIA BEACH,VA,23454-4009,Bad State
VIRGINIA BEACH,VA,23455-5549,Bad State
VIRGINIA BEACH,VA,23462-6725,Bad State
NORFOLK,VA,23502-4515,Bad State
HAMPTON,VA,23661-3209,Bad State
SOUTH HILL,VA,23970-5334,Bad State
ROANOKE,VA,24018-8758,Bad State
MONETA,VA,24121-2080,Bad State
PATRICK SPGS,VA,24133-3680,Bad State
LYNCHBURG,VA,24503-3138,Bad State
BEDFORD,VA,24523-3753,Bad State
MADISON HEIGHTS,VA,24572-4563,Bad State
DANIELS,WV,25832-9216,Bad State
CHAPIN,SC,29036-8771,Bad State
COLUMBIA,SC,29205-2366,Bad State
COLUMBIA,SC,29209-1009,Bad State
DUNCAN,SC,29334-9265,Bad State
WOODRUFF,SC,29388-8814,Bad State
CHARLESTON,SC,29403-4380,Bad State
CHARLESTON,SC,29403-4498,Bad State
CHARLESTON,SC,29403-4701,Bad State
FOLLY BEACH,SC,29439-0178,Bad State
MONCKS CORNER,SC,29461-9244,Bad State
MT PLEASANT,SC,29465-1793,Bad State
MOUNT PLEASANT,SC,29466-6957,Bad State
MT PLEASANT,SC,29466-7531,Bad State
DARLINGTON,SC,29532-2812,Bad State
HARTSVILLE,SC,29550-7981,Bad State
LITTLE RIVER,SC,29566-7647,Bad State
NORTH MYRTLE BEACH,SC,29582-4817,Bad State
GREENVILLE,SC,29607-1751,Bad State
GREENVILLE,SC,29609-5009,Bad State
MARIETTA,SC,29661-9424,Bad State
SIMPSONVILLE,SC,29680-6790,Bad State
CHESTERFIELD,SC,29709-1517,Bad State
FORT MILL,SC,29715-7800,Bad State
ROCK HILL,SC,29730-7730,Bad State
DECATUR,GA,30033-2325,Bad State
CUMMING,GA,30041-7994,Bad State
LILBURN,GA,30048-1332,Bad State
LOGANVILLE,GA,30052-4700,Bad State
MARIETTA,GA,30062-6697,Bad State
NORCROSS,GA,30071-2949,Bad State
SMYRNA,GA,30082-4920,Bad State
PEACHTREE CORNERS,GA,30092-2191,Bad State
NORCROSS,GA,30093-2219,Bad State
ACWORTH,GA,30102-2791,Bad State
KENNESAW,GA,30144-3776,Bad State
KENNESAW,GA,30144-4889,Bad State
ROME,GA,30161-5807,Bad State
ATLANTA,GA,30305-1915,Bad State
ATLANTA,GA,30317-1300,Bad State
BROOKHAVEN,GA,30319-2439,Bad State
ATLANTA,GA,30324-4135,Bad State
ATLANTA,GA,30329-3968,Bad State
DUNWOODY,GA,30338-5540,Bad State
BUFORD,GA,30519-4326,Bad State
CENTERVILLE,GA,31028-1339,Bad State
GRAY,GA,31032-4135,Bad State
KATHLEEN,GA,31047-2977,Bad State
MIDDLEBURG,FL,32068-4311,Bad State
PONCE INLET,FL,32127-2224,Bad State
PALM COAST,FL,32137-2206,Bad State
THE VILLAGES,FL,32162-2431,Bad State
JACKSONVILLE BEACH,FL,32250-2511,Bad State
SAINT JOHNS,FL,32259-9458,Bad State
GAINESVILLE,FL,32609-8899,Bad State
APOPKA,FL,32703-3351,Bad State
MAITLAND,FL,32751-4214,Bad State
OVIEDO,FL,32765-5100,Bad State
LONGWOOD,FL,32779-4609,Bad State
ROCKLEDGE,FL,32955-2900,Bad State
DANIA,FL,33004-3620,Bad State
POMPANO BEACH,FL,33069-0965,Bad State
CORAL SPRINGS,FL,33071-5433,Bad State
MIAMI,FL,33131-3162,Bad State
MIAMI,FL,33167-1574,Bad State
ADVENTURA,FL,33180,Bad State
AVENTURA,FL,33180-1431,Bad State
MIAMI,FL,33182-2618,Bad State
FT LAUDERDALE,FL,33316-1707,Bad State
PLANTATION,FL,33324-3722,Bad State
WESTON,FL,33326-1651,Bad State
WEST PALM BEACH,FL,33417,Bad State
BOCA RATON,FL,33428-1162,Bad State
ZEPHYRHILLS,FL,33542-2147,Bad State
LITHIA,FL,33547-5145,Bad State
TAMPA,FL,33611-3859,Bad State
TAMPA,FL,33626-4762,Bad State
TAMPA,FL,33647-3227,Bad State
ST PETERSBURG,FL,33704-2319,Bad State
LAKELAND,FL,33802-2018,Bad State
FORT MYERS,FL,33901-8810,Bad State
CAPE CORAL,FL,33904-4448,Bad State
CAPE CORAL,FL,33991-3065,Bad State
NAPLES,FL,34103-8566,Bad State
BONITA SPRINGS,FL,34135-8385,Bad State
BRADENTON,FL,34211-1714,Bad State
SARASOTA,FL,34238-2824,Bad State
VENICE,FL,34293-1946,Bad State
SAINT CLOUD,FL,34771-8969,Bad State
STUART,FL,34995,Bad State
BIRMINGHAM,AL,35242-8614,Bad State
MONTGOMERY,AL,36106-2634,Bad State
BRENTWOOD,TN,37027-8961,Bad State
CLARKSVILLE,TN,37042-5742,Bad State
MURFREESBORO,TN,37130-3962,Bad State
MURFREESBORO,TN,37130-4912,Bad State
SPRING HILL,TN,37174-3305,Bad State
NASHVILLE,TN,37201-2255,Bad State
NASHVILLE,TN,37206-2606,Bad State
CHATTANOOGA,TN,37405-1823,Bad State
CHATTANOOGA,TN,37415-5984,Bad State
ELIZABETHTON,TN,37644-1893,Bad State
KNOXVILLE,TN,37918-8181,Bad State
MEMPHIS,TN,38114-4908,Bad State
STARKVILLE,MS,39759-2770,Bad State
LOUISVILLE,KY,40206-2103,Bad State
LOUISVILLE,KY,40299-4470,Bad State
POWELL,OH,43065-3525,Bad State
WESTLAKE,OH,44145-1050,Bad State
WESTLAKE,OH,44145-2117,Bad State
OXFORD,OH,45056-1030,Bad State
INDIANAPOLIS,IN,46202-2789,Bad State
GOSHEN,IN,46526-1119,Bad State
FORT WAYNE,IN,46805-4627,Bad State
CHINA,MI,48054-1704,Bad State
TROY,MI,48085-2600,Bad State
BLOOMFIELD TOWNSHIP,MI,48302-1004,Bad State
WEST BLOOMFIELD,MI,48325-5005,Bad State
NOVI,MI,48375-3005,Bad State
LANSING,MI,48917-5803,Bad State
GAYLORD,MI,49735-9547,Bad State
DES MOINES,IA,50309-8000,Bad State
LNDACUN TWP CHANGHUA,CO,51544,Bad State
DUBUQUE,IA,52001-8607,Bad State
MILWAUKEE,WI,53202-3531,Bad State
MADISON,WI,53719-2477,Bad State
EDEN PRAIRIE,MN,55347-2061,Bad State
MINNEAPOLIS,MN,55408-1055,Bad State
BROOKLYN PARK,MN,55428-1500,Bad State
ROCHESTER,MN,55902-6357,Bad State
NORTHBROOK,IL,60062-5945,Bad State
WONDER LAKE,IL,60097-8391,Bad State
DUNDEE,IL,60118-9224,Bad State
ST CHARLES,IL,60175-7947,Bad State
CHICAGO,IL,60606-1598,Bad State
CHICAGO,IL,60607-2481,Bad State
CHICAGO,IL,60647-1402,Bad State
CHICAGO,IL,60657-4839,Bad State
CHICAGO,IL,60661-2555,Bad State
URBANA,IL,61801-4837,Bad State
URBANA,IL,61801-6381,Bad State
CHAMPAIGN,IL,61822-7416,Bad State
GREENVILLE,IL,62246-1418,Bad State
CHESTERFIELD,MO,63017-5613,Bad State
BELLEVIEW,MO,63623-6364,Bad State
WARRENSBURG,MO,64093-9518,Bad State
SHAWNEE MISSION,KS,66282-2913,Bad State
TOPEKA,KS,66610-1571,Bad State
LAFAYETTE,LA,70508-6972,Bad State
RUSTON,LA,71270-1739,Bad State
ALLEN,TX,75002-7689,Bad State
CELINA,TX,75009-4699,Bad State
PLANO,TX,75025-0888,Bad State
FRISCO,TX,75034-4600,Bad State
FRISCO,TX,75036-0170,Bad State
IRVING,TX,75039,Bad State
MCKINNEY,TX,75070-1039,Bad State
RICHARDSON,TX,75080-0038,Bad State
DUNCANVILLE,TX,75137-3633,Bad State
DALLAS,TX,75201-1819,Bad State
DALLAS,TX,75201-2195,Bad State
DALLAS,TX,75201-2442,Bad State
WOODVILLE,TX,75979-5637,Bad State
EULESS,TX,76039-5408,Bad State
FT WORTH,TX,76185-0843,Bad State
HOUSTON,TX,77041-2024,Bad State
HOUSTON,TX,77055-7310,Bad State
HOUSTON,TX,77056-4116,Bad State
HOUSTON,TX,77056-5784,Bad State
HOUSTON,TX,77094-3071,Bad State
HOUSTON,TX,77210-4018,Bad State
HOUSTON,TX,77219-0548,Bad State
SUGAR LAND,TX,77479-6151,Bad State
HELOTES,TX,78023-5112,Bad State
SCHERTZ,TX,78108-3310,Bad State
SAN ANTONIO,TX,78212-2327,Bad State
SAN ANTONIO,TX,78255-3308,Bad State
GEORGETOWN,TX,78633-2381,Bad State
LEANDER,TX,78641-4619,Bad State
LEANDER,TX,78641-5259,Bad State
LEANDER,TX,78641-5565,Bad State
ROUND ROCK,TX,78665-2927,Bad State
AUSTIN,TX,78702-4385,Bad State
WEST LAKE HILLS,TX,78746-3710,Bad State
AUSTIN,TX,78751-4621,Bad State
AUSTIN,TX,78763-5147,Bad State
EL PASO,TX,79904-2746,Bad State
LAFAYETTE,CO,80026-9342,Bad State
SUPERIOR,CO,80027-1570,Bad State
GREENWOOD VILLAGE,CO,80111-3205,Bad State
DENVER,CO,80204-2176,Bad State
DENVER,CO,80205-4375,Bad State
DENVER,CO,80205-4811,Bad State
DENVER,CO,80207-3751,Bad State
EVERGREEN,CO,80439-6261,Bad State
COLORADO SPRINGS,CO,80921-7015,Bad State
NORWOOD,CO,81423-5072,Bad State
MESA,AZ,85212-6607,Bad State
SCOTTSDALE,AZ,85255-7183,Bad State
FOUNTAIN HILLS,AZ,85268-6310,Bad State
ALBUQUERQUE,NM,87111-8162,Bad State
N LAS VEGAS,NV,89030,Bad State
LAS VEGAS,NV,89106-2706,Bad State
LAS VEGAS,NV,89121,Bad State
LAS VEGAS,NV,89135,Bad State
LAS VEGAS,NV,89138-6336,Bad State
LAS VEGAS,NV,89141-6066,Bad State
LAS VEGAS,NV,89193-3041,Bad State
CARSON CITY,NV,89705-8407,Bad State
LOS ANGELES,CA,90039-1492,Bad State
LOS ANGELES,CA,90041-1644,Bad State
LOS ANGELES,CA,90049-3631,Bad State
LOS ANGELES,CA,90049-3956,Bad State
HOLLYWOOD,CA,90068-3604,Bad State
LOS ANGELES,CA,90077-3715,Bad State
DOWNEY,CA,90241-2653,Bad State
HERMOSA BEACH,CA,90254-2047,Bad State
MALIBU,CA,90265-3434,Bad State
TORRANCE,CA,90503-4915,Bad State
NORWALK,CA,90650-3617,Bad State
NORWALK,CA,90650-5211,Bad State
BELLFLOWER,CA,90706-5414,Bad State
SEAL BEACH,CA,90740-7587,Bad State
LONG BEACH,CA,90803-2042,Bad State
SIERRA MADRE,CA,91024-1402,Bad State
GLENDALE,CA,91207-1232,Bad State
SANTA CLARITA,CA,91350-3946,Bad State
STEVENSON RANCH,CA,91381-1545,Bad State
VALENCIA,CA,91381-2108,Bad State
SHERMAN OAKS,CA,91423,Bad State
BURBANK,CA,91504-2934,Bad State
N HOLLYWOOD,CA,91602-2153,Bad State
STUDIO CITY,CA,91604-4162,Bad State
LA PUENTE,CA,91746-1006,Bad State
WEST COVINA,CA,91791-3486,Bad State
EL CAJON,CA,92020-7779,Bad State
ENCINITAS,CA,92024-7267,Bad State
OCEANSIDE,CA,92054-6123,Bad State
OCEANSIDE,CA,92056-2304,Bad State
SANTEE,CA,92071-3736,Bad State
SAN DIEGO,CA,92121-3812,Bad State
SAN DIEGO,CA,92128-2353,Bad State
SAN DIEGO,CA,92130-2180,Bad State
SAN DIEGO,CA,92131-4300,Bad State
SAN DIEGO,CA,92139-3530,Bad State
RIVERSIDE,CA,92506-5791,Bad State
IRVINE,CA,92604-4518,Bad State
IRVINE,CA,92618-2242,Bad State
IRVINE,CA,92620-6201,Bad State
NEWPORT BEACH,CA,92660-1854,Bad State
TRABUCO CANYON,CA,92679-4318,Bad State
ORANGE,CA,92865-1243,Bad State
EASTVALE,CA,92880-9110,Bad State
OJAI,CA,93023-2515,Bad State
SIMI VALLEY,CA,93063-6304,Bad State
BAKERSFIELD,CA,93311-4928,Bad State
LOS ALTOS,CA,94022-1749,Bad State
LOS ALTOS HILLS,CA,94022-3303,Bad State
LOS ALTOS,CA,94024-5934,Bad State
MOUNTAIN VIEW,CA,94040-1126,Bad State
MOUNTAIN VIEW,CA,94043-2013,Bad State
SUNNYVALE,CA,94086-8964,Bad State
SUNNYVALE,CA,94087-3543,Bad State
SAN FRANCISCO,CA,94110-1261,Bad State
SAN FRANCISCO,CA,94114-2177,Bad State
SAN FRANCISCO,CA,94115-3310,Bad State
SAN FRANCISCO,CA,94117-4475,Bad State
SAN FRANCISCO,CA,94122-4438,Bad State
SAN FRANCISCO,CA,94158-2397,Bad State
SAN FRANCISCO,CA,94159-0261,Bad State
PALO ALTO,CA,94306-4551,Bad State
ANTIOCH,CA,94531-8670,Bad State
FREMONT,CA,94538-3911,Bad State
FREMONT,CA,94538-6277,Bad State
FREMONT,CA,94539-3906,Bad State
LIVERMORE,CA,94550-7093,Bad State
CASTRO VALLEY,CA,94552-5377,Bad State
CASTRO VALLEY,CA,94552-5524,Bad State
FREMONT,CA,94555-3520,Bad State
FREMONT,CA,94555-3526,Bad State
NAPA,CA,94558-9777,Bad State
PLEASANTON,CA,94566-6054,Bad State
PLEASANTON,CA,94566-7803,Bad State
DUBLIN,CA,94568-1803,Bad State
DUBLIN,CA,94568-3501,Bad State
DUBLIN,CA,94568-7216,Bad State
DUBLIN,CA,94568-7812,Bad State
SAN RAMON,CA,94582-5393,Bad State
SAN RAMON,CA,94582-5396,Bad State
SAN RAMON,CA,94582-5630,Bad State
SAN RAMON,CA,94582-6012,Bad State
SAN RAMON,CA,94583-4103,Bad State
SAN RAMON,CA,94583-4172,Bad State
PLEASANTON,CA,94588,Bad State
VALLEJO,CA,94591-6804,Bad State
WALNUT CREEK,CA,94598-4103,Bad State
OAKLAND,CA,94609-1027,Bad State
OAKLAND,CA,94619-3024,Bad State
KENSINGTON,CA,94707-1120,Bad State
SAN RAFAEL,CA,94901-3606,Bad State
SAN RAFAEL,CA,94903-2347,Bad State
TIBURON,CA,94920-2024,Bad State
PETALUMA,CA,94952-2843,Bad State
CAMPBELL,CA,95008-4631,Bad State
CUPERTINO,CA,95014-5063,Bad State
CUPERTINO,CA,95014-7107,Bad State
LOS GATOS,CA,95030-5219,Bad State
LOS GATOS,CA,95032-1103,Bad State
LOS GATOS,CA,95032-3718,Bad State
LOS GATOS,CA,95032-4617,Bad State
MILPITAS,CA,95035-3572,Bad State
MILPITAS,CA,95035-6757,Bad State
MILPITAS,CA,95035-6843,Bad State
SANTA CLARA,CA,95050-6163,Bad State
SANTA CRUZ,CA,95062-1202,Bad State
SAN JOSE,CA,95120-3905,Bad State
SAN JOSE,CA,95121-1029,Bad State
SAN JOSE,CA,95124-6040,Bad State
SAN JOSE,CA,95125-4478,Bad State
SAN JOSE,CA,95125-5957,Bad State
SAN JOSE,CA,95132-1763,Bad State
SAN JOSE,CA,95132-3603,Bad State
SAN JOSE,CA,95136-4851,Bad State
SAN JOSE,CA,95138,Bad State
SAN JOSE,CA,95148-3458,Bad State
STOCKTON,CA,95206-5203,Bad State
COPPEROPOLIS,CA,95228-9339,Bad State
MERCED,CA,95348-9642,Bad State
MOUNTAIN HOUSE,CA,95391-1363,Bad State
SANTA ROSA,CA,95409-4101,Bad State
SANTA ROSA,CA,95409-4351,Bad State
BOONVILLE,CA,95415-0094,Bad State
SONOMA,CA,95476-6600,Bad State
FOLSOM,CA,95630-3898,Bad State
ROCKLIN,CA,95677-3254,Bad State
ROSEVILLE,CA,95747-9356,Bad State
ELK GROVE,CA,95757-1700,Bad State
ELK GROVE,CA,95759-0838,Bad State
SACRAMENTO,CA,95811-5204,Bad State
SACRAMENTO,CA,95823-7551,Bad State
SOUTH LAKE TAHOE,CA,96150-5270,Bad State
DPO,AP,96521-5094,Bad State
HALEIWA,HI,96712-1515,Bad State
MAKAWAO,HI,96768-8951,Bad State
PORTLAND,OR,97208-2537,Bad State
PORTLAND,OR,97209-1841,Bad State
BEND,OR,97707-2413,Bad State
BELLEVUE,WA,98006,Bad State
MILL CREEK,WA,98012-7812,Bad State
BOTHELL,WA,98012-9184,Bad State
EDMONDS,WA,98020-3019,Bad State
ISSAQUAH,WA,98027-8680,Bad State
KIRKLAND,WA,98033-4205,Bad State
MERCER ISLAND,WA,98040-4018,Bad State
SEATTLE,WA,98102-3649,Bad State
SEATTLE,WA,98109-5150,Bad State
SEATTLE,WA,98199-3503,Bad State
MOUNT VERNON,WA,98273-5637,Bad State
SNOHOMISH,WA,98296-8803,Bad State
PORT ORCHARD,WA,98367-8761,Bad State
EDGEWOOD,WA,98372-9289,Bad State
SPANAWAY,WA,98387-3444,Bad State
BONNEY LAKE,WA,98391-7895,Bad State
FAIR LAWN,NJ,07410-5352,Bad State
MADISON,NJ,07940-1509,Bad State
MONROE TOWNSHIP,NJ,08831-5306,Bad State
ALDIE,VA,20105-4006,Bad State
CENTREVILLE,VA,20120-3443,Bad State
DALEVILLE,VA,24083-3281,Bad State
CHARLESTON,SC,29414-8051,Bad State
FISHERS,IN,46037-0018,Bad State
OKEMOS,MI,48864-5926,Bad State
BENTONVILLE,AR,72713-6045,Bad State
FRISCO,TX,75035-0234,Bad State
SPRING,TX,77382-1469,Bad State
ROUND ROCK,TX,78681-1140,Bad State
EL CAJON,CA,92021-2548,Bad State
LOS ALTOS,CA,94024-5750,Bad State
REDWOOD CITY,CA,94061-1211,Bad State
PLEASANTON,CA,94588-5316,Bad State
SANTA CLARA,CA,95054-2955,Bad State
SAN JOSE,CA,95124-5718,Bad State
SAN JOSE,CA,95129-1009,Bad State
SEATTLE,WA,98122-3320,Bad State
LEESBURG,VA,20176-7826,Bad State
WEST COLUMBIA,SC,29170-1297,Bad State
MELBOURNE,FL,32940-8715,Bad State
MOUNTAIN BRK,AL,35213-1831,Bad State
NEW BOSTON,MI,48164-9467,Bad State
NEWAYGO,MI,49337-9250,Bad State
BISMARCK,ND,58504-3145,Bad State
DECATUR,IL,62521-9724,Bad State
ROUND ROCK,TX,78665-2243,Bad State
CARLSBAD,CA,92009-4307,Bad State
TEMECULA,CA,92591-7504,Bad State
MISSION VIEJO,CA,92692-5100,Bad State
RONKONKOMA,NY,11779-3704,Bad State
QUEENSBURY,NY,12804-8463,Bad State
THE VILLAGES,FL,32163-0817,Bad State
MIAMI,FL,33165-6226,Bad State
EASTLAKE,CO,80614-0406,Bad State
CHANDLER,AZ,85249-5656,Bad State
FREMONT,CA,94555-1979,Bad State
SAN JOSE,CA,95148-2234,Bad State
KIRKLAND,WA,98034-4400,Bad State
SAN SEBASTIAN,PR,00685-2046,Bad State
ADAMS,MA,01220-1306,Bad State
SOUTH GRAFTON,MA,01560-1219,Bad State
ANDOVER,MA,01810-6062,Bad State
FRANKLIN,MA,02038-3373,Bad State
SOMERVILLE,MA,02143-4154,Bad State
MALDEN,MA,02148-2811,Bad State
LEXINGTON,MA,02420-2611,Bad State
NASHUA,NH,03062-1053,Bad State
CAMDEN,ME,04843-1531,Bad State
DANBURY,CT,06811-4055,Bad State
LIVINGSTON,NJ,07039-1809,Bad State
LIVINGSTON,NJ,07039-2717,Bad State
MILLBURN,NJ,07041-1911,Bad State
JERSEY CITY,NJ,07307-5137,Bad State
TENAFLY,NJ,07670-2442,Bad State
BASKING RIDGE,NJ,07920-1148,Bad State
EAST HANOVER,NJ,07936-3545,Bad State
CRANBURY,NJ,08512-3400,Bad State
PRINCETON,NJ,08540-5021,Bad State
PRINCETON,NJ,08540-9591,Bad State
PRINCETON JUNCTION,NJ,08550-1705,Bad State
EDISON,NJ,08817-3543,Bad State
EDISON,NJ,08820-2244,Bad State
MONMOUTH JUNCTION,NJ,08852-2392,Bad State
PISCATAWAY,NJ,08854-3531,Bad State
NEW YORK,NY,10001-4834,Bad State
NEW YORK,NY,10002-6784,Bad State
NEW YORK,NY,10019-3953,Bad State
NEW YORK,NY,10021-5196,Bad State
NEW YORK,NY,10029-6369,Bad State
NEW YORK,NY,10036-2056,Bad State
WEST NYACK,NY,10994-1333,Bad State
GREAT NECK,NY,11021-2021,Bad State
PORT WASHINGTON,NY,11050-1503,Bad State
BROOKLYN,NY,11220-3388,Bad State
BROOKLYN,NY,11221-8112,Bad State
FRESH MEADOWS,NY,11365-2227,Bad State
ELMHURST,NY,11373-5044,Bad State
OZONE PARK,NY,11417-1303,Bad State
MINEOLA,NY,11501-1352,Bad State
ALBERTSON,NY,11507-1323,Bad State
LAWRENCE,NY,11559-1024,Bad State
MERRICK,NY,11566-1521,Bad State
HAUPPAUGE,NY,11788-1208,Bad State
SYOSSET,NY,11791-4813,Bad State
WOODBURY,NY,11797,Bad State
CLIFTON PARK,NY,12065-6708,Bad State
LATHAM,NY,12110-2005,Bad State
LATHAM,NY,12110-2316,Bad State
POUGHKEEPSIE,NY,12603-1225,Bad State
ROCHESTER,NY,14625-1741,Bad State
MARS,PA,16046-7201,Bad State
NORRISTOWN,PA,19403-1753,Bad State
PHOENIXVILLE,PA,19460-1075,Bad State
PHOENIXVILLE,PA,19460-1088,Bad State
ASHBURN,VA,20147-3776,Bad State
CHANTILLY,VA,20152-4197,Bad State
HERNDON,VA,20171-1753,Bad State
HERNDON,VA,20171-3611,Bad State
HERNDON,VA,20171-4013,Bad State
HERNDON,VA,20171-4192,Bad State
IJAMSVILLE,MD,21754-8946,Bad State
FAIRFAX,VA,22033-2583,Bad State
VIENNA,VA,22181-3009,Bad State
FRONT ROYAL,VA,22630-5302,Bad State
GLEN ALLEN,VA,23059-6992,Bad State
RICHMOND,VA,23221-1414,Bad State
NEWPORT NEWS,VA,23602-6439,Bad State
CHESTERFIELD,VA,23832-2401,Bad State
CLARKSVILLE,VA,23927-3933,Bad State
ROANOKE,VA,24018-5237,Bad State
MOUTH OF WILSON,VA,24363-3242,Bad State
COLUMBIA,SC,29223-3297,Bad State
SUMMERVILLE,SC,29485-9210,Bad State
MYRTLE BEACH,SC,29579-8514,Bad State
SURFSIDE BEACH,SC,29587-4198,Bad State
FORT MILL,SC,29715-7604,Bad State
ATLANTA,GA,30312-1927,Bad State
WARNER ROBINS,GA,31088-8167,Bad State
ST AUGUSTINE,FL,32095-9103,Bad State
JACKSONVILLE,FL,32210-9100,Bad State
EUSTIS,FL,32736-8486,Bad State
SANFORD,FL,32771-5464,Bad State
HOLLYWOOD,FL,33020-2956,Bad State
MIAMI,FL,33186-5629,Bad State
PALM BEACH GARDENS,FL,33418-3933,Bad State
BRANDON,FL,33510-4536,Bad State
TAMPA,FL,33610-7968,Bad State
SAINT PETERSBURG,FL,33704-3007,Bad State
ESTERO,FL,33928-1907,Bad State
BRADENTON,FL,34202-2700,Bad State
SARASOTA,FL,34240-7930,Bad State
PORT SAINT LUCIE,FL,34987-6918,Bad State
HERMITAGE,TN,37076-1316,Bad State
TOWNSEND,TN,37882-4132,Bad State
AVON,OH,44011-2800,Bad State
MISHAWAKA,IN,46545-6640,Bad State
NOVI,MI,48374-1014,Bad State
SUNFISH LAKE,MN,55118-4710,Bad State
PLYMOUTH,MN,55447-4850,Bad State
RAPID CITY,SD,57701-2429,Bad State
PALATINE,IL,60067-0907,Bad State
WILMETTE,IL,60091-3031,Bad State
CHESTERFIELD,MO,63017-8119,Bad State
SAINT CHARLES,MO,63303-4814,Bad State
SAINT CHARLES,MO,63304-7787,Bad State
BENTONVILLE,AR,72713-7015,Bad State
CELINA,TX,75009-3041,Bad State
PLANO,TX,75024-5509,Bad State
FRISCO,TX,75035-9321,Bad State
PROSPER,TX,75078-2657,Bad State
DALLAS,TX,75240-2676,Bad State
ARLINGTON,TX,76002-8200,Bad State
KATY,TX,77494-2636,Bad State
SAN ANTONIO,TX,78254-5867,Bad State
SAN ANTONIO,TX,78257-1720,Bad State
CEDAR PARK,TX,78613-2648,Bad State
AUSTIN,TX,78717-4179,Bad State
LAKEWAY,TX,78734-5207,Bad State
AUSTIN,TX,78757-1838,Bad State
EL PASO,TX,79936-3863,Bad State
AURORA,CO,80012-6320,Bad State
DENVER,CO,80222-3816,Bad State
ESTES PARK,CO,80517-9421,Bad State
WEST BOUNTIFUL,UT,84087-2184,Bad State
SALT LAKE CITY,UT,84116-3429,Bad State
GILBERT,AZ,85296-3447,Bad State
GARDNERVILLE,NV,89410-7088,Bad State
LYNWOOD,CA,90262-5039,Bad State
PALOS VERDES ESTATES,CA,90274-1932,Bad State
REDONDO BEACH,CA,90277-3368,Bad State
TORRANCE,CA,90505-2215,Bad State
TORRANCE,CA,90505-4352,Bad State
WEST HILLS,CA,91304-3530,Bad State
CARLSBAD,CA,92009-8468,Bad State
SAN DIEGO,CA,92103-2044,Bad State
SAN DIEGO,CA,92130-2205,Bad State
MURRIETA,CA,92563-3595,Bad State
IRVINE,CA,92603-4247,Bad State
HUNTINGTON BEACH,CA,92649-4231,Bad State
SAN JUAN CAPISTRANO,CA,92675-2748,Bad State
ANAHEIM,CA,92808-1457,Bad State
REDWOOD CITY,CA,94065-7439,Bad State
SUNNYVALE,CA,94086-6243,Bad State
SUNNYVALE,CA,94087-4537,Bad State
SAN FRANCISCO,CA,94107-1164,Bad State
SAN FRANCISCO,CA,94123-1206,Bad State
BRENTWOOD,CA,94513-5284,Bad State
PLEASANT HILL,CA,94523-4408,Bad State
FREMONT,CA,94536-1829,Bad State
FREMONT,CA,94538-1998,Bad State
FREMONT,CA,94539-4413,Bad State
FREMONT,CA,94555-3039,Bad State
NAPA,CA,94559-4257,Bad State
NEWARK,CA,94560-4885,Bad State
DUBLIN,CA,94568-6706,Bad State
SAN RAMON,CA,94582-5580,Bad State
UNION CITY,CA,94587-5628,Bad State
EMERYVILLE,CA,94608-3503,Bad State
CAMPBELL,CA,95008-3054,Bad State
CUPERTINO,CA,95014-5057,Bad State
GILROY,CA,95020-3084,Bad State
MILPITAS,CA,95035-6239,Bad State
MILPITAS,CA,95035-6717,Bad State
SANTA CLARA,CA,95051-1306,Bad State
SANTA CLARA,CA,95054-4117,Bad State
SANTA CRUZ,CA,95062-5313,Bad State
SARATOGA,CA,95070-3161,Bad State
SARATOGA,CA,95070-3340,Bad State
SAN JOSE,CA,95121-3229,Bad State
SAN JOSE,CA,95123-1347,Bad State
SAN JOSE,CA,95124-1741,Bad State
SAN JOSE,CA,95124-3324,Bad State
SAN JOSE,CA,95125-2517,Bad State
SAN JOSE,CA,95129-4266,Bad State
SAN JOSE,CA,95131-3443,Bad State
SAN JOSE,CA,95132-2481,Bad State
SAN JOSE,CA,95134-1718,Bad State
SAN JOSE,CA,95134-2253,Bad State
SAN JOSE,CA,95135-1270,Bad State
SAN JOSE,CA,95135-2355,Bad State
SAN JOSE,CA,95138-2244,Bad State
SAN JOSE,CA,95148-2631,Bad State
STOCKTON,CA,95209-4356,Bad State
MOUNTAIN HOUSE,CA,95391-1525,Bad State
MOUNTAIN HOUSE,CA,95391-8822,Bad State
AUBURN,WA,98092-8803,Bad State
SEATTLE,WA,98118-6467,Bad State
HILTON HEAD ISLAND,SC,29928-4325,Bad State
SAN JUAN,PR,00913-4517,Bad State
SPRINGFIELD,MA,01109-4301,Bad State
GROTON,MA,01450-1505,Bad State
NORTH GRAFTON,MA,01536-2109,Bad State
ACTON,MA,01720-3412,Bad State
HOPKINTON,MA,01748-1334,Bad State
NATICK,MA,01760-4159,Bad State
NATICK,MA,01760-5410,Bad State
SUDBURY,MA,01776-3398,Bad State
BURLINGTON,MA,01803-5649,Bad State
BILLERICA,MA,01821-1816,Bad State
METHUEN,MA,01844-2559,Bad State
NORTH BILLERICA,MA,01862-2147,Bad State
FRANKLIN,MA,02038-4134,Bad State
DORCHESTER CENTER,MA,02124-5724,Bad State
CHARLESTOWN,MA,02129-2005,Bad State
MEDFORD,MA,02155-6114,Bad State
QUINCY,MA,02169-6774,Bad State
STONEHAM,MA,02180-2053,Bad State
WESTON,MA,02493-1108,Bad State
NEWPORT,RI,02840-6737,Bad State
LACONIA,NH,03246-3277,Bad State
EAST WAKEFIELD,NH,03830-3187,Bad State
BRENTWOOD,NH,03833-6227,Bad State
PLAISTOW,NH,03865-2547,Bad State
CAPE NEDDICK,ME,03902-7355,Bad State
FARMINGTON,CT,06032-3409,Bad State
CLINTON,CT,06413-2423,Bad State
HAMDEN,CT,06518-2235,Bad State
STRATFORD,CT,06614-2810,Bad State
NORWALK,CT,06854-3175,Bad State
WILTON,CT,06897-1207,Bad State
BAYONNE,NJ,07002-3380,Bad State
FORT LEE,NJ,07024-4700,Bad State
HARRISON,NJ,07029-2004,Bad State
LIVINGSTON,NJ,07039-3613,Bad State
LIVINGSTON,NJ,07039-3905,Bad State
RUTHERFORD,NJ,07070-1151,Bad State
SHORT HILLS,NJ,07078-2649,Bad State
SHORT HILLS,NJ,07078-3418,Bad State
NUTLEY,NJ,07110-1627,Bad State
JERSEY CITY,NJ,07302-4866,Bad State
JERSEY CITY,NJ,07302-6101,Bad State
JERSEY CITY,NJ,07302-7008,Bad State
JERSEY CITY,NJ,07305-5500,Bad State
JERSEY CITY,NJ,07310-2007,Bad State
GLEN ROCK,NJ,07452-3706,Bad State
RINGWOOD,NJ,07456-1951,Bad State
WANAQUE,NJ,07465-1106,Bad State
WAYNE,NJ,07470-4501,Bad State
LITTLE FERRY,NJ,07643-2058,Bad State
MARLBORO,NJ,07746-1936,Bad State
MINE HILL,NJ,07803-3002,Bad State
LAKE HOPATCONG,NJ,07849-2472,Bad State
RANDOLPH,NJ,07869-3531,Bad State
BERKELEY HEIGHTS,NJ,07922-2030,Bad State
EAST HANOVER,NJ,07936-2407,Bad State
COLUMBUS,NJ,08022-2354,Bad State
BELLE MEAD,NJ,08502-5857,Bad State
RINGOES,NJ,08551-1893,Bad State
SKILLMAN,NJ,08558-2664,Bad State
ROBBINSVILLE,NJ,08691-2326,Bad State
ROBBINSVILLE,NJ,08691-4200,Bad State
NORMANDY BEACH,NJ,08739-0505,Bad State
TOMS RIVER,NJ,08753-4467,Bad State
EDISON,NJ,08817,Bad State
EDISON,NJ,08820-1814,Bad State
EDISON,NJ,08820-1930,Bad State
EDISON,NJ,08820-2937,Bad State
MONROE TOWNSHIP,NJ,08831-3730,Bad State
MONROE TOWNSHIP,NJ,08831-5335,Bad State
MONROE,NJ,08831-5348,Bad State
MONROE TOWNSHIP,NJ,08831-5736,Bad State
MONROE TOWNSHIP,NJ,08831-7180,Bad State
MONROE,NJ,08831-7718,Bad State
MONROE,NJ,08831-7944,Bad State
HILLSBOROUGH,NJ,08844-3357,Bad State
MONMOUTH JUNCTION,NJ,08852-3502,Bad State
PISCATAWAY,NJ,08854-7200,Bad State
NEW BRUNSWICK,NJ,08901-3324,Bad State
APO,AE,09180-1018,Bad State
DPO,AE,09213-0209,Bad State
NEW YORK,NY,10002-3898,Bad State
NEW YORK,NY,10003-1805,Bad State
NEW YORK,NY,10012-1909,Bad State
NEW YORK,NY,10019-2701,Bad State
NEW YORK,NY,10036-3057,Bad State
NEW YORK,NY,10040-4135,Bad State
STATEN ISLAND,NY,10312-1228,Bad State
CROTON ON HUDSON,NY,10520-2027,Bad State
IRVINGTON,NY,10533-2408,Bad State
MAMARONECK,NY,10543-7514,Bad State
WHITE PLAINS,NY,10601-1560,Bad State
YONKERS,NY,10701-2220,Bad State
YONKERS,NY,10701-5095,Bad State
NEW ROCHELLE,NY,10804-1713,Bad State
NEW ROCHELLE,NY,10804-4503,Bad State
AIRMONT,NY,10901-6409,Bad State
NANUET,NY,10954-6908,Bad State
FLORAL PARK,NY,11001-1214,Bad State
NEW HYDE PARK,NY,11040,Bad State
NEW HYDE PARK,NY,11040-4251,Bad State
PORT WASHINGTON,NY,11050-4205,Bad State
ASTORIA,NY,11102-4263,Bad State
BROOKLYN,NY,11217-5468,Bad State
BROOKLYN,NY,11218-1285,Bad State
BROOKLYN,NY,11221-2129,Bad State
COLLEGE POINT,NY,11356-2617,Bad State
WOODSIDE,NY,11377-0594,Bad State
MASPETH,NY,11378-1434,Bad State
SAINT ALBANS,NY,11412-3625,Bad State
JAMAICA,NY,11433-4117,Bad State
GARDEN CITY,NY,11530-4012,Bad State
HEMPSTEAD,NY,11550-2520,Bad State
EAST MEADOW,NY,11554-1107,Bad State
WESTBURY,NY,11590-1016,Bad State
WESTBURY,NY,11590-3442,Bad State
WESTBURY,NY,11590-6103,Bad State
BRENTWOOD,NY,11717-3201,Bad State
BRENTWOOD,NY,11717-7014,Bad State
CORAM,NY,11727-1865,Bad State
MELVILLE,NY,11747-2306,Bad State
JERICHO,NY,11753-1439,Bad State
MASSAPEQUA,NY,11758-6101,Bad State
SOUND BEACH,NY,11789-1813,Bad State
PLAINVIEW,NY,11803-4004,Bad State
OLD BETHPAGE,NY,11804-1542,Bad State
LATHAM,NY,12110-4735,Bad State
WATERVLIET,NY,12189-1626,Bad State
ALBANY,NY,12203-4925,Bad State
NISKAYUNA,NY,12309-6701,Bad State
POUGHQUAG,NY,12570-5434,Bad State
POUGHKEEPSIE,NY,12601-5603,Bad State
CALLICOON,NY,12723-5859,Bad State
SARATOGA SPRINGS,NY,12866-2437,Bad State
PLATTSBURGH,NY,12901-6745,Bad State
COOPERSTOWN,NY,13326-1023,Bad State
UNADILLA,NY,13849-2202,Bad State
CLARENCE CENTER,NY,14032-9148,Bad State
ROCHESTER,NY,14618-2783,Bad State
WELLSVILLE,NY,14895-9556,Bad State
PALMYRA,PA,17078-2938,Bad State
MOUNT WOLF,PA,17347-9587,Bad State
ALLENTOWN,PA,18104-8222,Bad State
QUAKERTOWN,PA,18951-1524,Bad State
CHESTERBROOK,PA,19087-5706,Bad State
PHILADELPHIA,PA,19118-4033,Bad State
AVONDALE,PA,19311-9336,Bad State
GLEN MILLS,PA,19342-1355,Bad State
BEAR,DE,19701-6866,Bad State
WASHINGTON,DC,20002-6310,Bad State
WASHINGTON,DC,20005-3132,Bad State
ALDIE,VA,20105-2535,Bad State
STONE RIDGE,VA,20105-4009,Bad State
ALDIE,VA,20105-5956,Bad State
MANASSAS,VA,20112-8843,Bad State
CENTREVILLE,VA,20120-1078,Bad State
ASHBURN,VA,20147-6083,Bad State
ASHBURN,VA,20147-6242,Bad State
ASHBURN,VA,20148-6617,Bad State
BRAMBLETON,VA,20148-7429,Bad State
ASHBURN,VA,20148-7484,Bad State
BRAMBLETON,VA,20148-7664,Bad State
ASHBURN,VA,20148-8015,Bad State
ASHBURN,VA,20148-8103,Bad State
CHANTILLY,VA,20152-3698,Bad State
CHANTILLY,VA,20152-4213,Bad State
OAK HILL,VA,20171-1938,Bad State
HERNDON,VA,20171-4023,Bad State
LEESBURG,VA,20176-6572,Bad State
RESTON,VA,20190-4771,Bad State
TEMPLE HILLS,MD,20748-4348,Bad State
UPPER MARLBORO,MD,20772-4033,Bad State
CHEVY CHASE,MD,20815-6105,Bad State
BETHESDA,MD,20817-2647,Bad State
ROCKVILLE,MD,20850-3535,Bad State
ROCKVILLE,MD,20852-1094,Bad State
ROCKVILLE,MD,20852-6304,Bad State
BURTONSVILLE,MD,20866-1329,Bad State
GERMANTOWN,MD,20874-6130,Bad State
GAITHERSBURG,MD,20879-3273,Bad State
ELLICOTT CITY,MD,21042-2405,Bad State
MILLERSVILLE,MD,21108-2185,Bad State
OWINGS MILLS,MD,21117-2250,Bad State
BALTIMORE,MD,21209-4602,Bad State
BALTIMORE,MD,21210-1006,Bad State
DUNDALK,MD,21222-1719,Bad State
BALTIMORE,MD,21244-1267,Bad State
TRAPPE,MD,21673-2010,Bad State
FREDERICK,MD,21702-6443,Bad State
MOUNT AIRY,MD,21771-9202,Bad State
NEW MARKET,MD,21774-6766,Bad State
FALLS CHURCH,VA,22043-1203,Bad State
WOODBRIDGE,VA,22192-5564,Bad State
ALEXANDRIA,VA,22309-2503,Bad State
ALEXANDRIA,VA,22315-3944,Bad State
FREDERICKSBURG,VA,22405-1960,Bad State
FREDERICKSBURG,VA,22405-2848,Bad State
FREDERICKSBURG,VA,22406-5446,Bad State
CROZET,VA,22932-3178,Bad State
GLEN ALLEN,VA,23059-2661,Bad State
GLEN ALLEN,VA,23059-5930,Bad State
GLEN ALLEN,VA,23059-5971,Bad State
GLEN ALLEN,VA,23059-7042,Bad State
GLEN ALLEN,VA,23060-2868,Bad State
MANAKIN SABOT,VA,23103-3221,Bad State
MECHANICSVILLE,VA,23111-1435,Bad State
MIDLOTHIAN,VA,23113-3716,Bad State
MIDLOTHIAN,VA,23113-7211,Bad State
CHESAPEAKE,VA,23322-5879,Bad State
VIRGINIA BEACH,VA,23455-4509,Bad State
VIRGINIA BEACH,VA,23455-5614,Bad State
VA BEACH,VA,23456-2556,Bad State
ROCKY MOUNT,VA,24151-6466,Bad State
LEXINGTON,VA,24450-1702,Bad State
CHARLESTON,WV,25314-1327,Bad State
HARRISVILLE,WV,26362-1302,Bad State
IRMO,SC,29063-9590,Bad State
FLORENCE,SC,29501-1974,Bad State
FLORENCE,SC,29501-8680,Bad State
LITTLE RIVER,SC,29566-9274,Bad State
GREENVILLE,SC,29601-2137,Bad State
GREENWOOD,SC,29649-8473,Bad State
FORT MILL,SC,29707-0044,Bad State
INDIAN LAND,SC,29707-7208,Bad State
TEGA CAY,SC,29708-0087,Bad State
FORT MILL,SC,29708-9403,Bad State
FORT MILL,SC,29716-0939,Bad State
JOHNS CREEK,GA,30005-7865,Bad State
CUMMING,GA,30028-4211,Bad State
CUMMING,GA,30028-6552,Bad State
DECATUR,GA,30030-2375,Bad State
CUMMING,GA,30040-6850,Bad State
LILBURN,GA,30047-6809,Bad State
LOGANVILLE,GA,30052-7269,Bad State
NORCROSS,GA,30093-6408,Bad State
DULUTH,GA,30097-7368,Bad State
MABLETON,GA,30126-8400,Bad State
LOCUST GROVE,GA,30248-0947,Bad State
LOCUST GROVE,GA,30248-7058,Bad State
ATLANTA,GA,30305-2814,Bad State
ATLANTA,GA,30309,Bad State
CORNELIA,GA,30531-8109,Bad State
THE VILLAGES,FL,32163-0619,Bad State
CRESTVIEW,FL,32536-9365,Bad State
GULF BREEZE,FL,32563-3317,Bad State
GULF BREEZE,FL,32563-9161,Bad State
SANFORD,FL,32771-0208,Bad State
ORLANDO,FL,32824-5688,Bad State
ORLANDO,FL,32825-4406,Bad State
PALM BAY,FL,32905-4446,Bad State
MELBOURNE BEACH,FL,32951-3980,Bad State
HALLANDALE BEACH,FL,33009-6493,Bad State
PEMBROKE PINES,FL,33024-6518,Bad State
HOMESTEAD,FL,33031-2362,Bad State
MIAMI,FL,33137-4673,Bad State
MIAMI BEACH,FL,33139-3766,Bad State
MIAMI,FL,33185-4839,Bad State
TAMARAC,FL,33319-6317,Bad State
WESTON,FL,33327-2336,Bad State
BOCA RATON,FL,33487-2361,Bad State
TAMPA,FL,33611-5419,Bad State
TAMPA,FL,33626-2621,Bad State
CHAMPIONS GATE,FL,33896-5570,Bad State
FORT MYERS,FL,33919-4693,Bad State
ALVA,FL,33920-4693,Bad State
FORT MYERS,FL,33966-1249,Bad State
CAPE CORAL,FL,33991-1813,Bad State
NAPLES,FL,34119-2018,Bad State
NAPLES,FL,34120-4399,Bad State
SARASOTA,FL,34238-1401,Bad State
SARASOTA,FL,34241-8580,Bad State
SPRING HILL,FL,34611-6741,Bad State
HUDSON,FL,34667-4531,Bad State
OLDSMAR,FL,34677-3614,Bad State
DUNEDIN,FL,34698-6995,Bad State
CLERMONT,FL,34711-8649,Bad State
KISSIMMEE,FL,34759-4052,Bad State
PORT ST LUCIE,FL,34986-3302,Bad State
MOUNTAIN BRK,AL,35223-2415,Bad State
BRENTWOOD,TN,37027-1408,Bad State
COLLEGE GROVE,TN,37046-1439,Bad State
FRANKLIN,TN,37064-1732,Bad State
FRANKLIN,TN,37067-6469,Bad State
NASHVILLE,TN,37209-4865,Bad State
KNOXVILLE,TN,37931-5902,Bad State
VINE GROVE,KY,40175-6244,Bad State
LEXINGTON,KY,40513-9740,Bad State
VAN LEAR,KY,41265-9044,Bad State
DELAWARE,OH,43015-6529,Bad State
DUBLIN,OH,43017-9662,Bad State
LEWIS CENTER,OH,43035-3533,Bad State
COLUMBUS,OH,43224-0696,Bad State
CLEVELAND,OH,44111-2511,Bad State
BRUNSWICK,OH,44212-2081,Bad State
KENT,OH,44240-2076,Bad State
CANFIELD,OH,44406-1532,Bad State
MANSFIELD,OH,44904-9426,Bad State
XENIA,OH,45385-1672,Bad State
SHERIDAN,IN,46069-9127,Bad State
CANTON,MI,48188-2938,Bad State
DETROIT,MI,48226-3573,Bad State
DETROIT,MI,48235-1243,Bad State
ROCHESTER,MI,48307-1615,Bad State
HIGHLAND,MI,48357-4893,Bad State
HOLLY,MI,48442-9372,Bad State
OKEMOS,MI,48864-5224,Bad State
CEDAR FALLS,IA,50613-1595,Bad State
BURLINGTON,IA,52601-8671,Bad State
BETTENDORF,IA,52722-1718,Bad State
HARTLAND,WI,53029-2307,Bad State
MEQUON,WI,53097-1113,Bad State
NEW BERLIN,WI,53151-6214,Bad State
JANESVILLE,WI,53546-4304,Bad State
MIDDLETON,WI,53562-9115,Bad State
MINNEAPOLIS,MN,55446-2603,Bad State
BLAINE,MN,55449-5511,Bad State
SAINT CLOUD,MN,56304-8552,Bad State
PIERRE,SD,57501-2476,Bad State
SPEARFISH,SD,57783-8507,Bad State
LIVINGSTON,MT,59047-9222,Bad State
HAWTHORN WOODS,IL,60047-1246,Bad State
ELMHURST,IL,60126-3571,Bad State
LAKE IN THE HILLS,IL,60156-6352,Bad State
AURORA,IL,60502-9003,Bad State
BOURBONNAIS,IL,60914-4828,Bad State
SAVOY,IL,61874-7104,Bad State
O FALLON,IL,62269-4207,Bad State
WILDWOOD,MO,63011-4907,Bad State
O FALLON,MO,63368-6645,Bad State
OVERLAND PARK,KS,66013-4401,Bad State
FORT LEAVENWORTH,KS,66027-1105,Bad State
OVERLAND PARK,KS,66221-2309,Bad State
OVERLAND PARK,KS,66221-4123,Bad State
OVERLAND PARK,KS,66221-4137,Bad State
CENTERTON,AR,72719-9516,Bad State
ALLEN,TX,75013-3354,Bad State
FRISCO,TX,75035-9438,Bad State
IRVING,TX,75063-3556,Bad State
LITTLE ELM,TX,75068-1803,Bad State
LAKEWOOD VILLAGE,TX,75068-4506,Bad State
DALLAS,TX,75219-3913,Bad State
DALLAS,TX,75234-4864,Bad State
MIDLOTHIAN,TX,76065-6027,Bad State
FORT WORTH,TX,76126-6200,Bad State
N RICHLAND HILLS,TX,76180-5387,Bad State
HOUSTON,TX,77036,Bad State
HOUSTON,TX,77044-1629,Bad State
HOUSTON,TX,77064-8821,Bad State
CONROE,TX,77385-7504,Bad State
RICHMOND,TX,77406-4745,Bad State
CYPRESS,TX,77433-3699,Bad State
CYPRESS,TX,77433-8331,Bad State
PEARLAND,TX,77584-0077,Bad State
WEBSTER,TX,77598-4421,Bad State
SAN ANTONIO,TX,78232,Bad State
SAN ANTONIO,TX,78232-1444,Bad State
SAN ANTONIO,TX,78256-1635,Bad State
MCALLEN,TX,78504-1957,Bad State
RANCHO VIEJO,TX,78575-9747,Bad State
CEDAR PARK,TX,78613-7238,Bad State
LEANDER,TX,78641-5581,Bad State
PFLUGERVILLE,TX,78660-2688,Bad State
PFLUGERVILLE,TX,78660-6876,Bad State
PFLUGERVILLE,TX,78660-6931,Bad State
PFLUGERVILLE,TX,78660-7287,Bad State
PFLUGERVILLE,TX,78660-8945,Bad State
ROUND ROCK,TX,78681-1786,Bad State
AUSTIN,TX,78705-1875,Bad State
AUSTIN,TX,78717-5243,Bad State
AUSTIN,TX,78728-1403,Bad State
AUSTIN,TX,78735-1749,Bad State
AUSTIN,TX,78738-6192,Bad State
LUBBOCK,TX,79424-2016,Bad State
EL PASO,TX,79912-8176,Bad State
AURORA,CO,80015-7502,Bad State
LAFAYETTE,CO,80026-2583,Bad State
SUPERIOR,CO,80027-6026,Bad State
DENVER,CO,80123-0675,Bad State
DENVER,CO,80210-4517,Bad State
DENVER,CO,80216-3734,Bad State
BOULDER,CO,80304-4334,Bad State
FORT COLLINS,CO,80524-3835,Bad State
MANITOU SPRINGS,CO,80829-2860,Bad State
COLORADO SPRINGS,CO,80920-8055,Bad State
LARAMIE,WY,82070-5430,Bad State
BOISE,ID,83716-5829,Bad State
PHOENIX,AZ,85050-7368,Bad State
PARADISE VALLEY,AZ,85253-5051,Bad State
GILBERT,AZ,85298-9268,Bad State
CAVE CREEK,AZ,85331-5819,Bad State
SIERRA VISTA,AZ,85650-9495,Bad State
LOS ANGELES,CA,90045-3112,Bad State
LOS ANGELES,CA,90046-3579,Bad State
WEST HOLLYWOOD,CA,90046-4912,Bad State
WEST HOLLYWOOD,CA,90069-2865,Bad State
CULVER CITY,CA,90230-4240,Bad State
RANCHO PALOS VERDES,CA,90275-5025,Bad State
SANTA MONICA,CA,90403-5704,Bad State
BUENA PARK,CA,90621-3842,Bad State
LA HABRA,CA,90631-5052,Bad State
ROSSMOOR,CA,90720-3840,Bad State
LONG BEACH,CA,90803-2840,Bad State
PASADENA,CA,91102-0483,Bad State
PASADENA,CA,91106-4025,Bad State
THOUSAND OAKS,CA,91320-6555,Bad State
PORTER RANCH,CA,91326-4626,Bad State
WOODLAND HILLS,CA,91367-3021,Bad State
STEVENSON RNH,CA,91381-1507,Bad State
STUDIO CITY,CA,91604-2025,Bad State
RANCHO CUCAMONGA,CA,91730-6396,Bad State
ALHAMBRA,CA,91801-5320,Bad State
OCEANSIDE,CA,92057-2202,Bad State
SAN MARCOS,CA,92078-1258,Bad State
SAN DIEGO,CA,92107-3563,Bad State
SAN DIEGO,CA,92128-1105,Bad State
SAN DIEGO,CA,92130-4147,Bad State
SAN DIEGO,CA,92130-5783,Bad State
SAN DIEGO,CA,92130-6956,Bad State
INDIAN WELLS,CA,92210,Bad State
REDLANDS,CA,92374,Bad State
IRVINE,CA,92606-2111,Bad State
IRVINE,CA,92612-2827,Bad State
IRVINE,CA,92614-5432,Bad State
HUNTINGTON BEACH,CA,92647-1984,Bad State
SAN JUAN CAPISTRANO,CA,92675-5123,Bad State
ANAHEIM,CA,92804-3126,Bad State
ANAHEIM,CA,92804-5504,Bad State
ANAHEIM,CA,92808-1706,Bad State
VENTURA,CA,93003,Bad State
MOORPARK,CA,93021-1273,Bad State
ORCUTT,CA,93455-5254,Bad State
BELMONT,CA,94002-2118,Bad State
BELMONT,CA,94002-2171,Bad State
DALY CITY,CA,94014-1646,Bad State
DALY CITY,CA,94014-3856,Bad State
DALY CITY,CA,94015-1424,Bad State
LOS ALTOS,CA,94024-7168,Bad State
SUNNYVALE,CA,94086-5364,Bad State
SUNNYVALE,CA,94087-1275,Bad State
SUNNYVALE,CA,94087-1391,Bad State
SUNNYVALE,CA,94087-1392,Bad State
SUNNYVALE,CA,94087-4159,Bad State
SUNNYVALE,CA,94087-5229,Bad State
SAN FRANCISCO,CA,94105-1645,Bad State
SAN FRANCISCO,CA,94122-4503,Bad State
PALO ALTO,CA,94303-4062,Bad State
PALO ALTO,CA,94306-3251,Bad State
SAN MATEO,CA,94403-3961,Bad State
FOSTER CITY,CA,94404-1359,Bad State
SAN MATEO,CA,94404-2415,Bad State
FOSTER CITY,CA,94404-2809,Bad State
DANVILLE,CA,94506-2162,Bad State
DANVILLE,CA,94506-6053,Bad State
DANVILLE,CA,94506-6234,Bad State
CONCORD,CA,94519-1829,Bad State
ANTIOCH,CA,94531-6244,Bad State
FREMONT,CA,94536-2403,Bad State
FREMONT,CA,94536-4072,Bad State
FREMONT,CA,94536-4077,Bad State
FREMONT,CA,94536-5941,Bad State
FREMONT,CA,94538-3967,Bad State
FREMONT,CA,94538-4279,Bad State
FREMONT,CA,94539-3008,Bad State
FREMONT,CA,94539-3202,Bad State
FREMONT,CA,94539-3601,Bad State
FREMONT,CA,94539-3809,Bad State
FREMONT,CA,94539-5074,Bad State
FREMONT,CA,94539-5115,Bad State
FREMONT,CA,94539-6644,Bad State
FREMONT,CA,94539-6738,Bad State
FREMONT,CA,94539-8095,Bad State
HAYWARD,CA,94542-7945,Bad State
HAYWARD,CA,94542-7949,Bad State
HAYWARD,CA,94544-7408,Bad State
HAYWARD,CA,94545-2382,Bad State
LIVERMORE,CA,94550-7387,Bad State
FREMONT,CA,94555-1542,Bad State
FREMONT,CA,94555-2800,Bad State
NEWARK,CA,94560-5351,Bad State
NEWARK,CA,94560-7328,Bad State
PLEASANTON,CA,94566-5736,Bad State
PLEASANTON,CA,94566-7843,Bad State
SAN RAMON,CA,94582-5866,Bad State
SAN RAMON,CA,94583-2952,Bad State
SAN RAMON,CA,94583-3600,Bad State
SAN RAMON,CA,94583-4466,Bad State
UNION CITY,CA,94587-5164,Bad State
UNION CITY,CA,94587-5509,Bad State
PLEASANTON,CA,94588-3098,Bad State
PLEASANTON,CA,94588-3561,Bad State
PLEASANTON,CA,94588-4414,Bad State
WALNUT CREEK,CA,94597-7934,Bad State
WALNUT CREEK,CA,94598-2931,Bad State
BERKELEY,CA,94704-1241,Bad State
BERKELEY,CA,94704-1875,Bad State
ALBANY,CA,94706-1427,Bad State
ROHNERT PARK,CA,94928-3371,Bad State
CAMPBELL,CA,95008-1248,Bad State
CAMPBELL,CA,95008-4603,Bad State
CUPERTINO,CA,95014-0131,Bad State
CUPERTINO,CA,95014-2477,Bad State
CUPERTINO,CA,95014-3864,Bad State
CUPERTINO,CA,95015-0385,Bad State
MILPITAS,CA,95035-6640,Bad State
MILPITAS,CA,95035-6881,Bad State
SANTA CLARA,CA,95050-3964,Bad State
SANTA CLARA,CA,95050-6942,Bad State
SANTA CLARA,CA,95051-5734,Bad State
SANTA CLARA,CA,95051-5901,Bad State
SANTA CLARA,CA,95054-1673,Bad State
SARATOGA,CA,95070-4649,Bad State
SARATOGA,CA,95070-5717,Bad State
SAN JOSE,CA,95118-1143,Bad State
SAN JOSE,CA,95120-1706,Bad State
SAN JOSE,CA,95123-4707,Bad State
SAN JOSE,CA,95125-4866,Bad State
SAN JOSE,CA,95127-1333,Bad State
SAN JOSE,CA,95129-3727,Bad State
SAN JOSE,CA,95132-1114,Bad State
SAN JOSE,CA,95134-3315,Bad State
SAN JOSE,CA,95135-1269,Bad State
SAN JOSE,CA,95135-2321,Bad State
SAN JOSE,CA,95135-2352,Bad State
SAN JOSE,CA,95135-2375,Bad State
SAN JOSE,CA,95136-2807,Bad State
SAN JOSE,CA,95136-4807,Bad State
SAN JOSE,CA,95138-1368,Bad State
SAN JOSE,CA,95138-1396,Bad State
SAN JOSE,CA,95138-2472,Bad State
SAN JOSE,CA,95148-3312,Bad State
SAN JOSE,CA,95148-4363,Bad State
SAN JOSE,CA,95161-2781,Bad State
TRACY,CA,95377-8137,Bad State
TRACY,CA,95377-8413,Bad State
MOUNTAIN HOUSE,CA,95391-1461,Bad State
MOUNTAIN HOUSE,CA,95391-2084,Bad State
SANTA ROSA,CA,95405-8427,Bad State
CARMICHAEL,CA,95608-6622,Bad State
FOLSOM,CA,95630-1848,Bad State
NEWCASTLE,CA,95658-9410,Bad State
ROSEVILLE,CA,95747-5953,Bad State
EL DORADO HILLS,CA,95762-6979,Bad State
SACRAMENTO,CA,95831-2730,Bad State
DPO,AP,96521-0840,Bad State
HILO,HI,96720-5000,Bad State
BEAVERTON,OR,97007-8913,Bad State
OREGON CITY,OR,97045-8984,Bad State
NORTH PLAINS,OR,97133-8180,Bad State
SALEM,OR,97317-3329,Bad State
BELLEVUE,WA,98006-4390,Bad State
BELLEVUE,WA,98007-4365,Bad State
BOTHELL,WA,98012-7795,Bad State
ISSAQUAH,WA,98029-7669,Bad State
MERCER ISLAND,WA,98040-5319,Bad State
REDMOND,WA,98052-3468,Bad State
REDMOND,WA,98052-6129,Bad State
REDMOND,WA,98052-8680,Bad State
RENTON,WA,98056-3371,Bad State
SAMMAMISH,WA,98074-6817,Bad State
SEATTLE,WA,98105-3228,Bad State
SEATTLE,WA,98108-2147,Bad State
SEATTLE,WA,98116-3915,Bad State
SEATTLE,WA,98119-4096,Bad State
BURIEN,WA,98146-2411,Bad State
TACOMA,WA,98418-1744,Bad State
PULLMAN,WA,99163-2054,Bad State
NEW YORK,NY,10022-1742,Bad State
